Geneid,Chr,Start,End,Strand,Length,ASAP186_ctrl_NP16-119_AMY_bulk,ASAP188_ctrl_NP16-293_AMY_bulk,ASAP189_ctrl_NP18-148_AMY_bulk,ASAP199_ctrl_NP19-218_AMY_bulk,ASAP200_ctrl_NP22-37_AMY_bulk,ASAP201_ctrl_NP22-75_AMY_bulk,ASAP185_PD_NP21-217_AMY_bulk,ASAP190_PD_NP21-57_AMY_bulk,ASAP191_PD_NP21-208_AMY_bulk,ASAP195_PD_NP22-55_AMY_bulk,ASAP196_PD_NP16-285_AMY_bulk,ASAP202_PD_NP19-137_AMY_bulk,ASAP204_PD_NP21-04_AMY_bulk,ASAP207_PD_NP23-21_AMY_bulk,ASAP159_ctrl_16-119_PFC_bulk,ASAP160_ctrl_NP17-216_PFC_bulk,ASAP161_ctrl_NP18-46_PFC_bulk,ASAP162_ctrl_NP18-148_PFC_bulk,ASAP165_ctrl_NP16-284_PFC_bulk,ASAP166_ctrl_NP16-293_PFC_bulk,ASAP167_ctrl_NP17-20_PFC_bulk,ASAP221_ctrl_NP19-218_PFC_bulk,ASAP223_ctrl_NP22-37_PFC_bulk,ASAP224_ctrl_NP22-75_PFC_bulk,ASAP229_ctrl_NP19-137_PFC_bulk,ASAP231_ctrl_NP23-21_PFC_bulk,ASAP156_PD_NP21-57_PFC_bulk,ASAP157_PD_NP21-208_PFC_bulk,ASAP158_PD_NP21-217_PFC_bulk,ASAP192_PD_NP22-55_PFC_bulk,ASAP227_PD_NP17-232_PFC_bulk,ASAP228_PD_NP19-91_PFC_bulk,ASAP168_ctrl_NP16-284_PUT_bulk,ASAP170_ctrl_NP17-20_PUT_bulk,ASAP172_ctrl_NP18-46_PUT_bulk,ASAP174_ctrl_NP16-119_PUT_bulk,ASAP176_ctrl_NP18-148_PUT_bulk,ASAP217_ctrl_NP19-218_PUT_bulk,ASAP218_ctrl_NP22-37_PUT_bulk,ASAP219_ctrl_NP22-75_PUT_bulk,ASAP163_PD_NP21-208_PUT_bulk,ASAP164_PD_NP21-217_PUT_bulk,ASAP173_PD_NP21-57_PUT_bulk,ASAP193_PD_NP22-55_PUT_bulk,ASAP214_PD_NP16-285_PUT_bulk,ASAP215_PD_NP17-232_PUT_bulk,ASAP216_PD_NP19-91_PUT_bulk,ASAP220_PD_NP19-137_PUT_bulk,ASAP222_PD_NP21-04_PUT_bulk,ASAP225_PD_NP23-21_PUT_bulk,ASAP175_ctrl_NP16-284_SN_bulk,ASAP180_ctrl_NP16-119_SN_bulk,ASAP181_ctrl_NP16-293_SN_bulk,ASAP184_ctrl_NP18-148_SN_bulk,ASAP203_ctrl_NP19-218_SN_bulk,ASAP206_ctrl_NP22-75_SN_bulk,ASAP177_PD_NP21-57_SN_bulk,ASAP178_PD_NP21-208_SN_bulk,ASAP179_PD_NP21-217_SN_bulk,ASAP194_PD_NP22-55_SN_bulk,ASAP208_PD_NP16-285_SN_bulk,ASAP209_PD_NP17-232_SN_bulk,ASAP211_PD_NP19-137_SN_bulk,ASAP212_PD_NP21-04_SN_bulk
L1HS_dup1005,chrX,64013268,64019286,-,6019,0,0,3.48007177247808,4.56885657815745,13.6626869087669,18.9879226823326,0,14.3725041476363,4.1127042491265,7.9703943919221,0,0,105.03559759936,2.1162382862062,8.44236205907105,9.63207121380172,0,2.62561751673791,4.06268292768292,0,0,0,8.38257964510692,10.4573340333854,0,3.94227264901322,8.39904247200854,18.3914098676814,0,1.36407928194394,1.42743491690468,1.03646419458891,0,0,8.7561278791426,2.22121182246141,2.22690099685672,4.40179517087027,3.3005137380482,12.5377707806631,11.5656794151475,6.05534725458256,1.61867124196818,0.840917927171986,0,1.36867170142287,0.667984063122335,0.603164828535336,5.65836271240814,0,31.087019507922,10.0131791873624,28.5863314339915,2.68459490372502,0,3.04339083513333,27.7552781225519,0,10.6435113034973,1.17492042881657,1.08139596705969,1.7100661823289,0.378098850903815,60.6318254632781
L1HS_dup1014,chrX,66180697,66186728,-,6032,3.74944212632574,0,6.96014354495616,11.7484883438335,16.6988395551596,25.3172302431102,29.0688557706242,15.128951734354,6.16905637368975,26.1884387163155,68.5289958201259,19.0179703958406,0,28.5692168637837,29.0206195780567,0,71.862234586957,8.31445546967005,2.03134146384146,106.457398171186,0,23.1861139750124,35.2068345094491,29.0986686146375,26.1722546981024,32.8522720751101,27.0635812986942,19.0482459343843,8.02721292695118,9.54855497360761,19.9840888366655,17.101659210717,49.7298326176692,58.7962831414679,0,33.3181773369211,35.3122872358709,23.3990164346262,36.7771530811085,15.3239420652549,28.9141985378688,28.2582871880519,51.3928119324897,21.8638661064716,25.2911421844654,83.4889737867949,61.788525838816,25.3329227984841,1.88612090413605,289.56882039737,12.9529247949675,13.7681213826233,0,4.69804108151878,6.7876939076064,40.7053524199083,11.8951191953794,12.7640195635116,24.8348597081603,0,44.8779326329772,39.3315221935646,7.18387816717249,2.12743247239572
L1HS_dup1019,chrX,73106143,73112170,+,6028,0,18.0668824152538,9.28019139327488,0,78.939968806209,0.791163445097193,0,14.3725041476363,19.5353451833509,2.27725554054917,0,1.40873854784004,0,4.2324765724124,3.69353340084359,0,0,7.87685255021373,0,2.66143495427964,0,13.2135918352221,11.7356115031497,1.81866678841485,0,1.31409088300441,22.3974465920228,14.4503934674639,7.64496469233446,0,9.99204441833276,15.0287308215392,9.94596652353384,0,4.3780639395713,26.6545418695369,15.9064356918337,18.9972212637559,16.9740706528193,2.08962846344386,39.6537579947915,33.304409900204,14.1633733672216,24.3866198879876,2.10759518203878,0,10.6877450099574,3.61898897121201,0,0,0,0,3.17625904822128,0,0,3.423814689525,0.793007946358625,24.1604656023612,0,8.22444300171598,0.540697983529845,0,0,0
L1HS_dup1020,chrX,73380992,73387013,+,6022,13.1230474421401,0,8.12016746911552,5.22155037503709,1.51807632319633,7.91163445097193,9.68961859020805,3.02579034687081,0,0,0,9.15680056096027,2.91765548887111,1.0581191431031,3.69353340084359,3.85282848552069,0.971111278202122,1.75041167782527,0,0,0,15.4574093166749,21.794707077278,1.81866678841485,1.96291910235768,33.5093175166123,4.66613470667141,15.1072295341668,0.382248234616723,1.36407928194394,21.4115237535702,4.14585677835565,0,1.4699070785367,0,8.88484728984563,15.5883069779971,0.695020290137411,1.41450588773494,2.08962846344386,4.95671974934894,3.02767362729128,8.90269183082498,0.840917927171986,2.81012690938505,13.6867170142287,30.3932748720662,4.22215379974735,1.88612090413605,3.30935794739852,0,2.5032947968406,19.0575542893277,4.02689235558753,0,12.9344110493167,0.793007946358625,0,0.886959275291439,1.17492042881657,0.540697983529845,6.84026472931559,7.18387816717249,0
L1HS_dup1077,chrX,130517378,130523407,+,6030,3.74944212632574,0,3.48007177247808,6.52693796879636,1.51807632319633,24.526066798013,9.68961859020805,18.9111896679426,5.14088031140813,0,0,0.70436927392002,0,0,1.05529525738388,0,0,0.437602919456318,12.1880487830488,2.66143495427964,37.7358644268992,0,5.02954778706415,0,0.65430636745256,11.1697725055374,6.53258858933998,10.5093770672465,0,6.82039640971972,0,7.77348145941683,0,8.81944247122018,0,4.44242364492281,1.90877228302005,6.4868560412825,21.2175883160241,6.26888539033157,4.13059979112411,0,2.83267467344431,1.68183585434397,4.91772209142383,2.0530075521343,1.66996015780584,5.42848345681802,16.9750881372244,0,7.7717548769805,11.2648265857827,0,2.01344617779376,0,3.04339083513333,11.8951191953794,27.3514704932391,0,0,18.3837314400147,0,0,0
L1HS_dup1104,chrX,155516017,155522048,-,6032,0,10.8401294491523,12.760263165753,0,19.7349922015522,3.16465378038877,1.93792371804161,6.80802828045932,5.14088031140813,7.9703943919221,0,9.15680056096027,23.3412439109689,11.6393105741341,8.44236205907105,7.70565697104138,10.6822240602233,2.18801459728159,52.8148780598779,0,53.9083777527132,0,16.7651592902138,6.36533375945196,7.19737004197816,0.657045441502203,1.86645388266857,3.94101640021744,8.40946116156791,8.18447569166366,11.4194793352374,7.77348145941683,13.2612886980451,0,10.2154825256664,9.99545320107633,10.4982475566103,0.695020290137411,13.6735569147711,0,4.95671974934894,1.51383681364564,2.83267467344431,2.52275378151596,17.5632931836565,20.530075521343,0.667984063122335,5.42848345681802,5.65836271240814,0,7.7717548769805,6.25823699210149,0,0,0,3.423814689525,2.37902383907587,2.27928920776993,4.4347963764572,0,15.6802415223655,0,1.89049425451908,7.44601365338502
L1HS_dup111,chr1,209913772,209919823,-,6052,18.7472106316287,32.5203883474568,3.48007177247808,11.7484883438335,95.6388083613686,40.3493356999569,1.93792371804161,1.5128951734354,1.02817606228163,6.83176662164751,0,2.11310782176006,0,12.6974297172372,8.44236205907105,0,0,2.62561751673791,22.344756102256,7.98430486283893,0,1.99450442795805,18.4416752192352,6.36533375945196,30.7523992702703,53.2206807616784,6.53258858933998,6.56836066702906,8.79170939618463,17.7330306652713,17.1292190028562,29.0209974484895,82.883054362782,20.5786990995138,1.45935464652377,15.5484827572298,12.0888911257936,7.18187633141991,26.8756118669639,6.96542821147952,4.95671974934894,21.1937153910389,4.04667810492045,17.6592764706117,4.91772209142383,11.6337094620944,3.00592828405051,8.4443075994947,11.3167254248163,0,5.181169917987,6.25823699210149,3.17625904822128,0,0,14.0756826124917,0,0.911715683107972,0,0,12.9767516047163,1.7100661823289,0,72.3327040614545
L1HS_dup1182,chr10,98782942,98788971,-,6030,0,0,4.64009569663744,0,1.51807632319633,7.91163445097193,9.68961859020805,0,2.05635212456325,0,0,28.1747709568008,0,49.7315997258457,5.80412391561135,11.5584854565621,8.74000150381909,1.75041167782527,0,252.836320656566,8.08625666290697,0.249313053494757,10.0590955741283,0.454666697103712,14.3947400839563,5.91340897351982,1.86645388266857,5.25468853362325,0.764496469233446,30.0097442027668,32.8310030888077,18.1381234053059,23.207255221579,24.9884203351238,35.0245115165704,3.33181773369211,27.359069389954,14.132079232794,33.4766393430603,0.696542821147952,5.78283970757376,1.00922454243043,14.5680411777136,5.8864254902039,11.9430393648864,24.6360906256116,25.0494023670876,4.82531862828269,5.65836271240814,44.67633228988,106.213983318733,5.00658959368119,19.0575542893277,4.02689235558753,0,0.380423854391666,76.128762850428,25.5280391270232,22.173981882286,18.7987268610651,49.2035165012159,10.2603970939734,9.07437242169156,1.06371623619786
L1HS_dup124,chr1,237075265,237081293,+,6029,215.59292226373,122.854800423726,118.322440264255,5.22155037503709,523.736331502733,117.092189874385,325.571184630991,92.2866055795597,21.5916973079141,184.457698784483,220.271772278976,217.650105641286,142.965118954685,339.656244936095,361.966273282671,13.4848996993224,73.8044571433612,43.3226890261755,156.413292715792,524.30268599309,83.5579855167054,37.1476449707188,211.241007056694,35.0093356769858,276.11728706498,168.860678466066,90.5230133094254,44.0080164690947,142.196343277421,85.9369947624685,182.711669363799,137.849737880325,305.009640055038,139.641172460986,49.6180579818081,332.07116745798,245.595367081913,40.3111768279698,400.776668191567,22.2893702767345,103.264994778103,245.241563810593,231.46998760145,201.820302521277,242.37344593446,416.760533083263,94.8537369633715,324.502677752011,373.451939018937,137.338354817038,2.5905849589935,6.25823699210149,0,1.34229745186251,6.7876939076064,11.0322917773583,11.8951191953794,27.3514704932391,3.54783710116576,27.0231698627811,15.1395435388357,6.84026472931559,1.89049425451908,30.847770849738
L1HS_dup1243,chr11,87340032,87346061,-,6030,3.74944212632574,0,2.32004784831872,0.652693796879636,1.51807632319633,3.16465378038877,0,0.756447586717702,0,1.13862777027459,4.89492827286613,7.74806201312023,0,2.1162382862062,12.1358954599146,0,0.971111278202122,2.18801459728159,0,2.66143495427964,0,3.4903827489266,0,1.36400009131113,4.58014457216792,0.657045441502203,0,1.97050820010872,0,0,4.28230475071404,2.07292838917782,26.5225773960902,42.6273052775642,2.91870929304753,2.22121182246141,2.22690099685672,5.79183575114509,7.07252943867471,2.08962846344386,4.13059979112411,0,12.5447021252534,0,9.83544418284766,2.73734340284574,1.0019760946835,1.80949448560601,0,0,0,16.2714161794639,22.233813337549,0.671148725931255,0,2.66296698074166,0.793007946358625,0.911715683107972,0,0,1.08139596705969,0,1.13429655271145,0
L1HS_dup1284,chr12,51562632,51568657,-,6026,13.1230474421401,0,5.8001196207968,7.83232556255563,0,0,0,0.756447586717702,6.16905637368975,3.41588331082376,0,9.86116983488029,0,0,8.44236205907105,0,28.1622270678615,0,0,0,0,2.99175664193708,0,0.454666697103712,39.2583820471536,0.657045441502203,16.7980849440171,3.28418033351453,2.29348940770034,0,0,15.0287308215392,0,1.4699070785367,4.3780639395713,0,3.49941585220342,0,4.24351766320482,4.87579974803566,0,4.54151044093692,14.1633733672216,2.52275378151596,17.5632931836565,1.36867170142287,0,0.603164828535336,7.54448361654419,0,0,0,0,1.34229745186251,0,19.401616573975,0,0.911715683107972,0,1.17492042881657,0,0,3.40288965813434,0
L1HS_dup1286,chr12,55096257,55102283,-,6027,170.599616747821,79.4942826271167,4.64009569663744,18.9281201095095,0,0,0,2.26934276015311,6.16905637368975,21.6339276352171,269.221055007637,0,2.91765548887111,0,0,13.4848996993224,0.971111278202122,7.00164671130109,0,0,40.4312833145349,5.98351328387416,41.9128982255346,0,0,0.657045441502203,2.79968082400285,0.656836066702906,6.49821998848429,30.0097442027668,8.56460950142808,1.55469629188337,53.0451547921805,1.4699070785367,49.6180579818081,3.33181773369211,10.1801188427736,2.31673430045803,18.3885765405542,2.08962846344386,2.47835987467447,3.02767362729128,12.1400343147613,1.68183585434397,51.2848160962771,25.3204264763231,9.35177688371269,8.4443075994947,16.9750881372244,1.65467897369926,7.7717548769805,56.3241329289134,63.5251809644256,1.34229745186251,0,17.4994973020167,0,0,0,0,1.62209395058954,6.84026472931559,2.64669195632671,2.12743247239572
L1HS_dup1295,chr12,69773411,69779441,-,6031,0,0,0,1.30538759375927,3.03615264639265,0,0,0,0,0,0,0,0,0,0,0,0.971111278202122,0,0,0,40.4312833145349,0.249313053494757,11.7356115031497,9.09333394207423,0,0.657045441502203,0,0.656836066702906,0,0,0,1.03646419458891,49.7298326176692,13.2291637068303,13.1341918187139,5.55302955615352,1.2725148553467,0.695020290137411,0,0.696542821147952,2.47835987467447,5.55073498336734,0,0,7.02531727346261,0,0.333992031561167,6.03164828535336,20.7473299454965,0,0,0,0,0,0,1.141271563175,0,0,0.886959275291439,0,1.08139596705969,0,0,0
L1HS_dup1324,chr13,31302315,31308370,+,6056,33.7449791369317,32.5203883474568,49.8810287388525,0,743.8573983662,15.0321054568467,38.7584743608322,2.26934276015311,5.14088031140813,76.2880606083972,562.916751379605,58.4626497353617,326.777414753565,73.010220874114,40.6288674092795,25.0433851558845,121.388909775265,18.3793226171654,158.444634179634,13.3071747713982,64.6900533032558,41.1366538266349,244.771325637122,10.9120007304891,74.5909258895918,60.4481806182027,13.06517717868,16.4209016675726,14.1431846808188,65.4758055333093,45.6779173409498,27.4663011566061,527.136225747294,123.472194597083,78.8051509122834,112.171197034301,204.556762996982,101.936309220154,593.149468923519,6.96542821147952,73.5246762820092,139.272986855399,50.1788085010135,128.660442857314,527.601327237042,221.040479779793,39.0770676926566,300.376084610597,741.245515325466,284.604783476272,5.181169917987,16.2714161794639,0,2.01344617779376,0,1.52169541756667,0.793007946358625,0.455857841553986,19.5131040564117,5.87460214408284,15.6802415223655,41.0415883758935,12.4772620798259,272.311356466652
L1HS_dup1330,chr13,48465556,48471566,+,6011,0,0,6.96014354495616,7.179631765676,0,15.0321054568467,23.2550846164993,20.424084841378,6.16905637368975,30.7429497974138,0,38.7403100656011,0,33.8598125792992,11.0806002025308,82.8358124386948,33.9888947370743,52.0747474153019,14.2193902468902,0,18.8679322134496,4.98626106989514,15.0886433611925,4.54666697103712,79.1710704617597,22.9965904525771,17.7313118853514,26.2734426681162,19.4946599654529,13.6407928194394,25.6938285042843,7.77348145941683,119.351598282406,157.280057403427,21.8903196978565,27.7651477807676,18.7695941163638,12.5103652224734,13.6735569147711,18.8066561709947,46.2627176605901,17.1568172213172,8.49802402033294,21.8638661064716,12.6455710922327,32.1637849834374,16.3656095464972,17.4917800275247,16.9750881372244,0,51.81169917987,28.7878901636669,57.172662867983,14.7652719704876,0,3.04339083513333,42.0294211570071,39.6596322151968,6.20871492704007,23.4984085763314,21.087221357664,22.2308603702757,20.7954367997098,2.12743247239572
L1HS_dup1339,chr13,74426327,74432354,+,6028,20.6219316947916,3.61337648305076,12.760263165753,3.26346898439818,0,7.91163445097193,0,16.6418469077894,0,2.27725554054917,4.89492827286613,14.7917547523204,0,2.1162382862062,6.33177154430329,32.7490421269258,24.277781955053,10.0648671474953,32.5014634214633,0,43.1267022021705,0.249313053494757,1.67651592902138,6.36533375945196,38.604075679701,0,31.7297160053656,5.91152460032615,10.7029505692682,2.72815856388789,4.28230475071404,12.4375703350669,26.5225773960902,45.5671194346376,0,9.99545320107633,34.6760298081975,4.40179517087027,14.6165608399277,4.87579974803566,16.5223991644965,10.5968576955195,14.9727089882057,10.0910151260638,46.3670940048533,2.73734340284574,19.7055298621089,33.7772303979788,0,1.65467897369926,10.362339835974,0,0,4.02689235558753,0,0.380423854391666,15.0671509808139,21.8811763945913,13.3043891293716,0,0.540697983529845,0,12.8553609307297,1.06371623619786
L1HS_dup1342,chr13,76612824,76618851,-,6028,20.6219316947916,86.7210355932182,11.6002392415936,0.652693796879636,66.7953582206384,50.6344604862204,3.87584743608322,5.29513310702392,3.08452818684488,86.5357105408685,39.1594261829291,26.0616631350408,355.953969642276,7.40683400172171,1.05529525738388,0,0.971111278202122,5.25123503347582,0,0,2.69541888763566,1.7451913744633,16.7651592902138,2.72800018262227,9.8145955117884,45.9931809051542,2.79968082400285,2.62734426681162,12.9964399769686,6.82039640971972,4.28230475071404,0,3.31532217451128,5.87962831414679,0,2.22121182246141,0.954386141510024,0,5.65802355093977,4.87579974803566,0,1.51383681364564,0,0.840917927171986,2.10759518203878,15.739724566363,0.667984063122335,1.20632965707067,37.7224180827209,0,0,8.76153178894209,25.4100723857702,0.671148725931255,20.3630817228192,0,2.37902383907587,0.455857841553986,7.09567420233151,1.17492042881657,0.540697983529845,0,0,1.06371623619786
L1HS_dup1357,chr13,97667409,97673440,-,6032,11.2483263789772,0,45.240933042215,1.30538759375927,31.8796027871229,45.8874798156372,21.3171608984577,9.83381862733013,4.1127042491265,28.4656942568646,0,13.3830162044804,67.1060762440356,17.9880254327527,7.38706680168717,11.5584854565621,16.5088917294361,36.3210423148744,10.1567073192073,0,16.1725133258139,0.997252213979027,28.5007707933635,30.4626687059487,20.9378037584819,22.9965904525771,4.66613470667141,12.4798852673552,16.4366740885191,23.189347793047,38.5407427564264,15.0287308215392,16.5766108725564,1.4699070785367,1.45935464652377,14.4378768459991,9.22573270126356,14.5954260928856,8.01553336383133,2.78617128459181,0,6.05534725458256,2.02333905246022,5.04550756303192,7.02531727346261,10.9493736113829,4.34189641029518,1.80949448560601,0,0,0,18.7747109763045,0,2.68459490372502,6.7876939076064,14.836530321275,6.344063570869,2.73514704932391,14.191348404663,0,0,0,0.378098850903815,0
L1HS_dup138,chr2,16593726,16599758,-,6033,11.2483263789772,7.22675296610152,18.5603827865498,7.83232556255563,101.711113654154,7.91163445097193,15.5033897443329,3.02579034687081,0,12.5249054730204,53.8442110015275,12.6786469305604,183.81229579888,88.8820080206605,50.6541723544263,0,23.3066706768509,41.5722773483502,20.3134146384146,2.66143495427964,56.6037966403488,6.98076549785319,30.1772867223849,4.0920002739334,17.6662719212191,55.191817086185,13.06517717868,1.97050820010872,1.52899293846689,17.7330306652713,2.85486983380936,0,43.0991882686467,66.1458185341514,16.0529011117614,37.7606009818439,36.5848020912176,15.7537932431146,30.6476275675904,1.3930856422959,4.13059979112411,9.08302088187383,23.8754008190306,15.1365226890957,30.9113960032355,34.9011283862831,0,6.03164828535336,24.5195717537686,4.96403692109777,0,32.5428323589278,0,0.671148725931255,0,0.760847708783333,6.344063570869,5.47029409864783,1.77391855058288,1.17492042881657,11.8953556376566,0,13.9896574834412,5.3185811809893
L1HS_dup1393,chr14,62535852,62541882,+,6031,18.7472106316287,7.22675296610152,39.4408134214182,5.22155037503709,24.2892211711412,17.4055957921383,11.6275423082497,6.05158069374162,4.1127042491265,9.10902216219668,14.6847848185984,2.11310782176006,5.83531097774223,7.40683400172171,12.6635430886066,3.85282848552069,13.5955578948297,13.1280875836895,8.12536585536583,0,5.39083777527132,4.98626106989514,21.794707077278,4.54666697103712,1.30861273490512,4.59931809051542,1.86645388266857,5.91152460032615,6.49821998848429,12.2767135374955,9.99204441833276,3.62762468106119,26.5225773960902,0,13.1341918187139,6.66363546738422,5.40818813522347,6.02350918119089,9.90154121414459,0.696542821147952,0.826119958224823,1.51383681364564,3.23734248393636,2.52275378151596,7.02531727346261,10.2650377606715,3.67391234717284,1.80949448560601,28.2918135620407,1.65467897369926,7.7717548769805,2.5032947968406,6.35251809644256,0,61.0892451684576,1.90211927195833,8.72308740994487,7.74958330641776,0.886959275291439,0,0.540697983529845,3.42013236465779,0,13.8283110705722
L1HS_dup143,chr2,36112507,36118537,-,6031,0,10.8401294491523,12.760263165753,0,0,0.791163445097193,1.93792371804161,0.756447586717702,1.02817606228163,0,0,1.40873854784004,0,2.1162382862062,0.527647628691941,7.70565697104138,0.971111278202122,0,38.5954878129877,0,2.69541888763566,0.249313053494757,1.67651592902138,0,3.92583820471536,1.31409088300441,2.79968082400285,0.656836066702906,1.91124117308362,9.54855497360761,1.42743491690468,0.518232097294456,23.207255221579,2.93981415707339,0,1.1106059112307,0.636257427673349,0.231673430045803,2.82901177546988,0.696542821147952,2.47835987467447,3.02767362729128,0.809335620984089,0,0.702531727346261,2.0530075521343,0.333992031561167,0.603164828535336,0,0,15.543509753961,0,15.8812952411064,0,0,1.141271563175,5.55105562451037,0.911715683107972,9.75655202820583,3.52476128644971,8.11046975294768,0,0.75619770180763,5.3185811809893
L1HS_dup1437,chr15,87509892,87515920,+,6029,0,28.9070118644061,0,0,24.2892211711412,0,1.93792371804161,0,1.02817606228163,3.41588331082376,0,2.11310782176006,0,8.46495314482481,0.527647628691941,0,0.971111278202122,0,2.03134146384146,0,21.5633511010853,2.99175664193708,3.35303185804277,0,0,0.657045441502203,0,1.97050820010872,0,2.72815856388789,9.99204441833276,0,0,19.1087920209771,0,0,0.318128713836675,4.86514203096187,33.005137380482,2.08962846344386,2.47835987467447,1.51383681364564,0.404667810492045,1.68183585434397,6.32278554611635,6.84335850711434,7.68181672590685,3.61898897121201,5.65836271240814,0,0,0,9.52877714466384,0.671148725931255,0,4.18466239830833,0,12.3081617219576,1.77391855058288,0,0,29.0711250995912,6.04958161446104,2.12743247239572
L1HS_dup1462,chr16,54042097,54048145,+,6049,358.071723064108,672.088025847441,312.046435598868,70.4909300630007,850.122740989943,544.320450226869,614.321818619191,64.2980448710047,81.2259089202484,521.49151878576,851.717519478707,619.140591775698,621.460619129547,618.999698715314,465.385208506292,190.715010033274,339.888947370743,152.285815970799,412.362317159816,1855.02016313291,800.53940962779,105.210108574787,561.632836222164,262.342684228842,478.297954607821,634.048851049626,156.782126144159,302.80142675004,286.303927727926,608.379359746999,388.262297398073,290.72820658219,639.857179680677,621.770694221023,647.953463056552,526.427201923353,339.761466377569,199.239149839391,748.273614611784,183.190761961911,340.361422788627,426.90198144807,319.687570288715,419.618045658821,551.487405966815,616.586601491002,366.389258622601,545.864169824479,441.352291567835,1034.17435856204,279.783175571298,377.99751432293,387.503603882996,22.1479079557314,705.920166391066,97.3885067242666,206.975073999601,257.559680478002,198.678877665282,238.508847049763,441.209554560354,241.119331708374,111.539161016625,316.987438386962
L1HS_dup1473,chr16,83637253,83643296,+,6044,0,3.61337648305076,2.32004784831872,12.4011821407131,3.03615264639265,3.16465378038877,15.5033897443329,0.756447586717702,1.02817606228163,9.10902216219668,39.1594261829291,0.70436927392002,0,5.2905957155155,6.85941917299523,1.92641424276034,13.5955578948297,7.87685255021373,4.06268292768292,2.66143495427964,5.39083777527132,9.97252213979027,0,0.454666697103712,4.58014457216792,22.9965904525771,1.86645388266857,5.91152460032615,19.1124117308362,0,21.4115237535702,1.03646419458891,3.31532217451128,0,8.7561278791426,4.44242364492281,2.5450297106934,0.926693720183214,1.88600785031326,0,0,3.02767362729128,0,0,11.9430393648864,0.684335850711434,2.003952189367,1.20632965707067,0,0,0,5.00658959368119,0,0,196.843123320586,0,0,5.01443625709384,2.66087782587432,8.22444300171598,0.540697983529845,1.7100661823289,0,0
L1HS_dup1478,chr17,9615986,9622015,+,6030,0,7.22675296610152,5.8001196207968,9.79040695319454,1.51807632319633,20.570249572527,0,6.80802828045932,22.6198733701958,0,0,9.86116983488029,2.91765548887111,8.46495314482481,4.74882865822747,0,20.3933368422446,5.25123503347582,2.03134146384146,0,0,2.74244358844233,16.7651592902138,59.1066706234825,0,10.5127270640352,11.1987232960114,31.5281312017395,1.52899293846689,0,0,3.10939258376673,0,0,39.4025754561417,5.55302955615352,2.86315842453007,7.64522319151151,0.471501962578314,36.9167695208414,8.26119958224823,4.54151044093692,9.71202745180907,1.68183585434397,8.43038072815514,0.684335850711434,0.333992031561167,0,0,0,18.1340947129545,1.2516473984203,0,2.68459490372502,0,49.8355249253083,1.58601589271725,0,0,0,1.08139596705969,0,0,1.06371623619786
L1HS_dup1491,chr17,70544789,70550795,-,6007,5.62416318948861,0,0,0,3.03615264639265,1.58232689019439,0,0,1.02817606228163,2.27725554054917,0,0.70436927392002,0,2.1162382862062,0.527647628691941,13.4848996993224,0,0.437602919456318,0,2.66143495427964,2.69541888763566,0.498626106989514,0,0,0,1.31409088300441,0.933226941334283,0.656836066702906,0.764496469233446,1.36407928194394,0,0.518232097294456,3.31532217451128,0,0,0,0.636257427673349,0.231673430045803,0.471501962578314,0,1.65223991644965,0.504612271215213,2.83267467344431,0,0,2.0530075521343,5.00988047341751,0,1.88612090413605,0,18.1340947129545,0,3.17625904822128,0.671148725931255,20.3630817228192,0.380423854391666,0,0.455857841553986,0.886959275291439,0,0.540697983529845,0,0,0
L1HS_dup1501,chr18,13975861,13981891,-,6031,0,10.8401294491523,0,0,3.03615264639265,10.2851247862635,0,0.756447586717702,1.02817606228163,0,0,10.5655391088003,0,0,1.05529525738388,0,0,0.437602919456318,0,7.98430486283893,0,0,1.67651592902138,0,2.61722546981024,0,0,1.31367213340581,2.67573764231706,0,0,1.03646419458891,0,0,2.91870929304753,0,5.09005942138679,0.463346860091607,2.82901177546988,0.696542821147952,0,9.58763315308905,4.85601372590454,0,0.702531727346261,6.84335850711434,1.0019760946835,0,0,0,2.5905849589935,0,0,0,0,0,10.3091033026621,0,0,0,1.08139596705969,0,0.378098850903815,0
L1HS_dup1514,chr18,37819738,37825798,+,6061,0,0,3.48007177247808,3.26346898439818,1.51807632319633,9.49396134116632,0,0.756447586717702,0,31.8815775676884,0,0,55.4354542885511,1.0581191431031,13.1911907172985,0,1.94222255640424,5.68883795293214,6.09402439152438,0,5.39083777527132,13.9615309957064,13.4121274321711,5.00133366814083,0,0,4.66613470667141,9.85254100054359,10.3207023346515,8.18447569166366,8.56460950142808,17.6198913080115,23.207255221579,0,5.83741858609507,5.55302955615352,0.636257427673349,4.17012174082446,3.77201570062651,0.696542821147952,0,9.58763315308905,8.90269183082498,12.6137689075798,3.51265863673131,0.684335850711434,4.34189641029518,6.63481311388869,0,0,0,0,3.17625904822128,0,0,0,0,0,0,0,1.62209395058954,0,0.378098850903815,1.06371623619786
L1HS_dup1536,chr18,62906293,62912314,+,6022,11.2483263789772,3.61337648305076,1.16002392415936,1.30538759375927,81.9761214526016,3.16465378038877,7.75169487216644,6.05158069374162,0,14.8021610135696,9.78985654573227,18.3136011219205,0,86.7657697344543,7.91471443037911,0,19.4222255640424,3.93842627510687,0,0,24.2587699887209,7.47939160484271,60.3545734447698,3.63733357682969,47.7643648240369,5.25636353201762,9.33226941334283,2.62734426681162,6.49821998848429,6.82039640971972,7.1371745845234,7.77348145941683,19.8919330470677,44.0972123561009,24.809028990904,3.33181773369211,12.0888911257936,8.57191691169473,18.3885765405542,13.2343136018111,4.95671974934894,11.1014699667347,10.5213630727932,10.0910151260638,15.4556980016177,39.0071434905517,6.67984063122335,11.4601317421714,1.88612090413605,6.61871589479703,38.8587743849025,35.0461271557683,146.107916218179,0.671148725931255,339.38469538032,6.84762937905,16.6531668735311,26.4397548101312,7.09567420233151,1.17492042881657,45.418630616507,5.13019854698669,24.9545241596518,0
L1HS_dup155,chr2,71411475,71417501,-,6027,18.7472106316287,21.6802588983046,3.48007177247808,1.30538759375927,7.59038161598163,4.74698067058316,42.6343217969154,3.78223793358851,5.14088031140813,10.2476499324713,44.0543544557952,15.4961240262405,0,10.581191431031,21.1059051476776,26.9697993986448,0,2.62561751673791,0,0,0,1.24656526747378,10.0590955741283,8.18400054786681,0,0,9.33226941334283,11.1662131339494,8.02721292695118,2.72815856388789,0,6.21878516753347,56.3604769666918,36.7476769634174,2.91870929304753,13.3272709347684,7.95321784591687,15.0587729529772,14.1450588773494,2.08962846344386,17.3485191227213,10.5968576955195,8.90269183082498,1.68183585434397,103.2721639199,14.3710528649401,1.0019760946835,7.23797794242403,15.0889672330884,0,28.4964345489285,2.5032947968406,3.17625904822128,5.36918980745004,0,5.32593396148333,11.1021112490207,5.92615194020182,0,0,35.6860669129698,17.100661823289,1.13429655271145,38.293784503123
L1HS_dup1576,chr20,12801018,12807044,-,6027,0,0,2.32004784831872,0,0,16.6144323470411,1.93792371804161,3.02579034687081,7.19723243597138,0,0,42.2621564352012,2.91765548887111,1.0581191431031,0.527647628691941,0,0,0,0,2.66143495427964,0,0.498626106989514,10.0590955741283,1.36400009131113,28.7894801679126,0,0,0,0.764496469233446,0,0,12.9558024323614,0,0,0,1.1106059112307,1.90877228302005,12.7420386525192,4.71501962578314,5.57234256918361,0,3.53228589850649,3.23734248393636,2.52275378151596,3.51265863673131,13.6867170142287,1.0019760946835,7.84114277095937,0,0,25.905849589935,25.032947968406,0,49.6650057189129,0,172.712429893817,0,0,2.66087782587432,0,5.9476778188283,1.7100661823289,65.0330023554562,82.9698664234331
L1HS_dup1616,chr22,28663284,28669315,+,6032,5.62416318948861,0,12.760263165753,0,0,0,0,0,7.19723243597138,6.83176662164751,0,4.93058491744014,0,0,1.05529525738388,21.1905566703638,0,2.18801459728159,0,0,13.4770944381783,0,1.67651592902138,0,0,0,0,1.97050820010872,9.9384541000348,0,0,3.62762468106119,0,48.506933591711,0,8.88484728984563,34.9941585220342,22.0089758543513,15.088062802506,1.3930856422959,39.6537579947915,33.304409900204,8.09335620984089,15.9774406162677,4.91772209142383,33.5324566848603,4.67588844185634,3.61898897121201,1.88612090413605,0,0,0,0,1.34229745186251,0,0,0,0,1.77391855058288,0,0,0,2.26859310542289,0
L1HS_dup163,chr2,86655239,86661268,-,6030,7.49888425265148,0,17.4003588623904,0,0,9.49396134116632,0,6.05158069374162,0,18.2180443243934,0,0,35.0118658664534,0,3.69353340084359,0,5.82666766921273,6.12644087238846,10.1567073192073,93.1502233997875,29.6496077639922,0.498626106989514,21.794707077278,2.27333348551856,10.468901879241,5.25636353201762,13.9984041200142,5.25468853362325,8.79170939618463,1.36407928194394,15.7017840859515,11.9193382377725,6.63064434902256,17.6388849424404,14.5935464652377,9.99545320107633,6.04444556289682,1.15836715022902,9.90154121414459,1.3930856422959,4.13059979112411,4.0368981697217,6.87935277836476,9.25009719889185,21.7784835477341,10.9493736113829,3.00592828405051,0,5.65836271240814,0,5.181169917987,8.76153178894209,0,0,0,0.380423854391666,1.58601589271725,0.455857841553986,4.4347963764572,0,1.62209395058954,18.8107280056179,0,0
L1HS_dup191,chr2,148188746,148194773,+,6028,24.3713738211173,0,3.48007177247808,0,88.0484267453869,9.49396134116632,29.0688557706242,3.02579034687081,0,5.69313885137293,0,15.4961240262405,0,14.8136680034434,9.49765731645494,11.5584854565621,16.5088917294361,0,0,0,24.2587699887209,3.73969580242135,48.6189619416201,0.909333394207423,0,6.57045441502203,0,9.85254100054359,9.17395763080135,8.18447569166366,8.56460950142808,8.80994565400575,16.5766108725564,32.3379557278073,1.45935464652377,3.33181773369211,6.99883170440684,2.54840773050384,12.2590510270362,1.3930856422959,7.4350796240234,7.06457179701298,7.2840205888568,6.72734341737589,34.4240546399668,24.6360906256116,6.34584859966218,4.22215379974735,3.77224180827209,0,5.181169917987,5.00658959368119,44.4676266750979,0,47.5138573532448,11.7931394861417,0,8.20544114797174,6.20871492704007,0,43.2558386823876,25.6509927349335,1.51239540361526,0
L1HS_dup204,chr2,172315271,172321297,+,6027,1.87472106316287,14.453505932203,3.48007177247808,0,65.2772818974421,1.58232689019439,0,0.756447586717702,5.14088031140813,3.41588331082376,0,16.2004933001605,32.0942103775822,12.6974297172372,4.22118102953553,5.77924272828103,2.91333383460636,1.75041167782527,2.03134146384146,0,0,0.249313053494757,5.02954778706415,0,27.4808674330075,1.97113632450661,1.86645388266857,5.25468853362325,0.764496469233446,4.09223784583183,2.85486983380936,0.518232097294456,0,0,7.29677323261883,1.1106059112307,3.49941585220342,2.54840773050384,0.943003925156628,0,20.6529989556206,2.52306135607606,4.04667810492045,2.52275378151596,0.702531727346261,10.2650377606715,5.00988047341751,10.856966913636,37.7224180827209,0,0,1.2516473984203,15.8812952411064,0.671148725931255,0,0,6.344063570869,6.3820097817558,7.09567420233151,0,0,8.55033091164448,0,0
L1HS_dup225,chr2,213567232,213573262,-,6031,3.74944212632574,0,1.16002392415936,1.30538759375927,10.6265342623743,0,1.93792371804161,0.756447586717702,1.02817606228163,2.27725554054917,88.1087089115904,1.40873854784004,37.9295213553245,0,5.80412391561135,0,1.94222255640424,1.31280875836895,26.407439029939,5.32286990855929,0,0.997252213979027,0,1.36400009131113,3.2715318372628,3.28522720751101,0,1.97050820010872,0.764496469233446,6.82039640971972,4.28230475071404,6.21878516753347,0,1.4699070785367,5.83741858609507,1.1106059112307,1.59064356918337,2.31673430045803,1.88600785031326,0.696542821147952,0.826119958224823,1.00922454243043,1.61867124196818,0,0.702531727346261,1.36867170142287,3.00592828405051,0.603164828535336,0,1.65467897369926,2.5905849589935,13.7681213826233,6.35251809644256,0.671148725931255,13.5753878152128,2.28254312635,1.58601589271725,0.455857841553986,1.77391855058288,2.34984085763314,4.86628185176861,0,0.378098850903815,0
L1HS_dup240,chr3,3963077,3969110,+,6034,11.2483263789772,25.2936353813553,32.4806698764621,13.0538759375927,30.3615264639265,106.015901643024,11.6275423082497,18.1547420812249,9.25358456053463,17.0794165541188,24.4746413643307,0,0,9.52307228792791,6.85941917299523,3.85282848552069,13.5955578948297,30.6322043619423,12.1880487830488,2.66143495427964,0,8.22733076532698,46.9424460125988,62.2893375032085,22.9007228608396,6.57045441502203,20.5309927093542,19.0482459343843,12.9964399769686,5.45631712777578,2.85486983380936,6.73701726482792,3.31532217451128,22.0486061780505,11.6748371721901,5.55302955615352,50.9005942138679,33.8243207866873,9.90154121414459,40.3994836265812,29.7403184960936,32.2951853577736,47.3461338275692,20.1820302521277,11.9430393648864,54.7468680569147,9.68576891527385,6.63481311388869,11.3167254248163,0,2.5905849589935,0,34.9388495304341,0.671148725931255,27.1507756304256,63.9112075378,50.752508566952,1.36757352466196,5.32175565174863,12.9241247169823,0.540697983529845,11.9704632763023,5.29338391265341,35.1026357945294
L1HS_dup244,chr3,4916535,4922591,+,6057,5.62416318948861,0,0,0,0,1.58232689019439,27.1309320525826,5.29513310702392,1.02817606228163,4.55451108109834,0,29.5835095046409,0,0,1.05529525738388,0,38.8444511280849,13.1280875836895,0,0,2.69541888763566,0.498626106989514,30.1772867223849,0.454666697103712,0.65430636745256,41.3938628146388,8.39904247200854,12.4798852673552,4.9692270500174,0,4.28230475071404,16.0651950161281,16.5766108725564,0,0,1.1106059112307,5.40818813522347,13.4370589426566,6.60102747609639,0,2.47835987467447,6.05534725458256,11.3306986937772,2.52275378151596,9.83544418284766,0,24.047426272404,1.20632965707067,0,0,23.3152646309415,25.032947968406,9.52877714466384,0,0,6.08678167026666,9.5160953563035,10.9405881972957,5.32175565174863,0,0.540697983529845,0,0,0
L1HS_dup270,chr3,46783106,46789138,-,6033,1.87472106316287,3.61337648305076,8.12016746911552,0,24.2892211711412,8.70279789606913,3.87584743608322,0,2.05635212456325,22.7725554054917,0,0.70436927392002,0,2.1162382862062,5.27647628691941,3.85282848552069,20.3933368422446,8.75205838912637,52.8148780598779,0,0,10.4711482467798,0,3.63733357682969,0,5.25636353201762,6.53258858933998,4.59785246692034,10.3207023346515,9.54855497360761,0,1.03646419458891,6.63064434902256,5.87962831414679,4.3780639395713,5.55302955615352,6.36257427673349,19.2288946938017,5.65802355093977,9.05505667492337,1.65223991644965,9.08302088187383,5.26068153639658,2.52275378151596,4.21519036407757,3.42167925355717,11.0217370415185,3.61898897121201,13.2028463289523,0,5.181169917987,2.5032947968406,0,11.4095283408313,0,3.80423854391666,1.58601589271725,15.9550244543895,6.20871492704007,2.34984085763314,14.5988455553058,11.9704632763023,15.1239540361526,2.12743247239572
L1HS_dup337,chr3,136479057,136485103,-,6047,116.232705916098,151.761812288132,104.402153174342,53.5208913441302,974.604999492042,219.152274291923,172.475210905703,40.0917220960382,32.901633993012,186.734954325032,460.123257649416,201.449612341126,431.813012352925,248.657998629229,174.651365097032,152.186725178067,636.07788722239,129.53046415907,274.231097618597,500.349771404573,455.525792010426,39.1421493986768,581.75102737042,104.573340333854,127.589741653249,226.68067731826,103.588190488105,83.4181804712691,143.725336215888,286.456649208228,249.801110458319,103.128187361597,172.396753074587,217.546247623431,329.814150114371,124.387862057839,145.066693509524,48.8830937396645,314.491809039735,31.3444269516578,31.3925584125433,89.3163720050927,79.7195586669328,100.910151260638,169.310146290449,162.18759661861,99.863617436789,80.2209221951997,277.259772907999,0,103.62339835974,211.52841033303,85.7589943019745,6.04033853338129,895.975595804045,74.5630754607666,153.843541593573,64.275955659112,100.226398107933,50.5215784391125,127.064026129514,150.485824044943,23.0640299051327,158.493719193481
L1HS_dup35,chr1,85927068,85933100,+,6033,3.74944212632574,28.9070118644061,10.4402153174342,8.48501935943527,1.51807632319633,0.791163445097193,29.0688557706242,10.5902662140478,0,0,44.0543544557952,45.0796335308813,8.75296646661334,0,14.7741336033743,0,13.5955578948297,15.7537051004275,4.06268292768292,175.654706982456,0,7.23007855134795,6.70606371608554,0,55.6160412334676,0.657045441502203,14.9316310613485,1.97050820010872,6.49821998848429,0,22.8389586704749,9.84640984859466,0,0,24.809028990904,8.88484728984563,15.2701782641604,13.9004058027482,2.82901177546988,0.696542821147952,0.826119958224823,7.06457179701298,9.30735964131703,1.68183585434397,2.81012690938505,10.2650377606715,7.68181672590685,19.3012745131307,0,1.65467897369926,0,12.516473984203,0,0,13.5753878152128,1.90211927195833,7.13707151722762,2.27928920776993,7.09567420233151,0,13.5174495882461,22.2308603702757,9.45247127259538,0
L1HS_dup370,chr4,52816457,52822486,+,6030,11.2483263789772,0,3.48007177247808,0,1.51807632319633,22.9437399078186,3.87584743608322,3.02579034687081,20.5635212456325,12.5249054730204,4.89492827286613,1.40873854784004,0,1.0581191431031,19.5229622616018,0,0,15.7537051004275,77.1909756259754,0,40.4312833145349,7.23007855134795,0,9.09333394207423,0,0,12.1319502373457,37.4396558020656,4.9692270500174,0,29.9761332549983,11.9193382377725,26.5225773960902,19.1087920209771,0,19.9909064021527,6.36257427673349,16.2171401032062,3.77201570062651,11.1446851383672,7.4350796240234,24.7260012895454,14.1633733672216,7.56826134454787,7.02531727346261,0.684335850711434,2.67193625248934,4.22215379974735,0,0,7.7717548769805,0,0,2.01344617779376,6.7876939076064,0,0.793007946358625,0,0.886959275291439,0,0.540697983529845,0,0,13.8283110705722
L1HS_dup376,chr4,15841547,15847572,+,6026,9.37360531581435,7.22675296610152,5.8001196207968,11.7484883438335,0,6.32930756077755,3.87584743608322,3.02579034687081,0,0,0,2.11310782176006,0,15.8717871465465,4.22118102953553,1.92641424276034,7.76889022561697,1.75041167782527,0,2.66143495427964,0,0,0,0.454666697103712,0,0.657045441502203,0.933226941334283,1.31367213340581,0.382248234616723,2.72815856388789,0,1.55469629188337,39.7838660941354,20.5786990995138,26.2683836374278,0,8.90760398742689,0.695020290137411,4.24351766320482,0.696542821147952,4.13059979112411,25.2306135607606,7.68868839934885,5.8864254902039,0,0,2.003952189367,0,1.88612090413605,0,0,48.8142485383916,53.9964038197617,5.36918980745004,0,5.32593396148333,15.0671509808139,9.5730146726337,24.8348597081603,22.3234881475148,28.116295143552,5.13019854698669,0.378098850903815,1.06371623619786
L1HS_dup379,chr4,19077912,19083929,-,6018,0,28.9070118644061,41.7608612697369,0,0,36.3935184744709,0,0,0,0,0,9.86116983488029,0,26.4529785775775,0,1.92641424276034,0,56.0131736904087,34.5328048853048,0,0,3.4903827489266,0,41.8293361335415,46.4557520891317,42.7079536976432,0,1.31367213340581,0.382248234616723,1.36407928194394,5.70973966761872,7.77348145941683,6.63064434902256,0,0,0,34.3579010943609,9.03526377178634,9.90154121414459,22.9859130978824,2.47835987467447,0,2.02333905246022,0,9.83544418284766,0,276.545402132647,6.63481311388869,0,1.65467897369926,7.7717548769805,0,0,42.9535184596003,0,93.2038443259583,0,0.455857841553986,0,8.22444300171598,0,10.2603970939734,14.367756334345,0
L1HS_dup405,chr4,52538472,52544498,+,6027,0,0,0,7.179631765676,0,10.2851247862635,5.81377115412483,5.29513310702392,0,35.2974608785121,0,0.70436927392002,2.91765548887111,4.2324765724124,3.16588577215165,42.3811133407276,0,0,2.03134146384146,0,35.0404455392636,0.249313053494757,0,4.54666697103712,0,6.57045441502203,25.1971274160256,0.656836066702906,0.382248234616723,19.0971099472152,0,0.518232097294456,0,24.9884203351238,0,1.1106059112307,2.86315842453007,0.463346860091607,14.1450588773494,14.627399244107,0.826119958224823,3.53228589850649,25.4940720609988,26.0684557423316,0.702531727346261,2.0530075521343,0,0.603164828535336,11.3167254248163,33.0935794739852,0,7.50988439052179,0,0,0,28.1513652249833,3.96503973179312,2.73514704932391,0,16.448886003432,0.540697983529845,0,0,0
L1HS_dup429,chr4,78347981,78354013,+,6033,31.8702580737688,0,24.3605024073466,4.56885657815745,0,3.95581722548597,48.4480929510403,18.9111896679426,0,1.13862777027459,4.89492827286613,0,37.9295213553245,0,99.7254018227768,0,53.4111203011167,5.25123503347582,32.5014634214633,0,0,12.9642787817274,0,0.909333394207423,0,0,15.8648580026828,0,4.20473058078395,0,51.3876570085685,0.518232097294456,43.0991882686467,0,4.3780639395713,42.2030246267667,44.5380199371345,6.02350918119089,0,0,8.26119958224823,25.7352258319759,21.4473939560784,0,27.3987373665042,48.5878454005118,0,0.603164828535336,0,0,0,2.5032947968406,0,1.34229745186251,0,0,34.0993416934209,0,1.77391855058288,0,29.7383890941415,6.84026472931559,0,0
L1HS_dup444,chr4,87347104,87353146,-,6043,14.997768505303,46.9738942796599,18.5603827865498,2.61077518751854,109.301495270136,31.6465378038877,0,3.78223793358851,1.02817606228163,33.020205337963,29.3695696371968,21.1310782176006,0,75.1264591603202,27.9653243206729,34.6754563696862,69.9200120305528,17.0665138587964,16.2507317107317,234.206275976609,5.39083777527132,0.498626106989514,36.8833504384705,14.5493343073188,20.2834973910293,27.5959085430925,26.1303543573599,13.1367213340581,17.2011705577525,47.742774868038,1.42743491690468,13.4740345296558,13.2612886980451,0,11.6748371721901,4.44242364492281,5.40818813522347,4.40179517087027,6.60102747609639,0.696542821147952,0,5.04612271215213,6.47468496787271,3.36367170868794,17.5632931836565,0.684335850711434,16.031617514936,9.04747242803004,22.6334508496326,188.633403001715,0,32.5428323589278,3.17625904822128,2.01344617779376,0,4.5650862527,28.5482860689105,29.1749018594551,5.32175565174863,38.7723741509468,8.11046975294768,1.7100661823289,4.9152850617496,1.06371623619786
L1HS_dup449,chr4,91437492,91443691,+,6200,22.4966527579544,25.2936353813553,0,11.7484883438335,86.5303504221906,0,1.93792371804161,1.5128951734354,2.05635212456325,10.2476499324713,0,9.15680056096027,84.6120091772623,10.581191431031,32.7141529789003,19.2641424276034,0,7.00164671130109,34.5328048853048,0,37.7358644268992,6.73145244435843,46.9424460125988,13.1853342160076,5.88875730707304,22.3395450110749,8.39904247200854,15.1072295341668,5.35147528463412,10.9126342555516,7.1371745845234,0,109.405631758872,0,83.1832148518547,12.2166650235377,13.3614059811403,7.18187633141991,16.9740706528193,1.3930856422959,24.7835987467447,4.0368981697217,3.23734248393636,6.72734341737589,22.4810152750804,27.3734340284574,2.003952189367,14.4759558848481,0,0,0,7.50988439052179,9.52877714466384,3.35574362965627,0,35.7598423128166,1.58601589271725,10.9405881972957,20.4000633317031,4.69968171526627,0,0,7.18387816717249,0
L1HS_dup455,chr4,98592436,98598463,-,6028,20.6219316947916,122.854800423726,19.7204067107091,48.9520347659727,769.664695860538,49.052133596026,102.709957056205,26.4756655351196,26.7325776193223,155.992004527618,122.373206821653,25.3572938611207,8.75296646661334,32.8016934361961,41.6841626666633,98.2471263807775,334.06227970153,22.7553518117286,56.8775609875608,987.392368037748,94.339661067248,102.966291093335,249.800873424186,65.4720043829345,43.1842202518689,67.0186350332247,86.7901055440883,71.5951312706167,4.58697881540068,102.305946145796,35.685872922617,87.0629923454686,33.1532217451128,20.5786990995138,394.025754561417,24.4333300470755,62.6713566258249,77.1472522052526,185.771773255856,22.9859130978824,39.6537579947915,43.3966553245083,84.5755723928373,52.1369114846631,80.7911486448201,30.1107774313031,107.879426194257,45.8405269686855,52.8113853158093,1.65467897369926,51.81169917987,35.0461271557683,146.107916218179,25.5036515853877,882.400207988833,32.7164514776833,66.6126674941245,46.0416419969526,23.0609411575774,50.5215784391125,116.790764442447,56.4321840168536,21.9297333524213,45.739798156508
L1HS_dup466,chr4,111894802,111900831,+,6030,1.87472106316287,28.9070118644061,4.64009569663744,0,1.51807632319633,0.791163445097193,0,0.756447586717702,0,4.55451108109834,44.0543544557952,0,0,0,0.527647628691941,0,0,5.68883795293214,0,0,0,0,0,0.454666697103712,0,0,0,3.94101640021744,3.44023411155051,8.18447569166366,1.42743491690468,0,26.5225773960902,14.699070785367,18.971610404809,3.33181773369211,2.22690099685672,0.231673430045803,2.35750981289157,1.3930856422959,0,0,1.61867124196818,5.04550756303192,9.83544418284766,0,6.34584859966218,5.42848345681802,5.65836271240814,0,15.543509753961,0,0,0,33.938469538032,0.380423854391666,0,0.455857841553986,0,0,0,0,0,2.12743247239572
L1HS_dup514,chr4,169515502,169521532,-,6031,1.87472106316287,7.22675296610152,8.12016746911552,5.87424417191673,37.9519080799082,26.8995571333046,17.4413134623745,5.29513310702392,1.02817606228163,2.27725554054917,0,28.8791402307208,0,7.40683400172171,5.27647628691941,53.9395987972896,0,0.437602919456318,36.5641463491463,244.852015793727,83.5579855167054,15.7067223701697,62.0310893737912,6.36533375945196,0.65430636745256,19.7113632450661,19.5977657680199,6.56836066702906,6.49821998848429,4.09223784583183,1.42743491690468,5.70055307023901,36.4685439196241,52.9166548273211,58.3741858609507,2.22121182246141,3.8175445660401,5.09681546100768,3.3005137380482,13.930856422959,11.5656794151475,15.1383681364564,6.47468496787271,7.56826134454787,16.158229728964,2.73734340284574,5.67786453653985,9.04747242803004,0,0,18.1340947129545,27.5362427652466,9.52877714466384,4.69804108151878,0,37.661961584775,15.8601589271725,10.4847303557417,6.20871492704007,23.4984085763314,49.2035165012159,41.0415883758935,17.3925471415755,2.12743247239572
L1HS_dup579,chr5,81616091,81622140,+,6050,14.997768505303,32.5203883474568,6.96014354495616,0,6.07230529278531,0.791163445097193,0,1.5128951734354,7.19723243597138,9.10902216219668,0,0,0,32.8016934361961,1.58294288607582,1.92641424276034,26.2200045114573,7.43924963075741,60.9402439152438,2.66143495427964,5.39083777527132,0.249313053494757,11.7356115031497,4.0920002739334,0.65430636745256,0.657045441502203,9.33226941334283,0.656836066702906,0.764496469233446,4.09223784583183,9.99204441833276,9.84640984859466,0,2.93981415707339,37.9432208096179,0,9.86199012893691,1.15836715022902,6.60102747609639,0,3.30447983289929,7.56918406822819,5.26068153639658,1.68183585434397,7.72784900080887,13.6867170142287,13.0256892308855,2.41265931414134,0,0,2.5905849589935,0,0,0,6.7876939076064,7.98890094222499,0,3.1910048908779,0,0,0.540697983529845,0,0,0
L1HS_dup596,chr5,111302239,111308262,+,6024,7.49888425265148,0,1.16002392415936,1.95808139063891,6.07230529278531,8.70279789606913,32.9447032067074,2.26934276015311,2.05635212456325,23.9111831757663,141.952919913118,4.93058491744014,0,11.6393105741341,8.44236205907105,5.77924272828103,1.94222255640424,15.7537051004275,4.06268292768292,7.98430486283893,2.69541888763566,3.24106969543184,3.35303185804277,1.36400009131113,13.7404337165038,25.6247722185859,0.933226941334283,1.97050820010872,0.764496469233446,0,14.2743491690468,1.03646419458891,9.94596652353384,61.7360972985413,0,12.2166650235377,9.54386141510024,22.7039961444887,13.6735569147711,2.78617128459181,15.6962792062716,30.2767362729128,3.6420102944284,15.1365226890957,30.9113960032355,28.0577698791688,6.34584859966218,23.5234283128781,0,3.30935794739852,18.1340947129545,0,0,0.671148725931255,6.7876939076064,0.380423854391666,0.793007946358625,0.911715683107972,1.77391855058288,0,3.78488588470892,1.7100661823289,0.378098850903815,2.12743247239572
L1HS_dup600,chr5,119684786,119690814,-,6029,1.87472106316287,0,0,0.652693796879636,0,0,0,0,0,0,0,0,0,3.1743574293093,0.527647628691941,0,0,0,2.03134146384146,0,2.69541888763566,0,0,0,0.65430636745256,7.22749985652423,0.933226941334283,0,0.764496469233446,0,1.42743491690468,0,0,0,0,1.1106059112307,0.636257427673349,1.15836715022902,0.471501962578314,0.696542821147952,0,0,2.02333905246022,3.36367170868794,0,0.684335850711434,0.333992031561167,0,0,1.65467897369926,0,1.2516473984203,15.8812952411064,0,13.5753878152128,2.28254312635,3.96503973179312,0.455857841553986,0,0,0.540697983529845,0,2.64669195632671,0
L1HS_dup62,chr1,118852352,118858380,+,6029,7.49888425265148,25.2936353813553,0,0.652693796879636,27.3253738175339,20.570249572527,19.3792371804161,3.02579034687081,0,2.27725554054917,0,0,0,0,13.1911907172985,7.70565697104138,0,0.437602919456318,2.03134146384146,130.410312759703,26.9541888763566,2.74244358844233,15.0886433611925,0,0.65430636745256,18.3972723620617,13.06517717868,13.1367213340581,14.9076811500522,0,4.28230475071404,5.18232097294456,0,11.7592566282936,13.1341918187139,5.55302955615352,0.636257427673349,1.15836715022902,2.35750981289157,0.696542821147952,0,10.5968576955195,6.07001715738067,5.8864254902039,0,0,9.68576891527385,0,5.65836271240814,0,0,1.2516473984203,9.52877714466384,0,0,0.760847708783333,0,1.36757352466196,6.20871492704007,0,1.08139596705969,0,0.378098850903815,0
L1HS_dup622,chr5,152076869,152082891,+,6023,3.74944212632574,0,0,0.652693796879636,3.03615264639265,0,1.93792371804161,9.83381862733013,0,1.13862777027459,39.1594261829291,16.2004933001605,0,22.2205020051651,0.527647628691941,0,0.971111278202122,0,2.03134146384146,2.66143495427964,0,0.498626106989514,0,0.454666697103712,37.2954629447959,3.28522720751101,3.73290776533713,2.62734426681162,0.382248234616723,1.36407928194394,0,0,0,0,1.45935464652377,0,0.636257427673349,1.15836715022902,0.943003925156628,0,0.826119958224823,0,1.61867124196818,2.52275378151596,4.91772209142383,4.79035095498004,0,0.603164828535336,0,1.65467897369926,0,0,0,0,0,0,0.793007946358625,0.455857841553986,0.886959275291439,0,1.08139596705969,0,0,0
L1HS_dup632,chr5,160709609,160715639,-,6031,9.37360531581435,0,13.9202870899123,0,94.1207320381723,10.2851247862635,32.9447032067074,9.07737104061243,6.16905637368975,2.27725554054917,29.3695696371968,8.45243128704025,0,3.1743574293093,3.69353340084359,15.4113139420828,0,12.2528817447769,54.8462195237194,0,24.2587699887209,4.48763496290562,5.02954778706415,0.454666697103712,27.4808674330075,0,0.933226941334283,0.656836066702906,2.67573764231706,8.18447569166366,7.1371745845234,5.70055307023901,0,47.0370265131743,52.5367672748556,6.66363546738422,8.90760398742689,9.96195749196955,40.549168781735,2.08962846344386,14.8701592480468,19.6798785773933,9.30735964131703,6.72734341737589,2.81012690938505,42.4288227441089,11.6897211046409,6.03164828535336,0,0,5.181169917987,8.76153178894209,0,7.3826359852438,6.7876939076064,11.7931394861417,0.793007946358625,27.8073283347931,48.7827601410291,7.04952257289941,62.7209660894621,80.3731105694581,18.5268436942869,0
L1HS_dup649,chr6,24811658,24817706,-,6049,0,0,73.0815072220397,12.4011821407131,0,6.32930756077755,220.923303856744,50.6819883100861,1.02817606228163,0,0,184.544749767045,0,0,0,0,0,18.8169255366217,2.03134146384146,0,0,6.48213939086368,0,0.454666697103712,138.05864353249,0.657045441502203,51.3274817733855,0.656836066702906,49.692270500174,0,0,0,3.31532217451128,1.4699070785367,0,0,90.3485547296156,30.5808927660461,0.471501962578314,0,0,70.1411056989146,58.6768325213465,0,0.702531727346261,0,0,168.886151989894,0,0,0,0,0,4.69804108151878,115.390796429309,0,28.5482860689105,0,60.3132307198179,0,0,0,13.2334597816335,0
L1HS_dup679,chr6,72988655,72994686,-,6032,5.62416318948861,3.61337648305076,3.48007177247808,0,0,0.791163445097193,13.5654660262913,0.756447586717702,5.14088031140813,9.10902216219668,4.89492827286613,0,81.6943536883912,1.0581191431031,6.33177154430329,0,0,7.00164671130109,0,0,2.69541888763566,4.48763496290562,5.02954778706415,6.82000045655567,0,0.657045441502203,0,5.91152460032615,0,12.2767135374955,0,10.8828740431836,6.63064434902256,1.4699070785367,1.45935464652377,13.3272709347684,2.22690099685672,16.6804869632979,0.471501962578314,0.696542821147952,4.13059979112411,44.9104921381539,30.3500857869033,0.840917927171986,2.10759518203878,16.4240604170744,12.3577051677632,0.603164828535336,1.88612090413605,0,12.9529247949675,13.7681213826233,0,2.01344617779376,0,0.760847708783333,0,0.911715683107972,0.886959275291439,21.1485677186982,0.540697983529845,18.8107280056179,0.75619770180763,2.12743247239572
L1HS_dup743,chr6,156324981,156331010,-,6030,3.74944212632574,0,0,0.652693796879636,30.3615264639265,0,0,0,10.2817606228163,2.27725554054917,58.7391392743936,11.9742776566403,23.3412439109689,6.3487148586186,5.27647628691941,0,0,10.0648671474953,2.03134146384146,0,13.4770944381783,3.98900885591611,0,1.81866678841485,0,0.657045441502203,2.79968082400285,0,12.6141917423519,0,5.70973966761872,0,16.5766108725564,0,0,0,12.725148553467,7.87689662155732,0,0.696542821147952,0,22.2029399334694,1.61867124196818,1.68183585434397,0,49.9565171019347,0,1.20632965707067,0,0,2.5905849589935,0,6.35251809644256,12.7518257926938,0,0,0,0.455857841553986,8.86959275291439,0,1.08139596705969,0,21.5516345015175,1.06371623619786
L1HS_dup787,chr7,66286854,66292884,-,6031,0,0,15.0803110140717,35.89815882838,1.51807632319633,0,9.68961859020805,9.07737104061243,5.14088031140813,9.10902216219668,0,0.70436927392002,0,0,0,0,0,5.25123503347582,0,0,0,8.72595687231649,0,0.454666697103712,0,0,10.2654963546771,8.53886886713778,0,2.72815856388789,0,2.59116048647228,6.63064434902256,1.4699070785367,0,19.9909064021527,104.346218138429,92.6693720183214,12.2590510270362,6.26888539033157,81.7858758642574,185.697315807198,139.205726809263,52.1369114846631,20.3734200930416,21.2144113720544,59.1165895863266,0,0,0,0,7.50988439052179,0,26.8459490372502,6.7876939076064,15.97780188445,17.4461748198897,0,0,0,15.6802415223655,0,4.9152850617496,0
L1HS_dup788,chr7,70197329,70203357,+,6029,7.49888425265148,46.9738942796599,18.5603827865498,9.13771315631491,0,10.2851247862635,7.75169487216644,9.83381862733013,1.02817606228163,12.5249054730204,0,79.5937279529623,0,50.7897188689488,23.7441432911373,3.85282848552069,0,6.12644087238846,0,236.867710930888,0,3.24106969543184,87.178828309112,6.36533375945196,17.0119655537666,78.8454529802643,11.1987232960114,13.1367213340581,2.67573764231706,13.6407928194394,11.4194793352374,0,49.7298326176692,20.5786990995138,0,32.2075714256904,35.6304159497076,5.32848889105348,13.6735569147711,2.08962846344386,0,12.6153067803803,21.0427261455863,21.0229481792997,32.316459457928,46.5348378483775,7.01383266278451,1.20632965707067,5.65836271240814,0,12.9529247949675,8.76153178894209,12.7050361928851,5.36918980745004,6.7876939076064,3.80423854391666,16.6531668735311,0,10.6435113034973,0,81.1046975294768,35.9113898289068,1.51239540361526,2.12743247239572
L1HS_dup800,chr7,91173444,91179517,+,6074,18.7472106316287,0,0,14.359263531352,0,0,25.1930083345409,2.26934276015311,6.16905637368975,0,117.478278548787,4.93058491744014,0,24.3367402913713,2.6382381434597,1.92641424276034,0,3.06322043619423,0,2.66143495427964,0,0,35.2068345094491,0,33.3696247400805,20.3684086865683,0,3.28418033351453,2.67573764231706,0,0,4.14585677835565,0,0,4.3780639395713,2.22121182246141,0.318128713836675,0,5.18652158836145,2.08962846344386,8.26119958224823,1.51383681364564,2.42800686295227,4.20458963585993,14.0506345469252,0,0,16.8886151989894,0,0,23.3152646309415,0,50.8201447715405,2.68459490372502,0,19.7820404283667,13.4811350880966,0,4.4347963764572,29.3730107204142,34.6046709459101,0,8.31817471988393,76.587569006246
L1HS_dup802,chr7,96846651,96852680,-,6030,1.87472106316287,0,3.48007177247808,7.179631765676,37.9519080799082,0,17.4413134623745,0,0,1.13862777027459,14.6847848185984,14.0873854784004,0,1.0581191431031,2.6382381434597,1.92641424276034,0,2.62561751673791,2.03134146384146,0,0,0,1.67651592902138,1.36400009131113,0.65430636745256,21.6824995695727,0.933226941334283,0,0,0,1.42743491690468,1.55469629188337,0,0,2.91870929304753,0,0.318128713836675,0.231673430045803,0.471501962578314,1.3930856422959,0,4.0368981697217,0.404667810492045,0,1.40506345469252,0,0,3.01582414267668,0,0,0,0,0,0,0,4.5650862527,19.032190712607,0,0,0,0,0,3.78098850903815,0
L1HS_dup803,chr7,97613657,97619688,+,6032,28.120815947443,0,3.48007177247808,6.52693796879636,6.07230529278531,1.58232689019439,7.75169487216644,0.756447586717702,0,17.0794165541188,0,4.22621564352012,5.83531097774223,0,5.27647628691941,5.77924272828103,2.91333383460636,2.62561751673791,0,0,5.39083777527132,0.997252213979027,0,1.36400009131113,9.8145955117884,16.4261360375551,6.53258858933998,12.4798852673552,0.382248234616723,0,11.4194793352374,3.10939258376673,6.63064434902256,14.699070785367,26.2683836374278,0,5.09005942138679,9.49861063187794,0.471501962578314,1.3930856422959,13.2179193315972,6.55995952579777,0,3.36367170868794,21.0759518203878,6.1590226564029,1.66996015780584,0.603164828535336,7.54448361654419,1.65467897369926,0,3.75494219526089,0,2.68459490372502,0,0.760847708783333,9.5160953563035,5.01443625709384,0.886959275291439,0,0,3.42013236465779,0.378098850903815,0
L1HS_dup811,chr7,111243516,111249546,-,6031,0,0,0,5.22155037503709,0,0,15.5033897443329,3.02579034687081,9.25358456053463,1.13862777027459,0,0,37.9295213553245,21.162382862062,12.6635430886066,3.85282848552069,5.82666766921273,8.75205838912637,0,0,0,0,16.7651592902138,0,27.4808674330075,13.7979542715463,5.5993616480057,1.31367213340581,2.29348940770034,2.72815856388789,0,0,6.63064434902256,38.2175840419541,0,2.22121182246141,5.40818813522347,0,3.77201570062651,3.48271410573976,19.8268789973957,6.05534725458256,5.26068153639658,5.8864254902039,9.1329124555014,6.1590226564029,2.003952189367,0,0,0,2.5905849589935,2.5032947968406,12.7050361928851,2.68459490372502,0,0,0,6.3820097817558,0,1.17492042881657,0,5.13019854698669,0.378098850903815,0
L1HS_dup831,chr7,141920660,141926712,-,6053,1.87472106316287,7.22675296610152,1.16002392415936,3.26346898439818,0,0,0,0,3.08452818684488,3.41588331082376,0,11.9742776566403,37.9295213553245,1.0581191431031,5.80412391561135,17.3377281848431,1.94222255640424,0,0,0,0,0.74793916048427,1.67651592902138,0,6.5430636745256,14.4549997130485,4.66613470667141,5.25468853362325,0,1.36407928194394,15.7017840859515,3.10939258376673,6.63064434902256,0,27.7277382839516,0,0.636257427673349,5.32848889105348,0.471501962578314,0.696542821147952,9.08731954047305,1.00922454243043,4.85601372590454,0.840917927171986,0,0.684335850711434,1.66996015780584,0,0,0,0,0,0,0,20.3630817228192,0.760847708783333,35.6853575861381,0,17.7391855058288,0,11.3546576541268,6.84026472931559,0.378098850903815,0
L1HS_dup87,chr1,180866812,180872843,-,6032,0,0,3.48007177247808,0,13.6626869087669,2.37349033529158,9.68961859020805,0.756447586717702,0,4.55451108109834,4.89492827286613,1.40873854784004,0,0,3.16588577215165,1.92641424276034,1.94222255640424,0.875205838912637,4.06268292768292,10.6457398171186,2.69541888763566,0.74793916048427,1.67651592902138,0.909333394207423,2.61722546981024,3.28522720751101,7.46581553067426,1.31367213340581,3.05798587693378,5.45631712777578,4.28230475071404,2.59116048647228,3.31532217451128,1.4699070785367,2.91870929304753,22.2121182246141,7.31696041824352,6.7185294713283,4.24351766320482,0.696542821147952,6.60895966579858,10.0922454243043,11.7353665042693,4.20458963585993,2.81012690938505,4.1060151042686,9.35177688371269,6.63481311388869,0,1.65467897369926,0,12.516473984203,3.17625904822128,2.68459490372502,13.5753878152128,6.08678167026666,4.75804767815175,4.55857841553986,1.77391855058288,0,1.62209395058954,3.42013236465779,3.40288965813434,3.19114870859358
L1HS_dup879,chr8,88685706,88691760,+,6055,33.7449791369317,0,6.96014354495616,1.30538759375927,1.51807632319633,21.3614130176242,7.75169487216644,1.5128951734354,6.16905637368975,50.0996218920818,313.275409463432,16.9048625740805,0,0,43.2671055527392,1.92641424276034,0,3.50082335565055,0,0,32.3450266516279,0.249313053494757,41.9128982255346,7.27466715365938,0.65430636745256,19.0543178035639,0.933226941334283,3.94101640021744,5.35147528463412,13.6407928194394,5.70973966761872,30.0574616430784,36.4685439196241,0,4.3780639395713,2.22121182246141,1.90877228302005,0.926693720183214,7.54403140125302,0,4.95671974934894,6.05534725458256,1.61867124196818,0,3.51265863673131,0,4.34189641029518,2.41265931414134,3.77224180827209,1.65467897369926,0,0,0,0.671148725931255,196.843123320586,0,1.58601589271725,3.64686273243189,35.4783710116576,0,0,0,0,1.06371623619786
L1HS_dup90,chr1,187597672,187603699,+,6028,0,0,1.16002392415936,0.652693796879636,6.07230529278531,8.70279789606913,0,0.756447586717702,3.08452818684488,3.41588331082376,0,2.11310782176006,0,12.6974297172372,0,0,2.91333383460636,6.12644087238846,0,0,2.69541888763566,2.99175664193708,16.7651592902138,0.909333394207423,0.65430636745256,1.31409088300441,5.5993616480057,0.656836066702906,1.14674470385017,1.36407928194394,11.4194793352374,30.0574616430784,0,0,1.45935464652377,2.22121182246141,7.31696041824352,3.93844831077866,16.0310667276627,4.17925692688771,9.08731954047305,16.1475926788868,10.9260308832852,5.04550756303192,7.02531727346261,23.2674189241888,11.3557290730797,1.20632965707067,13.2028463289523,0,0,1.2516473984203,31.7625904822128,0,0,8.74974865100833,3.1720317854345,0.455857841553986,1.77391855058288,2.34984085763314,1.08139596705969,0,0.75619770180763,0
L1HS_dup907,chr8,135875863,135881890,+,6028,0,0,0,0.652693796879636,1.51807632319633,0.791163445097193,0,3.02579034687081,7.19723243597138,0,0,2.81747709568008,0,1.0581191431031,0.527647628691941,13.4848996993224,26.2200045114573,0,2.03134146384146,7.98430486283893,0,2.99175664193708,10.0590955741283,1.36400009131113,11.1232082466935,3.28522720751101,0,6.56836066702906,0.382248234616723,0,2.85486983380936,1.03646419458891,9.94596652353384,19.1087920209771,0,1.1106059112307,3.8175445660401,3.70677488073286,2.35750981289157,9.05505667492337,0.826119958224823,7.06457179701298,5.26068153639658,0.840917927171986,1.40506345469252,2.0530075521343,2.67193625248934,1.20632965707067,0,0,7.7717548769805,0,0,2.01344617779376,0,10.6518679229667,0.793007946358625,0.455857841553986,5.32175565174863,2.34984085763314,1.08139596705969,15.3905956409601,0,1.06371623619786
L1HS_dup916,chr9,2515634,2521964,-,6331,44.9933055159089,28.9070118644061,6.96014354495616,12.4011821407131,201.904150985111,50.6344604862204,25.1930083345409,14.3725041476363,9.25358456053463,21.6339276352171,0,25.3572938611207,393.8834909976,37.0341700086085,83.3683253333267,0,0.971111278202122,0,73.1282926982925,0,48.5175399774418,0,165.975076973117,13.1853342160076,33.3696247400805,70.9609076822379,19.5977657680199,6.56836066702906,34.4023411155051,16.3689513833273,17.1292190028562,9.3281777513002,49.7298326176692,0,0,88.8484728984563,55.9906536352547,12.0470183623818,128.248533821301,11.8412279595152,14.8701592480468,65.5995952579777,42.8947879121567,32.7957991597074,21.0759518203878,88.9636605924864,15.0296414202525,25.3329227984841,41.494659890993,0,0,16.2714161794639,0,8.72493343710631,0,7.22805323344166,27.7552781225519,27.3514704932391,23.9479004328689,0,0,0,0.75619770180763,39.3575007393208
L1HS_dup948,chr9,94113536,94119565,-,6030,9.37360531581435,0,4.64009569663744,0,78.939968806209,0.791163445097193,3.87584743608322,13.6160565609186,12.3381127473795,6.83176662164751,0,0,0,2.1162382862062,29.0206195780567,0,0.971111278202122,14.4408963420585,36.5641463491463,2.66143495427964,0,2.24381748145281,8.38257964510692,19.5506679754596,29.4437865353652,15.7690905960529,3.73290776533713,0,17.965667026986,6.82039640971972,1.42743491690468,12.4375703350669,6.63064434902256,0,0,15.5484827572298,6.04444556289682,4.86514203096187,1.41450588773494,6.96542821147952,4.95671974934894,11.1014699667347,3.6420102944284,5.04550756303192,2.10759518203878,2.0530075521343,12.6916971993244,1.80949448560601,0,0,0,0,0,1.34229745186251,0,84.0736718205583,0.793007946358625,23.2487499192533,17.7391855058288,0,2.16279193411938,0,0,0
L1HS_dup995,chrX,54118686,54124744,-,6059,9.37360531581435,18.0668824152538,15.0803110140717,2.61077518751854,6.07230529278531,11.8674516764579,25.1930083345409,5.29513310702392,0,11.3862777027459,0,8.45243128704025,29.1765548887111,42.324765724124,7.38706680168717,11.5584854565621,15.5377804512339,0.875205838912637,34.5328048853048,61.2130039484318,18.8679322134496,1.7451913744633,13.4121274321711,0.454666697103712,11.7775146141461,17.0831814790573,3.73290776533713,2.62734426681162,10.3207023346515,15.0048721013834,4.28230475071404,17.101659210717,23.207255221579,11.7592566282936,21.8903196978565,11.106059112307,14.633920836487,4.63346860091607,12.2590510270362,4.17925692688771,2.47835987467447,1.51383681364564,4.04667810492045,5.8864254902039,2.81012690938505,9.58070190996007,3.00592828405051,16.8886151989894,18.8612090413605,0,5.181169917987,3.75494219526089,19.0575542893277,3.35574362965627,101.815408614096,4.94551010709166,35.6853575861381,2.27928920776993,6.20871492704007,2.34984085763314,35.14536892944,5.13019854698669,5.67148276355723,62.7592579356738
L1PA2_dup1023,chr3,170878557,170884584,-,6028,1.87472106316287,0,0,13.0538759375927,0,0,5.81377115412483,3.02579034687081,6.16905637368975,11.3862777027459,0,0,0,32.8016934361961,4.74882865822747,0,0,10.940072986408,0,0,0,0.997252213979027,0,11.3666674275928,0,0,12.1319502373457,10.5093770672465,1.52899293846689,8.18447569166366,0,0.518232097294456,23.207255221579,0,0,5.55302955615352,6.36257427673349,5.09681546100768,0.943003925156628,6.96542821147952,16.5223991644965,5.55073498336734,7.2840205888568,2.52275378151596,2.10759518203878,0,4.34189641029518,4.82531862828269,0,0,0,0,0,1.34229745186251,0,7.60847708783333,1.58601589271725,0,0,0,0,0,0,0
L1PA2_dup1049,chr3,192739214,192745242,-,6029,9.37360531581435,0,0,0,25.8072974943376,4.74698067058316,29.0688557706242,2.26934276015311,1.02817606228163,4.55451108109834,48.9492827286613,1.40873854784004,11.6706219554845,21.162382862062,14.2464859746824,11.5584854565621,0,0,0,0,0,6.73145244435843,48.6189619416201,0.909333394207423,0,0,8.39904247200854,1.97050820010872,2.67573764231706,0,17.1292190028562,4.14585677835565,0,0,0,7.77424137861492,3.8175445660401,0.695020290137411,0,0,0,2.52306135607606,1.61867124196818,3.36367170868794,21.7784835477341,4.1060151042686,0.333992031561167,3.01582414267668,7.54448361654419,0,0,8.76153178894209,0,0.671148725931255,47.5138573532448,3.423814689525,0,0,0,5.87460214408284,10.2732616870671,0,6.80577931626867,1.06371623619786
L1PA2_dup1050,chr3,195087673,195093677,+,6005,0,14.453505932203,1.16002392415936,13.0538759375927,0,3.16465378038877,0,6.80802828045932,13.3662888096611,5.69313885137293,4.89492827286613,9.15680056096027,0,0,0,1.92641424276034,0,11.3776759058643,0,0,0,0,0,6.36533375945196,0.65430636745256,0,6.53258858933998,10.5093770672465,4.20473058078395,0,7.1371745845234,11.9193382377725,43.0991882686467,22.0486061780505,0,1.1106059112307,6.99883170440684,3.01175459059545,9.43003925156628,8.35851385377542,14.044039289822,6.55995952579777,5.26068153639658,2.52275378151596,46.3670940048533,0,15.0296414202525,12.6664613992421,0,0,0,0,0,8.72493343710631,6.7876939076064,4.94551010709166,0,2.73514704932391,0,0,25.9535032094326,0,0,15.9557435429679
L1PA2_dup1058,chr4,119274114,119280127,-,6014,0,0,0,0,0,0.791163445097193,0,0.756447586717702,0,0,0,0,0,10.581191431031,1.05529525738388,1.92641424276034,0.971111278202122,0,0,0,32.3450266516279,0,0,0,0,11.1697725055374,0,0,4.9692270500174,23.189347793047,14.2743491690468,0,0,11.7592566282936,0,0,0.318128713836675,1.85338744036643,0,0.696542821147952,0,0,0,0,1.40506345469252,0,0.333992031561167,5.42848345681802,0,0,0,0,0,0.671148725931255,6.7876939076064,0,0,0.911715683107972,0,0,0.540697983529845,0,0,0
L1PA2_dup1078,chr4,11060916,11066938,-,6023,0,0,0,0,0,0,0,0,0,1.13862777027459,0,0,2.91765548887111,0,0,0,0,0,2.03134146384146,0,0,0,0,15.9133343986299,0,0,0,0.656836066702906,0,0,0,0,43.0991882686467,10.2893495497569,30.6464475769991,0,0,0,0,0,0,0,2.02333905246022,0,0,0,5.00988047341751,0.603164828535336,0,0,23.3152646309415,0,0,0,0,0.760847708783333,0,0,11.5304705787887,0,0,0,0,0
L1PA2_dup109,chr1,93790653,93796681,-,6029,39.3691423264203,18.0668824152538,26.6805502556653,20.8862015001484,227.711448479449,95.7307768567604,29.0688557706242,5.29513310702392,9.25358456053463,17.0794165541188,14.6847848185984,15.4961240262405,180.894640310009,2.1162382862062,40.6288674092795,0,32.04667218067,25.8185722479228,16.2507317107317,0,8.08625666290697,45.125662682551,48.6189619416201,35.0093356769858,80.4796831966648,55.191817086185,9.33226941334283,7.88203280043487,11.8496952731184,10.9126342555516,38.5407427564264,44.5679603673232,39.7838660941354,0,36.4838661630942,18.880300490922,29.9040991006474,19.2288946938017,45.7356903700964,6.96542821147952,6.60895966579858,6.05534725458256,7.2840205888568,5.8864254902039,13.348102819579,13.6867170142287,5.00988047341751,9.65063725656537,9.43060452068023,0,0,10.0131791873624,9.52877714466384,2.01344617779376,0,34.9989946040333,8.72308740994487,5.01443625709384,12.4174298540801,4.69968171526627,0,0,2.26859310542289,35.1026357945294
L1PA2_dup1112,chr4,27070204,27076264,-,6061,0,0,8.12016746911552,15.6646511251113,66.7953582206384,0,32.9447032067074,15.8853993210717,10.2817606228163,9.10902216219668,0,0,0,0,6.85941917299523,7.70565697104138,31.0755609024679,1.75041167782527,6.09402439152438,0,0,4.23832190941087,0,0.454666697103712,11.1232082466935,10.5127270640352,15.8648580026828,26.2734426681162,4.58697881540068,1.36407928194394,0,16.5834271134226,19.8919330470677,16.1689778639037,0,2.22121182246141,16.5426931195071,7.87689662155732,0,1.3930856422959,7.4350796240234,21.6983276622542,6.07001715738067,4.20458963585993,2.10759518203878,0,18.7035537674254,2.41265931414134,0,0,0,0,0,0,0,8.74974865100833,0.793007946358625,3.1910048908779,0,0,0.540697983529845,0,0,0
L1PA2_dup1177,chr4,64859154,64865171,-,6018,0,61.4274002118629,0,1.95808139063891,27.3253738175339,0,13.5654660262913,0,2.05635212456325,0,4.89492827286613,0,195.482917754365,2.1162382862062,1.05529525738388,25.0433851558845,0,6.56404379184477,2.03134146384146,2.66143495427964,0,5.48488717688465,16.7651592902138,13.6400009131113,0,0,17.7313118853514,1.97050820010872,0,0,9.99204441833276,0.518232097294456,0,0,51.0774126283318,0,0,0.231673430045803,0.471501962578314,4.17925692688771,2.47835987467447,0.504612271215213,0,0,5.62025381877009,0,0,6.03164828535336,7.54448361654419,0,0,0,0,6.71148725931255,0,15.97780188445,0,0.455857841553986,0.886959275291439,0,0,17.100661823289,3.78098850903815,0
L1PA2_dup1230,chr4,86070391,86076419,-,6029,920.488042012969,1355.01618114403,998.780598701209,348.538487533726,4241.50524701054,1901.95692201365,1145.31291736259,277.616264325397,319.762755369586,1451.7504071001,2790.1091155337,1227.01127516868,1345.03918036958,1796.68630498907,1387.7132634598,893.8562086408,720.564568425974,751.801815625955,1966.33853699853,4862.44166146891,3781.67269935283,501.867176684945,2786.36947403354,767.932051408169,1940.67268586429,2704.39903722307,872.567190147554,627.278443701275,827.185179710589,1459.56483168002,2126.87802618797,1070.66751301035,2456.65373131286,1982.904648946,1927.8074880579,526.427201923353,490.554476736152,260.400935371483,720.454998819664,164.384105790917,261.053906799044,469.289412230148,389.695101503839,528.096458264007,929.449475279104,923.853398460436,393.108621147494,618.243949248719,1014.73304642519,385.540200871927,1569.89448515006,936.232254018383,1022.75541352725,55.7053442522941,2681.13909350453,302.817388095766,697.053984849231,666.464164351927,673.202089946202,543.988158542071,1005.69824936551,735.328458401426,219.675432375117,825.44379928954
L1PA2_dup1248,chr4,95914760,95920788,+,6029,37.4944212632574,32.5203883474568,0,0,0,0,0,0,1.02817606228163,0,0,0,0,0,0,11.5584854565621,0,0,0,0,2.69541888763566,0.498626106989514,13.4121274321711,0.454666697103712,0,0.657045441502203,0,0,0,1.36407928194394,0,0,3.31532217451128,0,37.9432208096179,0,0,0.695020290137411,0,0,0.826119958224823,0,5.66534934688862,0,15.4556980016177,0.684335850711434,0,0,0,0,0,1.2516473984203,0,0,0,0,0,0,0,0,0.540697983529845,0,0,0
L1PA2_dup1272,chr4,105307237,105313391,-,6155,0,18.0668824152538,0,0,0,0,5.81377115412483,9.83381862733013,0,10.2476499324713,14.6847848185984,9.15680056096027,177.976984821138,31.743574293093,4.74882865822747,5.77924272828103,0.971111278202122,2.18801459728159,6.09402439152438,0,21.5633511010853,1.24656526747378,8.38257964510692,0,0,0,0.933226941334283,3.28418033351453,1.91124117308362,0,0,3.10939258376673,29.8378995706015,0,14.5935464652377,14.4378768459991,4.77193070755012,5.56016232109928,0.471501962578314,0,5.78283970757376,18.1660417637477,6.87935277836476,1.68183585434397,12.6455710922327,10.2650377606715,0,9.65063725656537,0,228.345698370498,77.717548769805,0,28.5863314339915,0.671148725931255,6.7876939076064,0,0,5.92615194020182,6.20871492704007,0,0,11.9704632763023,12.0991632289221,0
L1PA2_dup1298,chr4,113489139,113495167,-,6029,80.6130057160034,263.776483262705,19.7204067107091,23.4969766876669,65.2772818974421,49.052133596026,54.2618641051651,9.83381862733013,11.3099366850979,37.5747164190613,230.061628824708,42.2621564352012,253.836027531787,76.1845783034233,24.7994385485212,111.7320260801,29.1333383460636,1.75041167782527,91.4103658728656,0,148.248038819961,6.48213939086368,82.1492805220478,20.460001369667,24.8636419631973,46.6502263466564,12.1319502373457,14.4503934674639,0.764496469233446,53.1990919958138,24.2663935873796,30.5756937403729,23.207255221579,49.9768406702477,160.529011117614,26.6545418695369,7.95321784591687,31.7392599162751,18.3885765405542,22.9859130978824,6.60895966579858,15.6429804076716,17.80538366165,7.56826134454787,25.9936739118117,19.1614038199201,2.33794422092817,7.23797794242403,56.5836271240814,0,15.543509753961,11.2648265857827,15.8812952411064,10.7383796149001,0,29.67306064255,30.9273099079864,1.36757352466196,58.539312169235,30.5479311492308,53.5291003694547,123.124765127681,38.1879839412853,62.7592579356738
L1PA2_dup130,chr1,102928103,102934113,-,6011,13.1230474421401,0,2.32004784831872,20.8862015001484,173.060700844381,0,1.93792371804161,3.78223793358851,6.16905637368975,5.69313885137293,14.6847848185984,14.7917547523204,0,46.5572422965364,1.05529525738388,50.0867703117689,59.2377879703294,4.8136321140195,4.06268292768292,0,75.4717288537984,0.498626106989514,8.38257964510692,3.63733357682969,45.1471393542266,0,0,8.53886886713778,11.4674470385017,9.54855497360761,0,0,9.94596652353384,0,33.5651568700466,1.1106059112307,8.90760398742689,4.17012174082446,0,14.627399244107,14.8701592480468,7.56918406822819,0,11.7728509804078,40.7468401860832,8.89636605924864,8.01580875746802,6.63481311388869,24.5195717537686,0,2.5905849589935,0,73.0539581090894,6.04033853338129,0,3.423814689525,10.3091033026621,0,0.886959275291439,30.5479311492308,0.540697983529845,34.2013236465779,9.83057012349919,1.06371623619786
L1PA2_dup1331,chr4,128213790,128219796,+,6007,0,7.22675296610152,5.8001196207968,1.95808139063891,83.494197775798,11.8674516764579,11.6275423082497,9.07737104061243,8.225408498253,4.55451108109834,0,0,0,0,3.69353340084359,1.92641424276034,0,0,10.1567073192073,0,21.5633511010853,0,3.35303185804277,16.3680010957336,34.6782374749857,0,13.9984041200142,25.6166066014133,4.9692270500174,5.45631712777578,0,0,0,0,0,7.77424137861492,6.68070299057017,16.448813533252,8.01553336383133,35.5236838785455,41.3059979112411,12.1106945091651,12.5447021252534,5.04550756303192,10.5379759101939,0,18.3695617358642,6.63481311388869,0,0,0,0,9.52877714466384,2.01344617779376,0,30.0534844969416,0,0,0,10.5742838593491,14.058147571776,0,7.18387816717249,0
L1PA2_dup1375,chr4,146350019,146356052,+,6034,0,0,0,2.61077518751854,1.51807632319633,14.2409420117495,0,1.5128951734354,1.02817606228163,0,0,0,0,0,0.527647628691941,0,0,1.75041167782527,2.03134146384146,0,0,0,0,0,0,1.97113632450661,0,0,0,0,0,0,0,0,0,5.55302955615352,0,0,5.18652158836145,16.7170277075508,0,1.00922454243043,10.5213630727932,1.68183585434397,0,12.3180453128058,0.333992031561167,0,0,0,18.1340947129545,0,0,2.68459490372502,0,22.8254312635,0,0,0,0,23.7907112753132,0,0.378098850903815,0
L1PA2_dup1379,chr4,148317875,148323904,-,6030,16.8724895684658,7.22675296610152,8.12016746911552,0,1.51807632319633,2.37349033529158,36.8205506427906,3.78223793358851,7.19723243597138,17.0794165541188,122.373206821653,9.86116983488029,0,24.3367402913713,5.27647628691941,21.1905566703638,0.971111278202122,1.31280875836895,2.03134146384146,162.347532211058,51.2129588650775,12.2163396212431,150.886433611925,9.09333394207423,18.9748846561242,33.5093175166123,5.5993616480057,9.85254100054359,21.4059011385365,19.0971099472152,15.7017840859515,18.1381234053059,46.4145104431579,51.4467477487844,27.7277382839516,4.44242364492281,2.86315842453007,1.85338744036643,14.1450588773494,2.08962846344386,4.13059979112411,6.05534725458256,3.6420102944284,8.40917927171986,40.0443084587369,60.2215548626062,12.023713136202,12.6664613992421,0,0,12.9529247949675,2.5032947968406,44.4676266750979,4.02689235558753,0,25.10797438985,41.2364132106485,0.455857841553986,21.2870226069945,0,184.918710367207,35.9113898289068,1.89049425451908,90.4158800768182
L1PA2_dup1398,chr4,158084241,158090272,-,6032,9.37360531581435,0,8.12016746911552,9.13771315631491,0,6.32930756077755,5.81377115412483,16.6418469077894,14.3944648719428,4.55451108109834,0,8.45243128704025,0,1.0581191431031,11.0806002025308,7.70565697104138,0.971111278202122,35.0082335565055,123.911829294329,0,13.4770944381783,2.99175664193708,21.794707077278,9.09333394207423,15.0490464514089,9.19863618103084,21.4642196506885,9.19570493384068,31.3443552385713,12.2767135374955,44.2504824240451,7.77348145941683,0,61.7360972985413,0,14.4378768459991,50.2643367861946,5.32848889105348,75.9118159751085,22.9859130978824,25.6097187049695,25.2306135607606,2.02333905246022,6.72734341737589,113.810139830094,50.6408529526461,12.3577051677632,12.6664613992421,0,0,12.9529247949675,0,12.7050361928851,12.0806770667626,0,0.380423854391666,0,3.64686273243189,37.2522895622404,0,23.2500132917834,0,12.0991632289221,0
L1PA2_dup1418,chr4,164350750,164356776,+,6027,1.87472106316287,0,4.64009569663744,0,0,0,0,0,1.02817606228163,0,0,0,0,0,0,1.92641424276034,0,7.43924963075741,0,0,0,0.498626106989514,0,0,0.65430636745256,10.5127270640352,0,0.656836066702906,0,0,1.42743491690468,0.518232097294456,0,1.4699070785367,0,0,0.318128713836675,0.463346860091607,0.471501962578314,0.696542821147952,1.65223991644965,0.504612271215213,0.404667810492045,0,0,0,1.33596812624467,0,0,0,0,12.516473984203,19.0575542893277,0,0,0,1.58601589271725,0,0,0,34.6046709459101,0,0,0
L1PA2_dup142,chr1,112154800,112160810,-,6011,0,0,9.28019139327488,15.0119573282316,1.51807632319633,2.37349033529158,0,15.128951734354,5.14088031140813,6.83176662164751,73.423924092992,12.6786469305604,0,44.4410040103302,1.58294288607582,71.2773269821327,0.971111278202122,12.2528817447769,0,0,110.512174393062,0.74793916048427,1.67651592902138,1.36400009131113,52.3445093962048,10.5127270640352,17.7313118853514,3.28418033351453,0,49.106854149982,18.5566539197608,1.03646419458891,132.612886980451,263.113367058069,45.2399940422368,3.33181773369211,35.6304159497076,4.40179517087027,36.7771530811085,0,0.826119958224823,8.57840861065862,5.66534934688862,14.2956047619238,64.632918915856,10.9493736113829,1.33596812624467,7.23797794242403,0,1.65467897369926,121.757493072694,35.0461271557683,117.521584784187,14.0941232445564,54.3015512608512,0,12.688127141738,0,37.2522895622404,0,84.8895834141857,3.42013236465779,9.45247127259538,0
L1PA2_dup1426,chr4,168441990,168448038,+,6049,0,0,6.96014354495616,5.22155037503709,0,28.481884023499,0,3.02579034687081,0,4.55451108109834,0,14.0873854784004,0,1.0581191431031,6.33177154430329,1.92641424276034,32.04667218067,5.25123503347582,0,0,2.69541888763566,21.1916095470543,21.794707077278,0.454666697103712,1.96291910235768,11.8268179470396,1.86645388266857,4.59785246692034,6.88046822310101,1.36407928194394,0,0,0,0,0,3.33181773369211,11.1345049842836,2.78008116054964,54.2227256965061,0.696542821147952,1.65223991644965,4.54151044093692,9.71202745180907,4.20458963585993,23.8860787297729,45.8505019976661,8.01580875746802,19.3012745131307,20.7473299454965,0,25.905849589935,0,0,2.01344617779376,0,0.380423854391666,0,0,0.886959275291439,3.52476128644971,1.62209395058954,32.491257464249,6.42768046536486,1.06371623619786
L1PA2_dup1462,chr5,147715846,147721872,-,6027,88.1118899686549,104.787918008472,20.8804306348685,5.22155037503709,116.891876886117,73.578200394039,81.3927961577477,15.128951734354,4.1127042491265,23.9111831757663,523.757325196676,48.6014799004814,55.4354542885511,126.974297172372,42.7394579240472,25.0433851558845,31.0755609024679,0.875205838912637,58.9089024514023,274.127800290803,188.679322134496,57.8406284107836,78.7962486640051,55.4693370466528,26.1722546981024,61.1052260597049,25.1971274160256,28.243950868225,24.0816387808536,25.9175063569349,42.8230475071404,19.1745875998949,222.126585692256,111.712937968789,151.772883238472,46.6454482716895,18.7695941163638,43.5546048486111,16.9740706528193,12.5377707806631,15.6962792062716,25.7352258319759,18.210051472142,21.8638661064716,70.2531727346261,108.125064412407,45.7569083238799,59.1101531964629,47.1530226034012,0,36.268189425909,83.86037569416,41.2913676268766,0,251.144674581437,79.1281617134666,95.9539615093936,42.8506371060747,52.3305972421949,11.7492042881657,14.5988455553058,71.8227796578137,30.2479080723052,141.474259414315
L1PA2_dup1463,chr5,161606051,161612084,-,6034,0,0,0,1.95808139063891,0,4.74698067058316,15.5033897443329,3.02579034687081,11.3099366850979,0,4.89492827286613,0,0,0,0,0,0,0,4.06268292768292,0,0,4.23832190941087,0,4.0920002739334,0,0,10.2654963546771,5.25468853362325,11.4674470385017,0,0,0,0,0,0,0,0,0,0,0,0,1.00922454243043,0,0,0,0,0,0,0,0,0,0,0,2.01344617779376,0,9.89102021418333,1.58601589271725,0.455857841553986,0,0,0,1.7100661823289,0,0
L1PA2_dup1476,chr5,7193770,7199795,+,6026,1.87472106316287,0,3.48007177247808,0,0,5.53814411568035,0,3.78223793358851,14.3944648719428,0,0,0,0,0,28.4929719493648,0,0,5.25123503347582,46.7208536683535,133.071747713982,0,7.47939160484271,0,5.00133366814083,0,0,38.2623045947056,4.59785246692034,0,12.2767135374955,2.85486983380936,0.518232097294456,3.31532217451128,0,7.29677323261883,0,4.77193070755012,2.08506087041223,9.90154121414459,9.05505667492337,7.4350796240234,3.02767362729128,0,0.840917927171986,0.702531727346261,21.2144113720544,1.33596812624467,0.603164828535336,0,0,0,1.2516473984203,0,6.04033853338129,0,118.6922425702,0,0,0.886959275291439,0,14.058147571776,8.55033091164448,0,0
L1PA2_dup1490,chr5,16335411,16341440,+,6030,26.2460948842802,3.61337648305076,23.2004784831872,7.83232556255563,4.55422896958898,30.8553743587905,21.3171608984577,12.1031613874832,2.05635212456325,25.0498109460409,156.637704731716,5.63495419136016,0,31.743574293093,27.9653243206729,0,14.5666691730318,12.6904846642332,26.407439029939,0,43.1267022021705,28.9203142053918,0,20.0053346725633,32.715318372628,19.0543178035639,0,9.19570493384068,14.1431846808188,5.45631712777578,9.99204441833276,1.03646419458891,23.207255221579,39.6874911204908,39.4025754561417,16.6590886684605,13.3614059811403,29.1908521857712,14.6165608399277,12.5377707806631,16.5223991644965,11.1014699667347,1.61867124196818,10.0910151260638,21.0759518203878,2.0530075521343,21.3754900199147,2.41265931414134,0,0,2.5905849589935,1.2516473984203,0,22.1479079557314,0,26.249245953025,36.4783655324967,4.55857841553986,25.7218189834517,0,31.360483044731,41.0415883758935,12.4772620798259,0
L1PA2_dup1560,chr5,43717954,43723974,+,6021,0,25.2936353813553,0,0,0,5.53814411568035,0,11.3467138007655,7.19723243597138,3.41588331082376,14.6847848185984,6.33932346528018,5.83531097774223,26.4529785775775,2.11059051476776,30.8226278841655,0,3.93842627510687,0,0,2.69541888763566,11.9670265677483,0,23.1880015522893,40.5669947820587,4.59931809051542,24.2639004746913,28.9007869349279,0,4.09223784583183,27.1212634211889,4.6640888756501,0,0,0,4.44242364492281,7.31696041824352,23.3990164346262,16.9740706528193,17.4135705286988,9.91343949869787,12.1106945091651,11.7353665042693,8.40917927171986,4.21519036407757,0,9.01778485215152,4.82531862828269,0,0,7.7717548769805,26.2845953668263,12.7050361928851,2.01344617779376,0,28.531789079375,0,0,0,0,0,0,0.378098850903815,0
L1PA2_dup16,chr1,25506586,25512707,+,6122,0,0,0,22.1915890939076,0,55.3814411568035,0,6.80802828045932,3.08452818684488,4.55451108109834,0,31.6966173264009,43.7648323330667,9.52307228792791,7.91471443037911,0,0,7.00164671130109,0,0,0,34.1558883287817,0,80.9306720844607,0,26.2818176600881,18.6645388266857,30.2144590683337,6.11597175386757,2.72815856388789,8.56460950142808,0,0,0,0,13.3272709347684,10.1801188427736,31.0442396261377,6.60102747609639,45.9718261957648,22.3052388720702,14.6337558652412,24.6847364400147,0,2.81012690938505,0,7.01383266278451,0.603164828535336,0,0,0,8.76153178894209,9.52877714466384,2.68459490372502,427.624716179203,33.4772991864666,28.5482860689105,0,14.191348404663,0,10.8139596705969,17.100661823289,0,0
L1PA2_dup1621,chr5,75642236,75648286,+,6051,48.7427476422346,39.7471413135584,37.1207655730995,1.30538759375927,283.880272437713,21.3614130176242,96.8961859020805,23.4498751882488,4.1127042491265,74.0108050678481,39.1594261829291,104.246652540163,67.1060762440356,117.451224884444,94.4489255358574,104.026369109059,202.962257144243,11.3776759058643,282.356463473963,71.8587437655504,250.673956550116,8.72595687231649,0,2.27333348551856,38.604075679701,72.9320440067445,25.1971274160256,26.2734426681162,39.3715681655225,38.1942198944304,88.5009648480902,40.4221035889675,245.333840913835,144.050893696596,52.5367672748556,86.6272610759948,86.8491388774122,25.4840773050384,128.248533821301,35.5236838785455,35.5231582036674,18.1660417637477,32.3734248393636,53.8187473390071,136.993686832521,125.917796530904,50.4327967657363,86.252570480553,111.281133344027,120.791565080046,111.39515323672,101.383439272044,50.8201447715405,0.671148725931255,54.3015512608512,10.271444068575,5.55105562451037,20.5136028699294,11.5304705787887,14.0990451457988,0,27.3610589172624,12.0991632289221,30.847770849738
L1PA2_dup1653,chr5,92296969,92302985,-,6017,20.6219316947916,0,2.32004784831872,0,40.9880607263008,0,0,1.5128951734354,9.25358456053463,4.55451108109834,0,12.6786469305604,2.91765548887111,8.46495314482481,4.22118102953553,0,0.971111278202122,0.437602919456318,50.7835365960365,2.66143495427964,45.8221210898062,0.997252213979027,0,0,55.6160412334676,15.1120451545507,9.33226941334283,1.31367213340581,7.64496469233446,4.09223784583183,15.7017840859515,12.4375703350669,3.31532217451128,5.87962831414679,0,2.22121182246141,4.13567327987677,1.39004058027482,0.943003925156628,2.78617128459181,4.95671974934894,0.504612271215213,0.809335620984089,0.840917927171986,5.62025381877009,1.36867170142287,4.00790437873401,0.603164828535336,0,0,7.7717548769805,0,0,2.01344617779376,0,0,0,0,4.4347963764572,0,2.16279193411938,0,0,6.38229741718716
L1PA2_dup1746,chr5,132513965,132519996,+,6032,13.1230474421401,0,2.32004784831872,1.95808139063891,129.036487471688,0,0,8.32092345389472,2.05635212456325,0,0,8.45243128704025,0,0,10.0253049451469,1.92641424276034,6.79777894741485,7.43924963075741,0,0,5.39083777527132,1.49587832096854,18.4416752192352,0,12.4318209815986,0,6.53258858933998,1.97050820010872,1.91124117308362,10.9126342555516,0,0,6.63064434902256,0,1.45935464652377,0,12.0888911257936,6.7185294713283,11.7875490644578,3.48271410573976,13.2179193315972,0.504612271215213,2.02333905246022,0,2.81012690938505,47.2191736990889,10.6877450099574,4.22215379974735,0,0,0,12.516473984203,25.4100723857702,8.72493343710631,20.3630817228192,14.0756826124917,7.93007946358625,1.36757352466196,1.77391855058288,0,11.8953556376566,0,2.64669195632671,21.2743247239572
L1PA2_dup1749,chr5,137044643,137050656,-,6014,0,0,5.8001196207968,14.359263531352,110.819571593332,8.70279789606913,0,3.02579034687081,3.08452818684488,3.41588331082376,0,31.6966173264009,0,45.4991231534333,13.1911907172985,0,1.94222255640424,6.12644087238846,2.03134146384146,0,2.69541888763566,3.24106969543184,80.4727645930265,1.81866678841485,0.65430636745256,0.657045441502203,0,1.31367213340581,11.4674470385017,1.36407928194394,11.4194793352374,0,13.2612886980451,13.2291637068303,21.8903196978565,14.4378768459991,13.3614059811403,5.32848889105348,6.12952551351808,1.3930856422959,4.13059979112411,5.04612271215213,10.1166952623011,6.72734341737589,2.10759518203878,54.0625322062033,14.6956493886914,4.22215379974735,0,0,2.5905849589935,17.5230635778842,31.7625904822128,2.68459490372502,6.7876939076064,10.6518679229667,0,0,18.6261447811202,16.448886003432,48.6628185176861,20.5207941879468,13.9896574834412,1.06371623619786
L1PA2_dup1752,chr5,139005424,139011486,-,6063,7.49888425265148,61.4274002118629,2.32004784831872,2.61077518751854,3.03615264639265,9.49396134116632,9.68961859020805,12.1031613874832,9.25358456053463,17.0794165541188,44.0543544557952,56.3495419136016,0,7.40683400172171,3.16588577215165,15.4113139420828,1.94222255640424,3.50082335565055,0,0,72.7763099661628,1.24656526747378,26.8242548643422,5.00133366814083,0.65430636745256,0,5.5993616480057,11.8230492006523,7.64496469233446,6.82039640971972,0,0,3.31532217451128,49.9768406702477,27.7277382839516,7.77424137861492,10.4982475566103,30.1175459059545,8.01553336383133,4.87579974803566,70.2201964491099,35.8274712562801,15.7820446091897,15.9774406162677,46.3670940048533,82.1203020853721,11.3557290730797,24.1265931414134,0,0,28.4964345489285,31.2911849605075,50.8201447715405,8.72493343710631,0,15.5973780300583,19.8251986589656,23.2487499192533,14.191348404663,3.52476128644971,29.7383890941415,68.4026472931559,0.378098850903815,39.3575007393208
L1PA2_dup1760,chr5,145418733,145424748,-,6016,9.37360531581435,0,8.12016746911552,5.22155037503709,0,0.791163445097193,19.3792371804161,0,1.02817606228163,0,112.583350275921,6.33932346528018,0,7.40683400172171,3.69353340084359,1.92641424276034,0,5.68883795293214,34.5328048853048,0,86.253404404341,0,3.35303185804277,1.81866678841485,66.7392494801611,0,0.933226941334283,15.7640656008697,0,9.54855497360761,21.4115237535702,0,0,1.4699070785367,39.4025754561417,1.1106059112307,1.2725148553467,4.40179517087027,0,0.696542821147952,0.826119958224823,0,2.42800686295227,0,0,0,0.667984063122335,0,0,0,7.7717548769805,0,12.7050361928851,0.671148725931255,0,0,20.6182066053242,0.455857841553986,12.4174298540801,0,0,0,0,0
L1PA2_dup1770,chr5,148942274,148948290,+,6017,16.8724895684658,7.22675296610152,2.32004784831872,7.83232556255563,4.55422896958898,14.2409420117495,3.87584743608322,1.5128951734354,3.08452818684488,18.2180443243934,0,9.86116983488029,0,13.7555488603403,6.33177154430329,36.6018706124465,1.94222255640424,6.12644087238846,0,0,97.0350799548837,6.48213939086368,20.1181911482566,4.0920002739334,2.61722546981024,3.28522720751101,13.9984041200142,5.25468853362325,3.82248234616723,5.45631712777578,12.8469142521421,4.14585677835565,9.94596652353384,0,10.2154825256664,1.1106059112307,6.68070299057017,4.63346860091607,7.54403140125302,1.3930856422959,0,2.01844908486085,3.6420102944284,10.9319330532358,8.43038072815514,9.58070190996007,1.66996015780584,1.20632965707067,1.88612090413605,82.7339486849629,7.7717548769805,2.5032947968406,9.52877714466384,0,13.5753878152128,0.380423854391666,0,1.82343136621594,8.86959275291439,39.9472945797633,26.4942011929624,15.3905956409601,0,18.0831760153636
L1PA2_dup1778,chr5,152740937,152746968,+,6032,7.49888425265148,0,23.2004784831872,0,39.4699844031045,0,0,1.5128951734354,4.1127042491265,11.3862777027459,78.3188523658581,23.9485553132807,0,0,10.5529525738388,5.77924272828103,20.3933368422446,2.62561751673791,26.407439029939,0,0,10.4711482467798,92.2083760961762,0.454666697103712,0,8.54159073952864,5.5993616480057,0,3.44023411155051,4.09223784583183,0,0,0,0,78.8051509122834,6.66363546738422,41.038604084931,7.87689662155732,50.9222119584579,0.696542821147952,18.1746390809461,8.07379633944341,9.30735964131703,1.68183585434397,21.7784835477341,22.5830830734773,0,0.603164828535336,13.2028463289523,0,0,8.76153178894209,19.0575542893277,21.4767592298002,0,0.380423854391666,0,29.1749018594551,14.191348404663,4.69968171526627,28.116295143552,13.6805294586312,27.9793149668823,132.964529524733
L1PA2_dup1805,chr5,170239777,170245795,-,6019,3.74944212632574,0,6.96014354495616,0,0,3.95581722548597,9.68961859020805,6.80802828045932,9.25358456053463,1.13862777027459,0,10.5655391088003,0,4.2324765724124,3.16588577215165,9.63207121380172,25.2488932332552,0.437602919456318,6.09402439152438,0,0,0,10.0590955741283,12.2760008218002,11.7775146141461,9.85568162253304,10.2654963546771,1.97050820010872,5.35147528463412,1.36407928194394,1.42743491690468,8.29171355671129,0,1.4699070785367,0,3.33181773369211,2.22690099685672,6.25518261123669,0.943003925156628,5.57234256918361,14.044039289822,4.0368981697217,3.23734248393636,5.04550756303192,2.10759518203878,0.684335850711434,0,4.22215379974735,1.88612090413605,0,20.724679671948,11.2648265857827,19.0575542893277,2.68459490372502,0,2.28254312635,1.58601589271725,22.3370342361453,0,0,0,27.3610589172624,0,0
L1PA2_dup1933,chr6,71138559,71146364,+,7806,0,0,3.48007177247808,15.0119573282316,27.3253738175339,1.58232689019439,9.68961859020805,6.80802828045932,1.02817606228163,5.69313885137293,63.6340675472597,0,0,13.7555488603403,7.91471443037911,0,39.815562406287,9.18966130858268,0,0,8.08625666290697,9.47389603280076,18.4416752192352,1.81866678841485,23.5550292282921,12.4838633885419,0,0,6.49821998848429,16.3689513833273,0,7.25524936212238,9.94596652353384,0,0,1.1106059112307,3.49941585220342,0.231673430045803,1.88600785031326,6.26888539033157,0.826119958224823,1.51383681364564,2.02333905246022,5.04550756303192,2.81012690938505,8.89636605924864,14.3616573571302,0.603164828535336,33.9501762744488,0,183.931532088538,13.7681213826233,104.816548591302,4.02689235558753,936.701759249684,6.08678167026666,141.948422398194,19.6018871868214,45.2349230398634,0,508.796802501585,117.994566580694,62.0082115482257,154.23885424869
L1PA2_dup1953,chr6,77082478,77088496,-,6019,9.37360531581435,3.61337648305076,12.760263165753,5.22155037503709,47.0603660190861,79.1163445097193,46.5101692329987,2.26934276015311,9.25358456053463,46.683738581258,195.797130914645,21.1310782176006,0,55.0221954413612,4.22118102953553,48.1603560690086,145.666691730318,4.8136321140195,12.1880487830488,0,72.7763099661628,0,3.35303185804277,32.2813354943635,5.23445093962048,7.88454529802643,2.79968082400285,5.25468853362325,1.52899293846689,23.189347793047,17.1292190028562,10.8828740431836,59.6757991412031,17.6388849424404,183.878685461995,3.33181773369211,14.633920836487,7.64522319151151,21.2175883160241,10.4481423172193,19.0007590391709,24.7260012895454,19.4240549036181,26.0684557423316,35.1265863673131,34.2167925355717,11.0217370415185,10.2538020851007,9.43060452068023,0,69.9457938928245,10.0131791873624,19.0575542893277,3.35574362965627,0,8.36932479661666,19.032190712607,26.8956126516852,0.886959275291439,0,54.0697983529845,15.3905956409601,4.9152850617496,41.4849332117166
L1PA2_dup196,chr1,163639994,163646040,-,6047,13.1230474421401,0,1.16002392415936,0,31.8796027871229,0,0,0,0,2.27725554054917,4.89492827286613,0,0,1.0581191431031,17.4123717468341,3.85282848552069,0,0,0,0,35.0404455392636,0.74793916048427,16.7651592902138,0.454666697103712,0,1.31409088300441,0,5.91152460032615,0,5.45631712777578,0,1.03646419458891,6.63064434902256,0,36.4838661630942,12.2166650235377,0.318128713836675,0.926693720183214,8.95853728898796,0,0.826119958224823,3.02767362729128,1.21400343147613,0.840917927171986,18.2658249110028,2.0530075521343,4.34189641029518,0,0,0,2.5905849589935,15.0197687810436,0,0.671148725931255,0,0.380423854391666,21.4112145516829,0.455857841553986,0,0,0.540697983529845,0,6.80577931626867,1.06371623619786
L1PA2_dup1968,chr6,82558404,82564423,+,6020,0,0,2.32004784831872,1.95808139063891,0,0,0,0.756447586717702,2.05635212456325,0,0,0.70436927392002,0,0,4.74882865822747,13.4848996993224,31.0755609024679,1.31280875836895,0,0,0,0,0,1.36400009131113,0,0.657045441502203,0.933226941334283,0.656836066702906,0,0,0,0,3.31532217451128,0,0,2.22121182246141,51.854980355378,5.32848889105348,0.471501962578314,11.1446851383672,36.3492781618922,24.7260012895454,22.6613973875545,1.68183585434397,18.9683566383491,0,4.00790437873401,2.41265931414134,0,0,18.1340947129545,0,0,7.3826359852438,0,0,26.1692622298346,0.455857841553986,0,0,22.7093153082535,0,11.7210643780183,0
L1PA2_dup1978,chr6,86665209,86671238,-,6030,20.6219316947916,3.61337648305076,0,0,1.51807632319633,0,0,0.756447586717702,1.02817606228163,6.83176662164751,0,5.63495419136016,0,0,2.6382381434597,15.4113139420828,0,0,0,0,0,0,0,0.454666697103712,0,15.7690905960529,0,3.94101640021744,0,2.72815856388789,0,0,0,2.93981415707339,39.4025754561417,2.22121182246141,0,0.231673430045803,0.471501962578314,0,1.65223991644965,1.51383681364564,2.42800686295227,0,30.2088642758892,0,0.333992031561167,0,5.65836271240814,0,0,11.2648265857827,31.7625904822128,0,0,0,12.688127141738,0,0,0,0,0,3.78098850903815,0
L1PA2_dup1992,chr6,93631589,93637609,-,6021,0,39.7471413135584,0,0,19.7349922015522,0,0,0.756447586717702,0,1.13862777027459,0,0,0,0,0,0,0.971111278202122,0.437602919456318,0,0,0,0,0,3.63733357682969,0,0,0,0,0,0,0,0,0,1.4699070785367,0,0,0,0.463346860091607,0,0,0,0.504612271215213,0.404667810492045,0,1.40506345469252,0,0,0,0,147.266428659234,0,0,0,2.68459490372502,0,0,0,0,0,0,0,0,0,0
L1PA2_dup200,chr1,169251562,169257591,-,6030,13.1230474421401,21.6802588983046,22.0404545590278,0,33.3976791103192,31.6465378038877,52.3239403871235,14.3725041476363,3.08452818684488,12.5249054730204,151.74277645885,30.9922480524809,0,12.6974297172372,23.7441432911373,0,0,0,50.7835365960365,0,0,15.7067223701697,48.6189619416201,0.454666697103712,15.7033528188614,29.5670448675991,8.39904247200854,22.9892623346017,8.79170939618463,17.7330306652713,1.42743491690468,18.6563555026004,9.94596652353384,0,37.9432208096179,5.55302955615352,11.1345049842836,5.79183575114509,22.1605922411808,2.78617128459181,10.7395594569227,15.1383681364564,11.3306986937772,8.40917927171986,21.7784835477341,0,6.34584859966218,7.23797794242403,28.2918135620407,0,18.1340947129545,0,73.0539581090894,2.01344617779376,352.960083195533,12.553987194925,0,9.5730146726337,0.886959275291439,14.0990451457988,50.2849124682756,10.2603970939734,0.75619770180763,70.2052715890588
L1PA2_dup2004,chr6,100196462,100202490,+,6029,3.74944212632574,46.9738942796599,0,0,0,5.53814411568035,0,10.5902662140478,1.02817606228163,2.27725554054917,0,14.0873854784004,151.718085421298,16.9299062896496,0.527647628691941,0,0,0.875205838912637,2.03134146384146,0,0,0,0,0,0,0,0,7.22519673373196,0,8.18447569166366,0,0,0,8.81944247122018,0,4.44242364492281,6.04444556289682,13.9004058027482,5.18652158836145,0,42.9582378276908,8.57840861065862,4.45134591541249,2.52275378151596,0.702531727346261,0,11.3557290730797,0,0,0,0,0,0,0.671148725931255,0,0,0,0,0,0,0,20.5207941879468,12.8553609307297,0
L1PA2_dup2047,chr6,120688740,120694768,+,6029,3.74944212632574,14.453505932203,15.0803110140717,1.30538759375927,22.7711448479449,3.16465378038877,17.4413134623745,0.756447586717702,2.05635212456325,17.0794165541188,97.8985654573226,4.93058491744014,14.5882774443556,0,4.74882865822747,3.85282848552069,15.5377804512339,5.25123503347582,6.09402439152438,423.168157730463,16.1725133258139,0.498626106989514,35.2068345094491,5.00133366814083,0,0.657045441502203,2.79968082400285,9.19570493384068,6.49821998848429,4.09223784583183,24.2663935873796,3.10939258376673,0,23.5185132565872,27.7277382839516,7.77424137861492,22.2690099685672,6.7185294713283,26.4041099043856,6.26888539033157,15.6962792062716,9.08302088187383,18.210051472142,15.1365226890957,35.1265863673131,40.3758151919746,5.34387250497868,4.22215379974735,0,0,0,3.75494219526089,6.35251809644256,0,0,0,0,9.5730146726337,0,2.34984085763314,12.9767516047163,0,0,10.6371623619786
L1PA2_dup2089,chr6,162838593,162844620,-,6028,24.3713738211173,43.3605177966091,0,0,0,0,1.93792371804161,0,0,0,4.89492827286613,0,0,0,0,0,0,0,0,0,0,0.249313053494757,0,0,0,7.22749985652423,0,0,6.11597175386757,6.82039640971972,0,0,13.2612886980451,14.699070785367,0,0,5.09005942138679,0,0.471501962578314,0,0.826119958224823,0,0,0,1.40506345469252,1.36867170142287,0,0,0,0,2.5905849589935,0,0,0,0,3.423814689525,0,8.20544114797174,0,0,2.70348991764923,0,0,3.19114870859358
L1PA2_dup2091,chr6,164781961,164787983,-,6023,35.6197002000945,3.61337648305076,29.000598103984,28.0658332658244,54.6507476350678,34.0200281391793,17.4413134623745,71.8625207381817,33.9298100552936,25.0498109460409,48.9492827286613,21.8354474915206,0,10.581191431031,32.1865053502084,0,0,23.6305576506412,6.09402439152438,98.4730933083468,10.7816755505426,0,30.1772867223849,9.54800063917794,58.8875730707304,1.97113632450661,64.3926589520655,41.3806722022831,32.1088517078047,2.72815856388789,68.5168760114247,8.80994565400575,43.0991882686467,58.7962831414679,46.6993486887605,41.092418715536,26.404683248444,8.10857005160312,9.43003925156628,22.2893702767345,46.2627176605901,24.7260012895454,25.4940720609988,43.7277322129433,14.0506345469252,23.9517547749002,17.0335936096195,22.3170986558074,15.0889672330884,0,15.543509753961,0,0,9.39608216303757,0,6.46720552465833,15.0671509808139,7.74958330641776,15.0783076799545,12.9241247169823,0,44.4617207405513,15.1239540361526,15.9557435429679
L1PA2_dup2127,chr7,15547310,15553333,+,6024,0,0,0,32.6346898439818,30.3615264639265,0.791163445097193,0,3.78223793358851,5.14088031140813,6.83176662164751,0,7.04369273920021,0,0,0.527647628691941,0,0,4.37602919456318,0,0,0,0.997252213979027,1.67651592902138,0,0.65430636745256,0.657045441502203,2.79968082400285,10.5093770672465,0,9.54855497360761,0,0,26.5225773960902,0,1.45935464652377,0,0,2.31673430045803,1.41450588773494,0,5.78283970757376,1.51383681364564,6.47468496787271,0,0,4.1060151042686,3.00592828405051,3.61898897121201,0,0,0,0,0,0,0,1.52169541756667,60.2686039232555,9.5730146726337,6.20871492704007,0,0,0,0.378098850903815,0
L1PA2_dup2155,chr7,25603034,25609049,+,6016,13.1230474421401,10.8401294491523,15.0803110140717,16.3173449219909,1.51807632319633,4.74698067058316,36.8205506427906,3.78223793358851,3.08452818684488,4.55451108109834,0,13.3830162044804,0,41.2666465810209,2.6382381434597,7.70565697104138,11.6533353384255,7.87685255021373,0,2.66143495427964,0,13.7122179422116,0,3.18266687972598,19.6291910235768,0.657045441502203,22.3974465920228,9.19570493384068,4.9692270500174,31.3738234847107,1.42743491690468,0,3.31532217451128,1.4699070785367,32.1058022235229,6.66363546738422,13.3614059811403,0.463346860091607,14.6165608399277,4.87579974803566,1.65223991644965,2.01844908486085,0.404667810492045,19.3411123249557,73.7658313713574,32.1637849834374,14.6956493886914,45.2373621401502,39.608538986857,0,0,25.032947968406,3.17625904822128,10.7383796149001,0,22.0645835547167,34.0993416934209,8.66129898952573,40.8001266634062,3.52476128644971,0.540697983529845,8.55033091164448,7.5619770180763,0
L1PA2_dup2164,chr7,32682679,32688715,-,6037,18.7472106316287,46.9738942796599,10.4402153174342,18.2754263126298,9.10845793917796,0,5.81377115412483,12.1031613874832,33.9298100552936,7.9703943919221,0,0,0,16.9299062896496,15.3017812320663,42.3811133407276,0,31.0698072813986,0,0,0,0,28.5007707933635,8.18400054786681,0.65430636745256,34.8234083996167,13.9984041200142,38.0964918687685,3.82248234616723,16.3689513833273,14.2743491690468,5.18232097294456,66.3064434902256,5.87962831414679,26.2683836374278,34.4287832481518,20.3602376855472,19.2288946938017,15.088062802506,9.05505667492337,46.2627176605901,21.6983276622542,15.3773767986977,7.56826134454787,42.1519036407757,27.3734340284574,8.01580875746802,0,24.5195717537686,0,7.7717548769805,2.5032947968406,12.7050361928851,8.72493343710631,0,33.096875332075,0,4.10272057398587,37.2522895622404,14.0990451457988,0,18.8107280056179,11.7210643780183,51.0583793374973
L1PA2_dup2168,chr7,33521748,33527773,-,6026,1.87472106316287,0,1.16002392415936,0,1.51807632319633,0,0,2.26934276015311,1.02817606228163,0,0,0,0,11.6393105741341,1.58294288607582,0,0,5.25123503347582,2.03134146384146,0,0,0.249313053494757,0,11.8213341246965,0,0,0,0,0.382248234616723,0,0,0,0,0,17.5122557582852,0,2.22690099685672,1.85338744036643,1.88600785031326,0,4.13059979112411,1.00922454243043,3.6420102944284,1.68183585434397,11.2405076375402,0,0.333992031561167,4.82531862828269,0,0,10.362339835974,0,0,0,0,17.8799211564083,1.58601589271725,5.47029409864783,0,0,25.9535032094326,0,18.5268436942869,20.2106084877594
L1PA2_dup2180,chr7,39007528,39013552,-,6025,204.344595884753,75.8809061440659,2.32004784831872,5.87424417191673,0,0,15.5033897443329,2.26934276015311,0,4.55451108109834,127.268135094519,6.33932346528018,0,1.0581191431031,0,17.3377281848431,0,5.68883795293214,24.3760975660975,0,115.903012168333,5.73420023037941,1.67651592902138,0,0,1.31409088300441,0,7.88203280043487,4.58697881540068,73.660281224973,1.42743491690468,0,86.1983765372933,17.6388849424404,0,0,0.954386141510024,0,6.60102747609639,0.696542821147952,0,8.07379633944341,0,0,37.9367132766981,2.0530075521343,0,2.41265931414134,24.5195717537686,0,5.181169917987,31.2911849605075,41.2913676268766,0.671148725931255,0,4.5650862527,0,0,0,0,0,0,0,48.9309468651016
L1PA2_dup219,chr1,174843227,174849243,-,6017,0,0,0,0,0,0.791163445097193,23.2550846164993,6.05158069374162,0,4.55451108109834,0,0,0,1.0581191431031,0,0,0,0,0,0,0,12.9642787817274,0,12.7306675189039,0,0,0,2.62734426681162,6.11597175386757,4.09223784583183,1.42743491690468,0,19.8919330470677,0,0,18.880300490922,7.63508913208019,22.9356695745345,0,15.3239420652549,1.65223991644965,8.07379633944341,2.02333905246022,9.25009719889185,14.0506345469252,0,10.3537529783962,0,0,1.65467897369926,0,5.00658959368119,0,4.02689235558753,0,6.84762937905,53.9245403523865,0,42.5740452139891,0,30.2790870776713,0,0.378098850903815,0
L1PA2_dup221,chr1,176002355,176008367,-,6013,7.49888425265148,0,16.240334938231,0,0,15.8232689019439,5.81377115412483,0,1.02817606228163,1.13862777027459,39.1594261829291,9.15680056096027,169.224018354525,33.8598125792992,4.22118102953553,28.8962136414052,12.6244466166276,9.627264228039,2.03134146384146,0,0,13.7122179422116,8.38257964510692,0,0,7.88454529802643,0,7.22519673373196,6.11597175386757,12.2767135374955,29.9761332549983,0,36.4685439196241,32.3379557278073,20.4309650513327,0,3.8175445660401,0.231673430045803,26.4041099043856,4.87579974803566,0,8.57840861065862,3.23734248393636,1.68183585434397,14.0506345469252,0,3.00592828405051,5.42848345681802,0,0,0,0,15.8812952411064,0,0,9.13017250539999,28.5482860689105,19.1460293452674,0,0,11.8953556376566,51.3019854698669,8.31817471988393,138.283110705722
L1PA2_dup2245,chr7,79229795,79235811,-,6017,269.959833095453,54.2006472457614,27.8405741798246,1.95808139063891,138.144945410866,17.4055957921383,137.592583980954,2.26934276015311,15.4226409342244,58.0700162840039,264.326126734771,44.3752642569613,259.671338509529,101.579437737898,8.44236205907105,200.347081247076,130.128911279084,27.1313810062917,56.8775609875608,529.625555901649,393.531157594806,29.6682533658761,186.093268121374,13.6400009131113,0,65.7045441502203,21.4642196506885,35.4691476019569,26.3751281885539,120.038976811067,37.1133078395217,0,242.018518739324,116.122659204399,163.447720410662,7.77424137861492,2.86315842453007,20.8506087041223,30.1761256050121,4.87579974803566,1.65223991644965,6.55995952579777,29.1360823554272,9.25009719889185,47.7721574595458,54.0625322062033,34.0671872192391,31.9677359123728,9.43060452068023,0,85.4893036467855,83.86037569416,47.6438857233192,5.36918980745004,0,41.8466239830833,39.6503973179312,15.0433087712815,19.5131040564117,16.448886003432,161.668697075424,64.9825149284981,43.8594667048426,39.3575007393208
L1PA2_dup2254,chr7,83989326,83995342,-,6017,11.2483263789772,0,0,0,0,0,13.5654660262913,9.07737104061243,4.1127042491265,10.2476499324713,93.0036371844565,0,0,23.2786211482682,0,42.3811133407276,11.6533353384255,1.75041167782527,0,0,0,0,25.1477389353208,0,0,18.3972723620617,0,0.656836066702906,9.55620586541808,16.3689513833273,0,0,29.8378995706015,32.3379557278073,0,7.77424137861492,0,6.4868560412825,15.088062802506,12.5377707806631,6.60895966579858,0,0.809335620984089,10.0910151260638,57.6076016423934,0,0,0,0,0,0,0,0,2.01344617779376,0,8.74974865100833,0,3.64686273243189,0,0,0,0,0,0
L1PA2_dup2261,chr7,85329688,85335739,-,6052,0,0,0,0,0,0,0,0,0,0,0,0.70436927392002,0,0,0,0,0,0,0,0,0,0,0,7.27466715365938,0,0,0.933226941334283,0,0,0,7.1371745845234,0,0,0,0,9.99545320107633,1.90877228302005,56.2966435011302,19.8030824282892,8.35851385377542,33.8709182872177,14.129143594026,17.4007158511579,3.36367170868794,0,0,10.3537529783962,0.603164828535336,0,0,5.181169917987,0,0,0,0,0,0,0,0,0,0,0,0,1.06371623619786
L1PA2_dup2271,chr7,87039757,87045768,+,6012,0,0,13.9202870899123,0,0,7.91163445097193,3.87584743608322,2.26934276015311,17.4789930587876,1.13862777027459,0,0.70436927392002,0,0,8.44236205907105,0,0,2.18801459728159,0,0,26.9541888763566,2.24381748145281,0,10.9120007304891,0,0,7.46581553067426,1.97050820010872,0.382248234616723,5.45631712777578,0,0,3.31532217451128,0,0,6.66363546738422,14.633920836487,12.7420386525192,16.502568690241,0,0,1.51383681364564,0,0,5.62025381877009,2.73734340284574,0,10.856966913636,0,0,2.5905849589935,6.25823699210149,0,6.04033853338129,0,14.836530321275,34.0993416934209,15.0433087712815,0,0,0,0,2.64669195632671,0
L1PA2_dup2282,chr7,91583271,91589300,+,6030,26.2460948842802,0,0,0.652693796879636,0,0.791163445097193,3.87584743608322,1.5128951734354,1.02817606228163,2.27725554054917,63.6340675472597,2.81747709568008,0,0,0,11.5584854565621,0,0,0,0,0,0,0,0,1.96291910235768,0,0,2.62734426681162,0,4.09223784583183,0,0,13.2612886980451,1.4699070785367,0,4.44242364492281,0.318128713836675,0.231673430045803,0,2.08962846344386,0.826119958224823,0,0.404667810492045,0,4.91772209142383,0.684335850711434,0.333992031561167,0,0,0,12.9529247949675,0,28.5863314339915,0,0,0,0,0,0,0,0,0,0,0
L1PA2_dup2289,chr7,96552196,96558214,-,6019,35.6197002000945,28.9070118644061,2.32004784831872,5.22155037503709,0,0,13.5654660262913,6.05158069374162,1.02817606228163,13.663533243295,249.641341916173,39.4446793395211,0,40.2085274379178,13.1911907172985,61.645255768331,43.7000075190955,17.5041167782527,2.03134146384146,0,185.98390324686,0.249313053494757,48.6189619416201,0,19.6291910235768,3.94227264901322,4.66613470667141,7.22519673373196,12.2319435077351,5.45631712777578,55.6699617592825,0,53.0451547921805,152.870336167816,11.6748371721901,21.1015123133834,0.954386141510024,6.95020290137411,11.3160471018795,0,24.7835987467447,21.1937153910389,6.47468496787271,7.56826134454787,72.3607679166649,81.4359662346606,2.67193625248934,27.7455821126254,0,0,106.213983318733,12.516473984203,41.2913676268766,4.02689235558753,0,0,18.2391827662484,5.92615194020182,2.66087782587432,0,28.6569931270818,32.491257464249,7.5619770180763,171.258314027856
L1PA2_dup2295,chr7,99809200,99815231,+,6032,1.87472106316287,0,0,6.52693796879636,7.59038161598163,3.16465378038877,0,2.26934276015311,0,4.55451108109834,19.5797130914645,0,0,3.1743574293093,4.74882865822747,0,0.971111278202122,0.875205838912637,4.06268292768292,2.66143495427964,2.69541888763566,9.97252213979027,10.0590955741283,1.36400009131113,17.0119655537666,11.1697725055374,0.933226941334283,9.19570493384068,0.382248234616723,10.9126342555516,7.1371745845234,2.07292838917782,6.63064434902256,0,0,6.66363546738422,8.58947527359022,2.31673430045803,4.24351766320482,2.78617128459181,0.826119958224823,16.652204950102,2.83267467344431,10.0910151260638,14.0506345469252,21.8987472227659,2.67193625248934,4.22215379974735,3.77224180827209,1.65467897369926,0,2.5032947968406,0,0,0,13.6952587581,0,0.911715683107972,3.54783710116576,0,3.24418790117907,1.7100661823289,4.53718621084578,27.6566221411444
L1PA2_dup234,chr1,178837548,178843666,+,6119,125.606311231912,314.363754025416,122.962535960892,37.8562402190189,1194.72606635551,316.465378038877,106.585804492289,70.3496255647463,17.4789930587876,134.358076892401,176.217417823181,295.130725772489,390.965835508729,302.622074927487,180.983136641336,171.450867605671,211.702258648062,70.4540700324673,387.986219593719,266.143495427964,301.886915415194,31.6627577938341,177.710688476267,42.7386695277489,124.318209815986,183.315678179115,129.718544845465,58.4584099365586,116.967959792717,80.4806776346927,177.00192969618,107.274044139952,364.685439196241,57.3263760629312,87.561278791426,276.540871896445,244.004723512729,66.7219478531914,223.963432224699,46.6683690169128,48.7410775352645,104.959352412764,127.875028115486,149.683391036614,158.069638652909,325.743864938643,86.8379282059035,106.760174650754,241.423475729414,46.3310112635792,49.2211142208765,70.0922543115367,53.9964038197617,2.68459490372502,1622.25884391793,41.0857762743,83.2658343676556,100.288725141877,40.8001266634062,49.3466580102959,206.546629708401,54.7221178345247,13.9896574834412,199.978652405198
L1PA2_dup2343,chr7,122238521,122244551,+,6031,11.2483263789772,61.4274002118629,24.3605024073466,7.83232556255563,1.51807632319633,0.791163445097193,17.4413134623745,4.53868552030621,8.225408498253,4.55451108109834,0,3.5218463696001,0,3.1743574293093,19.5229622616018,0,0.971111278202122,11.3776759058643,0,165.008967165338,83.5579855167054,0.249313053494757,26.8242548643422,11.8213341246965,11.7775146141461,0.657045441502203,0,7.22519673373196,12.9964399769686,31.3738234847107,48.5327871747591,1.55469629188337,109.405631758872,154.340243246353,0,14.4378768459991,18.1333366886905,3.01175459059545,33.4766393430603,11.1446851383672,15.6962792062716,9.58763315308905,14.1633733672216,14.2956047619238,44.9620305501607,69.1179209218548,31.0612589351886,5.42848345681802,0,0,18.1340947129545,8.76153178894209,60.3489219162043,5.36918980745004,0,0.380423854391666,26.1692622298346,21.8811763945913,11.5304705787887,12.9241247169823,1.08139596705969,17.100661823289,10.5867678253068,0
L1PA2_dup2385,chr7,146905785,146911817,+,6033,16.8724895684658,57.8140237288121,4.64009569663744,2.61077518751854,37.9519080799082,0,23.2550846164993,0,4.1127042491265,0,14.6847848185984,9.15680056096027,2.91765548887111,9.52307228792791,15.8294288607582,11.5584854565621,35.9311172934785,1.31280875836895,0,2.66143495427964,40.4312833145349,8.97526992581125,82.1492805220478,4.0920002739334,22.246416493387,38.1086356071278,4.66613470667141,4.59785246692034,3.44023411155051,28.6456649208228,0,10.3646419458891,39.7838660941354,33.807862806344,0,0,4.45380199371345,0,7.07252943867471,3.48271410573976,5.78283970757376,0,0.404667810492045,2.52275378151596,0,0.684335850711434,0,7.23797794242403,0,0,0,0,82.5827352537533,4.69804108151878,0,9.89102021418333,26.1692622298346,19.6018871868214,0,0,0,8.55033091164448,0.75619770180763,0
L1PA2_dup2408,chr8,10932426,10938427,-,6002,13.1230474421401,3.61337648305076,12.760263165753,5.87424417191673,83.494197775798,26.1083936882074,0,46.1433027897798,56.5496834254894,28.4656942568646,0,11.2699083827203,35.0118658664534,0,32.7141529789003,0,0,36.3210423148744,32.5014634214633,0,24.2587699887209,90.0020123116072,51.9719937996629,43.6480029219563,1.30861273490512,19.7113632450661,122.252729314791,1.97050820010872,1.52899293846689,4.09223784583183,65.6620061776153,21.2475159890727,102.77498740985,2.93981415707339,2.91870929304753,63.3045369401501,140.61289151581,403.806788569835,35.8341491559518,121.198450879744,257.749426966145,15.1383681364564,233.088658843418,126.137689075798,21.0759518203878,93.7540115474664,5.67786453653985,3.61898897121201,28.2918135620407,0,0,1.2516473984203,15.8812952411064,6.04033853338129,0,30.814332205725,0,16.8667401374975,13.3043891293716,4.69968171526627,0,0,3.40288965813434,1.06371623619786
L1PA2_dup2430,chr8,25730344,25736354,-,6011,0,0,0,1.30538759375927,1.51807632319633,0,0,0.756447586717702,0,2.27725554054917,0,4.93058491744014,0,0,1.05529525738388,0,0,0,0,2.66143495427964,2.69541888763566,0.74793916048427,0,0.454666697103712,0,0,0,0,0,0,0,0,0,0,0,0,3.18128713836675,0.926693720183214,0,0.696542821147952,0,2.01844908486085,0,0.840917927171986,2.81012690938505,4.79035095498004,2.67193625248934,0,0,0,0,15.0197687810436,0,0,0,18.6407688651917,0,0.455857841553986,0,0,0,0,13.2334597816335,1.06371623619786
L1PA2_dup2436,chr8,35171473,35177508,-,6036,0,3.61337648305076,12.760263165753,0.652693796879636,0,4.74698067058316,19.3792371804161,1.5128951734354,5.14088031140813,3.41588331082376,0,4.22621564352012,2.91765548887111,23.2786211482682,5.27647628691941,13.4848996993224,30.1044496242658,2.18801459728159,0,0,2.69541888763566,15.4574093166749,0,0,0.65430636745256,0,0.933226941334283,0,11.4674470385017,0,4.28230475071404,0,23.207255221579,0,4.3780639395713,2.22121182246141,1.2725148553467,3.24342802064125,8.95853728898796,6.96542821147952,9.91343949869787,11.6060822379499,0.404667810492045,1.68183585434397,0.702531727346261,1.36867170142287,3.67391234717284,12.6664613992421,0,3.30935794739852,10.362339835974,3.75494219526089,0,2.68459490372502,0,11.0322917773583,6.344063570869,0.455857841553986,0.886959275291439,0,35.14536892944,27.3610589172624,1.13429655271145,0
L1PA2_dup2444,chr8,40432213,40438240,+,6028,1.87472106316287,3.61337648305076,2.32004784831872,13.0538759375927,0,23.7349033529158,5.81377115412483,1.5128951734354,2.05635212456325,3.41588331082376,0,10.5655391088003,5.83531097774223,1.0581191431031,4.22118102953553,5.77924272828103,1.94222255640424,5.25123503347582,2.03134146384146,2.66143495427964,0,6.73145244435843,0,3.18266687972598,9.16028914433583,0.657045441502203,2.79968082400285,28.243950868225,0,0,24.2663935873796,13.9922666269503,0,7.34953539268349,2.91870929304753,5.55302955615352,9.86199012893691,5.09681546100768,4.71501962578314,9.75159949607133,13.2179193315972,0,3.6420102944284,0,10.5379759101939,0.684335850711434,27.3873465880157,4.22215379974735,0,0,0,0,0,5.36918980745004,0,17.8799211564083,0.793007946358625,0.455857841553986,0,1.17492042881657,21.6279193411938,0,0,1.06371623619786
L1PA2_dup2496,chr8,59869800,59875822,-,6023,0,21.6802588983046,5.8001196207968,22.1915890939076,1.51807632319633,7.91163445097193,17.4413134623745,3.02579034687081,0,12.5249054730204,107.688422003055,6.33932346528018,0,0,0.527647628691941,0,1.94222255640424,6.12644087238846,0,5.32286990855929,0,11.9670265677483,1.67651592902138,0,0.65430636745256,11.1697725055374,0,6.56836066702906,0,0,0,0.518232097294456,26.5225773960902,0,0,0,13.9976634088137,19.4605681238475,0.943003925156628,6.96542821147952,9.08731954047305,1.00922454243043,6.07001715738067,0.840917927171986,21.7784835477341,19.8457396706316,17.3675856411807,6.03164828535336,0,3.30935794739852,0,0,0,2.01344617779376,0,5.32593396148333,1.58601589271725,0,10.6435113034973,1.17492042881657,25.4128052259027,0,0,0
L1PA2_dup2504,chr8,63797385,63803439,-,6055,39.3691423264203,14.453505932203,0,4.56885657815745,129.036487471688,11.0762882313607,34.882626924749,6.80802828045932,0,20.4952998649425,293.695696371968,1.40873854784004,37.9295213553245,4.2324765724124,77.0365537890234,0,0,0,0,0,51.2129588650775,14.2108440492011,179.387204405288,19.5506679754596,0,45.9931809051542,23.3306735333571,3.94101640021744,50.0745187347907,61.3835676874775,74.2266156790434,44.5679603673232,0,10.2893495497569,0,4.44242364492281,0,12.5103652224734,68.3677845738555,1.3930856422959,0,23.716776747115,29.1360823554272,21.0229481792997,7.02531727346261,105.387721009561,0,0,0,0,0,10.0131791873624,0,0,0,3.80423854391666,0,0,0,4.69968171526627,0,0,0,0
L1PA2_dup2506,chr8,65120645,65126660,+,6016,0,18.0668824152538,3.48007177247808,12.4011821407131,0,3.95581722548597,1.93792371804161,5.29513310702392,0,3.41588331082376,0,15.4961240262405,0,0,12.6635430886066,0,0,7.00164671130109,0,66.5358738569911,48.5175399774418,2.99175664193708,5.02954778706415,0.909333394207423,0,0.657045441502203,6.53258858933998,1.97050820010872,9.9384541000348,13.6407928194394,17.1292190028562,1.03646419458891,0,22.0486061780505,0,6.66363546738422,10.4982475566103,8.10857005160312,0,0,18.1746390809461,2.52306135607606,2.42800686295227,10.0910151260638,25.9936739118117,0,5.34387250497868,0,11.3167254248163,0,5.181169917987,13.7681213826233,34.9388495304341,0.671148725931255,0,4.94551010709166,80.8868105285797,40.1154900567508,16.8522262305373,0,0,8.55033091164448,16.2582505888641,67.0141228804652
L1PA2_dup2537,chr8,83447143,83453169,+,6027,14.997768505303,0,2.32004784831872,9.13771315631491,78.939968806209,2.37349033529158,0,0,0,1.13862777027459,0,0.70436927392002,0,0,0,21.1905566703638,0,0.437602919456318,0,0,0,7.47939160484271,0,0,1.30861273490512,0,3.73290776533713,0,0.764496469233446,1.36407928194394,0,0,0,0,0,0,3.8175445660401,3.24342802064125,0,2.78617128459181,3.30447983289929,3.02767362729128,2.42800686295227,8.40917927171986,0,17.1083962677858,0.333992031561167,0.603164828535336,0,0,10.362339835974,12.516473984203,0,1.34229745186251,6.7876939076064,0,0,0,0,0,0,15.3905956409601,0.378098850903815,0
L1PA2_dup2565,chr8,92364193,92370208,-,6016,0,0,0,7.83232556255563,0,0,0,9.07737104061243,0,0,0,0,0,0,5.80412391561135,5.77924272828103,10.6822240602233,5.68883795293214,2.03134146384146,0,0,1.49587832096854,0,21.8240014609782,9.16028914433583,0,10.2654963546771,0,0,6.82039640971972,0,0,0,0,35.0245115165704,11.106059112307,0,0,13.6735569147711,9.05505667492337,0,0,1.61867124196818,4.20458963585993,20.3734200930416,2.0530075521343,0.333992031561167,0,0,0,5.181169917987,0,0,0,291.870838027075,34.6185707496416,50.752508566952,6.83786762330979,0,0,35.6860669129698,0,1.13429655271145,0
L1PA2_dup2577,chr8,98260276,98266293,+,6018,11.2483263789772,0,0,0,19.7349922015522,2.37349033529158,0,5.29513310702392,0,0,4.89492827286613,0,2.91765548887111,9.52307228792791,0.527647628691941,0,0,0,0,0,0,0,0,0.454666697103712,9.8145955117884,4.59931809051542,0.933226941334283,0,0.382248234616723,9.54855497360761,1.42743491690468,0.518232097294456,0,0,2.91870929304753,3.33181773369211,0.636257427673349,0,0.943003925156628,0,3.30447983289929,0,0.404667810492045,1.68183585434397,0.702531727346261,0,0,2.41265931414134,28.2918135620407,0,0,0,0,6.71148725931255,0,0.380423854391666,0,0,0,0,0.540697983529845,0,0,2.12743247239572
L1PA2_dup2581,chr8,98614446,98620471,+,6026,29.9955370106059,0,0,0,25.8072974943376,0,0,0,3.08452818684488,7.9703943919221,0,0.70436927392002,0,0,0,0,0,3.50082335565055,0,0,0,0.498626106989514,1.67651592902138,0,1.30861273490512,0,0.933226941334283,0,4.20473058078395,1.36407928194394,0,0.518232097294456,0,0,0,0,0.318128713836675,0.231673430045803,0.943003925156628,0,0,0,0,0,2.81012690938505,1.36867170142287,6.34584859966218,0.603164828535336,0,0,0,0,0,0,6.7876939076064,1.52169541756667,0,6.83786762330979,0,0,18.3837314400147,1.7100661823289,0,0
L1PA2_dup2680,chr9,100527229,100533251,+,6023,43.118584452746,72.2675296610152,29.000598103984,0,110.819571593332,0.791163445097193,62.0135589773315,13.6160565609186,0,18.2180443243934,166.427561277448,31.6966173264009,72.9413872217778,51.8478380120519,23.7441432911373,21.1905566703638,0,2.62561751673791,28.4387804937804,0,43.1267022021705,25.67924450996,67.0606371608554,0,37.2954629447959,15.7690905960529,7.46581553067426,10.5093770672465,5.73372351925085,28.6456649208228,34.2584380057123,16.5834271134226,132.612886980451,99.9536813404954,10.2154825256664,18.880300490922,27.359069389954,35.4460347970079,57.9947413971326,2.78617128459181,15.6962792062716,95.3717192596752,52.2021475534738,21.0229481792997,50.5822843689308,39.0071434905517,22.3774661145982,12.6664613992421,54.6975062199454,0,0,21.2780057731451,31.7625904822128,3.35574362965627,0,45.650862527,49.1664926742347,9.11715683107972,39.0262081128233,2.34984085763314,48.1221205341562,121.414698945352,12.0991632289221,64.8866904080695
L1PA2_dup2720,chr9,19536201,19542230,-,6030,18.7472106316287,10.8401294491523,11.6002392415936,13.7065697344724,314.24179890164,6.32930756077755,23.2550846164993,8.32092345389472,10.2817606228163,27.32706648659,0,38.0359407916811,0,128.032416315475,83.3683253333267,9.63207121380172,50.4977864665103,7.43924963075741,0,5.32286990855929,16.1725133258139,40.8873407731401,137.474306179754,15.4586677015262,24.8636419631973,40.0797719316344,16.7980849440171,0.656836066702906,21.0236529039198,4.09223784583183,72.7991807621387,22.2839801836616,109.405631758872,113.182845047326,102.154825256664,75.5212019636878,127.569614248507,44.7129719988401,87.6993650395664,5.57234256918361,69.3940764908851,64.5903707155473,139.205726809263,25.2275378151596,54.7974747330084,262.784966673191,33.0652111245556,31.3645710838375,90.5338033985302,190.288081975415,12.9529247949675,47.5626011399713,53.9964038197617,8.72493343710631,800.947881097556,11.0322917773583,59.4755959768969,15.4991666128355,22.173981882286,4.69968171526627,45.418630616507,73.5328458401426,9.83057012349919,0
L1PA2_dup2729,chr9,24574537,24580564,-,6028,65.6152372107004,25.2936353813553,0,0,0,5.53814411568035,11.6275423082497,0,0,3.41588331082376,0,0,55.4354542885511,1.0581191431031,3.16588577215165,11.5584854565621,0,0.437602919456318,0,0,26.9541888763566,0,0,0,0,0.657045441502203,0,5.25468853362325,0.382248234616723,13.6407928194394,0,0,0,7.34953539268349,0,1.1106059112307,0,0.231673430045803,10.8445451393012,0,2.47835987467447,0,0,0,8.43038072815514,4.79035095498004,0,0,0,0,0,0,31.7625904822128,0.671148725931255,0,0,0,0,0.886959275291439,0,0,0,0,0
L1PA2_dup2791,chr9,70199057,70205081,-,6025,39.3691423264203,3.61337648305076,23.2004784831872,11.0957945469538,0,11.0762882313607,1.93792371804161,15.128951734354,7.19723243597138,7.9703943919221,0,8.45243128704025,102.117942110489,10.581191431031,10.0253049451469,48.1603560690086,0,20.1297342949906,6.09402439152438,2.66143495427964,132.075525494147,0,35.2068345094491,26.825335129119,6.5430636745256,13.1409088300441,27.0635812986942,7.22519673373196,12.6141917423519,23.189347793047,11.4194793352374,0.518232097294456,36.4685439196241,335.138813906367,0,21.1015123133834,31.8128713836675,7.41354976146571,16.9740706528193,10.4481423172193,16.5223991644965,7.06457179701298,11.3306986937772,15.1365226890957,51.2848160962771,5.47468680569147,8.68379282059035,20.5076041702014,49.0391435075372,0,31.087019507922,3.75494219526089,12.7050361928851,10.7383796149001,0,5.706357815875,9.5160953563035,18.6901715037134,12.4174298540801,0,0.540697983529845,29.0711250995912,11.7210643780183,182.959192626032
L1PA2_dup2860,chr9,117066018,117072036,-,6019,39.3691423264203,0,12.760263165753,0,0,0,5.81377115412483,0.756447586717702,10.2817606228163,14.8021610135696,93.0036371844565,4.93058491744014,119.623875043716,16.9299062896496,18.4676670042179,0,0.971111278202122,9.18966130858268,60.9402439152438,0,0,18.6984790121068,5.02954778706415,0,13.0861273490512,0,0,0.656836066702906,9.9384541000348,12.2767135374955,2.85486983380936,0,19.8919330470677,39.6874911204908,84.6425694983785,9.99545320107633,17.1789505471804,32.4342802064125,6.60102747609639,7.66197103262747,14.8701592480468,53.9935130200278,1.61867124196818,5.04550756303192,2.10759518203878,2.73734340284574,21.0414979883535,6.03164828535336,9.43060452068023,0,51.81169917987,0,53.9964038197617,2.01344617779376,0,17.4994973020167,0,0,17.7391855058288,0,21.087221357664,18.8107280056179,10.5867678253068,0
L1PA2_dup2863,chr9,119169117,119175132,+,6016,0,18.0668824152538,10.4402153174342,17.6227325157502,0,54.5902777117063,7.75169487216644,6.05158069374162,35.9861621798569,5.69313885137293,0,23.9485553132807,0,2.1162382862062,0,3.85282848552069,22.3355593986488,24.5057634895538,73.1282926982925,0,0,1.49587832096854,0,48.6493365900971,14.3947400839563,9.19863618103084,4.66613470667141,26.9302787348191,12.9964399769686,10.9126342555516,0,0,3.31532217451128,24.9884203351238,0,0,19.4058515440372,4.17012174082446,38.1916589688434,27.1651700247701,42.9582378276908,18.1660417637477,9.30735964131703,3.36367170868794,16.8607614563103,0,12.3577051677632,10.2538020851007,26.4056926579047,0,0,0,15.8812952411064,7.3826359852438,0,11.7931394861417,25.376254283476,15.4991666128355,10.6435113034973,0,37.8488588470892,0,4.9152850617496,0
L1PA2_dup2876,chrX,112718610,112724627,+,6018,0,0,0,7.83232556255563,1.51807632319633,3.16465378038877,0,1.5128951734354,0,1.13862777027459,0,4.93058491744014,0,26.4529785775775,0,0,0,23.1929547311849,0,0,0,5.48488717688465,0,0,0.65430636745256,0,0.933226941334283,0,0.382248234616723,1.36407928194394,4.28230475071404,0,0,0,0,0,12.0888911257936,0,0.471501962578314,1.3930856422959,1.65223991644965,0,0.404667810492045,0,0,0,0.667984063122335,0,0,1.65467897369926,10.362339835974,12.516473984203,0,5.36918980745004,0,0,0,0,0,0,0,0,0,0
L1PA2_dup2909,chrX,19940254,19946296,-,6043,39.3691423264203,57.8140237288121,15.0803110140717,20.8862015001484,19.7349922015522,21.3614130176242,29.0688557706242,13.6160565609186,12.3381127473795,10.2476499324713,4.89492827286613,42.9665257091212,204.235884220978,61.3709102999798,5.27647628691941,32.7490421269258,2.91333383460636,16.1913080198838,48.752195132195,0,16.1725133258139,3.73969580242135,15.0886433611925,14.0946676102151,13.7404337165038,15.1120451545507,22.3974465920228,4.59785246692034,17.965667026986,13.6407928194394,0,0,26.5225773960902,20.5786990995138,26.2683836374278,7.77424137861492,5.40818813522347,10.1936309220154,18.3885765405542,41.0960264477292,16.5223991644965,31.2859608153432,4.45134591541249,28.5912095238475,47.0696257321995,19.1614038199201,10.6877450099574,36.1898897121201,1.88612090413605,0,7.7717548769805,25.032947968406,9.52877714466384,16.1075694223501,6.7876939076064,28.1513652249833,0,26.8956126516852,3.54783710116576,9.39936343053255,21.6279193411938,63.2724487461692,14.367756334345,55.3132442822887
L1PA2_dup2969,chrX,50060144,50066175,+,6032,11.2483263789772,36.1337648305076,3.48007177247808,0.652693796879636,1.51807632319633,3.16465378038877,23.2550846164993,3.02579034687081,0,4.55451108109834,73.423924092992,12.6786469305604,142.965118954685,37.0341700086085,2.6382381434597,36.6018706124465,88.3711263163931,15.7537051004275,14.2193902468902,0,45.8221210898062,0.249313053494757,6.70606371608554,12.2760008218002,0,1.97113632450661,0,17.0777377342756,2.29348940770034,19.0971099472152,0,18.6563555026004,92.8290208863159,64.6759114556147,55.4554765679031,26.6545418695369,18.7695941163638,13.2053855126108,8.48703532640965,2.78617128459181,6.60895966579858,10.0922454243043,13.7587055567295,12.6137689075798,57.6076016423934,77.329951130392,8.34980078902918,7.23797794242403,11.3167254248163,1.65467897369926,69.9457938928245,26.2845953668263,38.1151085786553,5.36918980745004,6.7876939076064,9.89102021418333,30.1343019616277,4.10272057398587,2.66087782587432,0,94.0814491341931,10.2603970939734,0,38.293784503123
L1PA2_dup2988,chrX,57629389,57635409,+,6021,16.8724895684658,14.453505932203,0,6.52693796879636,0,0,23.2550846164993,3.02579034687081,2.05635212456325,0,88.1087089115904,12.6786469305604,0,0,0.527647628691941,0,0,0,0,0,29.6496077639922,2.24381748145281,16.7651592902138,4.54666697103712,0,3.28522720751101,0,2.62734426681162,5.73372351925085,5.45631712777578,0,0,0,0,29.1870929304753,2.22121182246141,3.8175445660401,1.85338744036643,7.54403140125302,5.57234256918361,0,0,0.404667810492045,0.840917927171986,0.702531727346261,0,1.33596812624467,7.84114277095937,0,0,0,1.2516473984203,28.5863314339915,2.01344617779376,0,32.3360276232916,0,11.3964460388496,1.77391855058288,2.34984085763314,7.02907378588799,0,1.89049425451908,1.06371623619786
L1PA2_dup3003,chrX,64296583,64302591,-,6009,0,0,2.32004784831872,0.652693796879636,13.6626869087669,10.2851247862635,1.93792371804161,2.26934276015311,4.1127042491265,1.13862777027459,0,2.81747709568008,2.91765548887111,4.2324765724124,4.22118102953553,0,0,0.875205838912637,0,0,0,4.73694801640038,0,0,0,8.54159073952864,0,5.25468853362325,2.67573764231706,1.36407928194394,0,0,3.31532217451128,0,0,0,5.72631684906014,1.85338744036643,0.471501962578314,2.78617128459181,21.4791189138454,9.08302088187383,7.2840205888568,8.40917927171986,6.32278554611635,2.0530075521343,0.667984063122335,1.80949448560601,1.88612090413605,0,0,1.2516473984203,9.52877714466384,0,0,6.08678167026666,0.793007946358625,0.455857841553986,1.77391855058288,0,0,0,9.07437242169156,0
L1PA2_dup3042,chrX,74788953,74795000,-,6048,0,0,5.8001196207968,0,0,19.7790861274298,17.4413134623745,0,2.05635212456325,7.9703943919221,0,2.81747709568008,0,7.40683400172171,6.33177154430329,0,4.85555639101061,2.62561751673791,0,0,24.2587699887209,2.24381748145281,23.4712230062994,19.0960012783559,0,0,5.5993616480057,7.88203280043487,4.58697881540068,5.45631712777578,2.85486983380936,0,0,0,0,7.77424137861492,1.90877228302005,12.5103652224734,11.3160471018795,15.3239420652549,2.47835987467447,3.02767362729128,3.23734248393636,1.68183585434397,9.1329124555014,23.2674189241888,0,10.2538020851007,0,1.65467897369926,0,12.516473984203,3.17625904822128,0.671148725931255,0,9.89102021418333,0,0,7.09567420233151,0,2.70348991764923,0,0,0
L1PA2_dup307,chr1,223395535,223401557,-,6023,9.37360531581435,0,0,0,0,0,0,2.26934276015311,0,0,0,0,70.0237317329067,0,0,0,0.971111278202122,0,0,0,0,0,0,0,0,0.657045441502203,1.86645388266857,0,0,2.72815856388789,0,0,3.31532217451128,0,13.1341918187139,1.1106059112307,7.31696041824352,9.03526377178634,0,4.17925692688771,12.3917993733723,0,14.1633733672216,4.20458963585993,2.10759518203878,13.6867170142287,11.6897211046409,7.84114277095937,0,0,0,0,0,0,0,0.760847708783333,0,0,0,0,1.08139596705969,0,0,1.06371623619786
L1PA2_dup3118,chrX,98687495,98693514,-,6020,7.49888425265148,0,0,0.652693796879636,71.3495871902274,0.791163445097193,17.4413134623745,0.756447586717702,1.02817606228163,0,0,0,0,0,0,3.85282848552069,0,0.437602919456318,0,2.66143495427964,0,0.74793916048427,0,0,0.65430636745256,0,0,0,0.382248234616723,4.09223784583183,0,0.518232097294456,53.0451547921805,0,0,0,0.954386141510024,0.231673430045803,1.88600785031326,0,1.65223991644965,0,0,0,2.10759518203878,15.0553887156515,1.33596812624467,0,9.43060452068023,0,15.543509753961,0,3.17625904822128,0,305.446225842288,5.32593396148333,9.5160953563035,0,0.886959275291439,0,0,0,0.378098850903815,0
L1PA2_dup3136,chrX,103891507,103897537,-,6031,0,3.61337648305076,23.2004784831872,13.0538759375927,168.506471874792,11.0762882313607,32.9447032067074,10.5902662140478,19.5353451833509,25.0498109460409,58.7391392743936,6.33932346528018,0,31.743574293093,18.9953146329099,21.1905566703638,1.94222255640424,10.5024700669516,2.03134146384146,0,64.6900533032558,13.9615309957064,62.0310893737912,17.277334489941,0.65430636745256,34.8234083996167,13.9984041200142,12.4798852673552,3.44023411155051,0,4.28230475071404,23.3204443782505,26.5225773960902,2.93981415707339,13.1341918187139,5.55302955615352,16.2245644056704,17.8388541135269,34.8911452307952,28.558255667066,14.8701592480468,2.01844908486085,30.7547535973954,27.7502915966755,38.6392450040444,40.3758151919746,0.333992031561167,9.04747242803004,0,0,12.9529247949675,0,0,4.69804108151878,0,23.2058551178917,0,11.3964460388496,0.886959275291439,39.9472945797633,0.540697983529845,6.84026472931559,8.31817471988393,30.847770849738
L1PA2_dup3160,chrX,107364337,107370349,+,6013,0,14.453505932203,6.96014354495616,0,0,0,0,0,0,1.13862777027459,0,0,0,0,10.0253049451469,1.92641424276034,0,0,0,0,0,7.47939160484271,0,0.454666697103712,0,0,14.9316310613485,0,0,0,11.4194793352374,0,0,2.93981415707339,0,0,3.8175445660401,4.63346860091607,0,1.3930856422959,0.826119958224823,5.55073498336734,6.07001715738067,5.8864254902039,0,0,0,0,0,0,0,8.76153178894209,0,0,0,4.94551010709166,0,0,0.886959275291439,0,0,0,6.80577931626867,2.12743247239572
L1PA2_dup326,chr2,149945266,149951292,+,6027,20.6219316947916,0,0,3.26346898439818,33.3976791103192,1.58232689019439,1.93792371804161,6.80802828045932,9.25358456053463,0,4.89492827286613,0.70436927392002,49.6001433108089,1.0581191431031,2.11059051476776,7.70565697104138,0,6.12644087238846,26.407439029939,2.66143495427964,0,1.49587832096854,20.1181911482566,2.27333348551856,0,1.97113632450661,0.933226941334283,3.94101640021744,3.05798587693378,9.54855497360761,1.42743491690468,12.4375703350669,0,1.4699070785367,0,1.1106059112307,4.13567327987677,6.25518261123669,13.6735569147711,0.696542821147952,1.65223991644965,7.56918406822819,3.6420102944284,2.52275378151596,1.40506345469252,10.9493736113829,1.0019760946835,19.9044393416661,0,0,0,0,3.17625904822128,4.02689235558753,0,9.13017250539999,1.58601589271725,0,7.98263347762295,0,17.3023354729551,10.2603970939734,6.04958161446104,2.12743247239572
L1PA2_dup3283,chrX,152235998,152242028,-,6031,14.997768505303,0,2.32004784831872,4.56885657815745,0,11.0762882313607,25.1930083345409,0,2.05635212456325,0,48.9492827286613,0,105.03559759936,4.2324765724124,5.27647628691941,1.92641424276034,0,3.06322043619423,0,0,0,6.23282633736892,15.0886433611925,10.4573340333854,0,9.85568162253304,6.53258858933998,6.56836066702906,0,9.54855497360761,35.685872922617,2.59116048647228,0,35.2777698848807,23.3496743443803,0,1.2725148553467,0,3.77201570062651,1.3930856422959,0,0.504612271215213,0.809335620984089,5.04550756303192,4.21519036407757,6.84335850711434,4.34189641029518,0.603164828535336,11.3167254248163,0,0,0,12.7050361928851,1.34229745186251,0,6.84762937905,0.793007946358625,0.911715683107972,3.54783710116576,0,0,0,0,9.57344612578074
L1PA2_dup3292,chrX,155299576,155305601,-,6026,18.7472106316287,39.7471413135584,5.8001196207968,0.652693796879636,0,29.2730474685962,48.4480929510403,6.05158069374162,4.1127042491265,6.83176662164751,0,5.63495419136016,2.91765548887111,1.0581191431031,5.27647628691941,50.0867703117689,42.7288962408933,14.8784992615148,56.8775609875608,0,0,1.24656526747378,3.35303185804277,33.6453355856747,0,59.7911351767005,55.993616480057,31.5281312017395,1.91124117308362,2.72815856388789,0,6.21878516753347,6.63064434902256,44.0972123561009,0,12.2166650235377,19.0877228302005,4.40179517087027,1.88600785031326,13.930856422959,38.8276380365667,12.1106945091651,10.9260308832852,3.36367170868794,18.9683566383491,0.684335850711434,5.00988047341751,10.856966913636,5.65836271240814,0,23.3152646309415,12.516473984203,25.4100723857702,4.69804108151878,0,17.8799211564083,0,0,5.32175565174863,0,13.5174495882461,0,1.13429655271145,0
L1PA2_dup3405,chr10,1302017,1308092,+,6076,0,7.22675296610152,15.0803110140717,3.91616278127782,45.5422896958898,16.6144323470411,23.2550846164993,10.5902662140478,2.05635212456325,2.27725554054917,48.9492827286613,28.1747709568008,99.2002866216178,48.6734805827426,1.05529525738388,28.8962136414052,0,6.56404379184477,0,0,2.69541888763566,0,0,0,28.7894801679126,0.657045441502203,5.5993616480057,3.28418033351453,41.2828093386061,2.72815856388789,0,6.73701726482792,0,0,8.7561278791426,14.4378768459991,5.72631684906014,4.17012174082446,11.7875490644578,0.696542821147952,32.2186783707681,33.8090221714193,5.66534934688862,5.8864254902039,9.1329124555014,4.79035095498004,3.00592828405051,23.5234283128781,0,0,5.181169917987,0,0,12.7518257926938,841.674044543194,15.97780188445,29.3412940152691,6.83786762330979,31.0435746352004,0,30.2790870776713,0,11.3429655271145,1.06371623619786
L1PA2_dup3425,chr10,10650858,10656884,+,6027,20.6219316947916,25.2936353813553,24.3605024073466,18.2754263126298,151.807632319633,22.1525764627214,25.1930083345409,3.02579034687081,11.3099366850979,17.0794165541188,4.89492827286613,6.33932346528018,0,44.4410040103302,16.3570764894502,0,0.971111278202122,8.75205838912637,0,0,188.679322134496,18.1998529051173,26.8242548643422,1.36400009131113,7.19737004197816,32.8522720751101,8.39904247200854,18.3914098676814,13.760936446202,21.8252685111031,28.5486983380936,21.2475159890727,66.3064434902256,57.3263760629312,0,46.6454482716895,20.3602376855472,16.448813533252,6.60102747609639,9.75159949607133,12.3917993733723,19.1752663061781,3.23734248393636,5.04550756303192,45.664562277507,53.3781963554918,18.7035537674254,13.8727910563127,9.43060452068023,0,0,0,0,0,0,0,0,0,0,0,0,0,0,59.5681092270802
L1PA2_dup3426,chr10,11731437,11737465,-,6029,1.87472106316287,0,9.28019139327488,0.652693796879636,0,10.2851247862635,0,0,4.1127042491265,1.13862777027459,0,0,0,1.0581191431031,0.527647628691941,0,0.971111278202122,9.18966130858268,0,0,2.69541888763566,0.249313053494757,5.02954778706415,0,0.65430636745256,0.657045441502203,0,2.62734426681162,0,20.4611892291592,0,0,0,13.2291637068303,0,0,12.0888911257936,0.231673430045803,16.9740706528193,6.96542821147952,7.4350796240234,0,0,11.7728509804078,1.40506345469252,0,0,0,0,0,0,1.2516473984203,0,10.0672308889688,0,0,0.793007946358625,5.01443625709384,0,0,9.73256370353722,0,0,0
L1PA2_dup3437,chr10,20751668,20757692,-,6025,13.1230474421401,10.8401294491523,5.8001196207968,0,1.51807632319633,2.37349033529158,0,1.5128951734354,1.02817606228163,9.10902216219668,63.6340675472597,17.6092318480005,0,22.2205020051651,29.0206195780567,0,1.94222255640424,0.437602919456318,44.6895122045121,0,2.69541888763566,1.7451913744633,3.35303185804277,0.454666697103712,3.2715318372628,14.4549997130485,10.2654963546771,1.97050820010872,8.02721292695118,19.0971099472152,2.85486983380936,8.29171355671129,89.5136987118046,13.2291637068303,14.5935464652377,15.5484827572298,7.95321784591687,11.815344932336,2.35750981289157,2.78617128459181,4.13059979112411,3.02767362729128,4.85601372590454,6.72734341737589,3.51265863673131,42.4288227441089,3.00592828405051,17.4917800275247,71.6725943571698,0,25.905849589935,7.50988439052179,0,3.35574362965627,0,1.90211927195833,0,1.82343136621594,26.6087782587432,0,0,10.2603970939734,17.7706459924793,21.2743247239572
L1PA2_dup3439,chr10,22123890,22129939,-,6050,9.37360531581435,0,1.16002392415936,0,0,3.95581722548597,3.87584743608322,1.5128951734354,1.02817606228163,0,0,0,0,0,7.38706680168717,0,0.971111278202122,0,0,7.98430486283893,26.9541888763566,0,6.70606371608554,0.909333394207423,1.96291910235768,0,1.86645388266857,2.62734426681162,1.52899293846689,4.09223784583183,7.1371745845234,0,0,0,1.45935464652377,2.22121182246141,0,0,0,0.696542821147952,4.95671974934894,0.504612271215213,2.83267467344431,1.68183585434397,0,0.684335850711434,0,1.80949448560601,7.54448361654419,0,0,11.2648265857827,0,0,74.6646329836704,0,0.793007946358625,0.455857841553986,0,0,0,0,0,1.06371623619786
L1PA2_dup3445,chr10,25515370,25521391,-,6022,11.2483263789772,0,5.8001196207968,0,0,0,5.81377115412483,4.53868552030621,5.14088031140813,0,0,7.04369273920021,0,0,0.527647628691941,28.8962136414052,24.277781955053,0.875205838912637,2.03134146384146,0,26.9541888763566,4.48763496290562,0,0,0,0,0.933226941334283,0,0,17.7330306652713,0,0,0,0,0,2.22121182246141,0.318128713836675,0,0.471501962578314,0,0,0,0,1.68183585434397,11.2405076375402,0.684335850711434,0.333992031561167,0,0,0,18.1340947129545,0,0,1.34229745186251,20.3630817228192,4.18466239830833,0,0,0,1.17492042881657,0.540697983529845,0,0,1.06371623619786
L1PA2_dup3484,chr10,52233329,52239334,+,6006,28.120815947443,7.22675296610152,11.6002392415936,5.87424417191673,144.217250703651,60.1284218273867,15.5033897443329,5.29513310702392,21.5916973079141,42.1292275001597,166.427561277448,44.3752642569613,8.75296646661334,86.7657697344543,39.0459245232036,19.2641424276034,29.1333383460636,27.5689839257481,22.344756102256,37.260089359915,45.8221210898062,20.4436703865701,28.5007707933635,30.008002008845,49.072977558942,8.54159073952864,33.5961698880342,33.4986394018482,9.17395763080135,16.3689513833273,18.5566539197608,14.5104987242448,106.090309584361,73.4953539268349,4.3780639395713,7.77424137861492,4.45380199371345,9.73028406192375,5.18652158836145,27.1651700247701,14.044039289822,20.6891031198237,13.3540377462375,15.9774406162677,17.5632931836565,8.21203020853721,11.3557290730797,12.6664613992421,7.54448361654419,0,12.9529247949675,48.8142485383916,63.5251809644256,21.4767592298002,0,58.204849721925,3.1720317854345,18.2343136621594,3.54783710116576,10.5742838593491,16.7616374894252,22.2308603702757,34.785094283151,44.6760819203101
L1PA2_dup3503,chr10,62602751,62608755,-,6005,0,0,4.64009569663744,0,0,0,0,4.53868552030621,2.05635212456325,0,4.89492827286613,14.0873854784004,2.91765548887111,0,5.27647628691941,0,0,6.56404379184477,0,0,0,8.22733076532698,26.8242548643422,0.909333394207423,1.30861273490512,0,5.5993616480057,8.53886886713778,0,0,4.28230475071404,4.6640888756501,0,2.93981415707339,0,0,7.63508913208019,21.3139555642139,9.90154121414459,40.3994836265812,38.0015180783418,23.2121644758998,11.7353665042693,4.20458963585993,11.9430393648864,13.0023811635172,11.3557290730797,0,0,0,0,13.7681213826233,0,10.0672308889688,0,0.760847708783333,0,0,0.886959275291439,0,0,1.7100661823289,0.378098850903815,0
L1PA2_dup3531,chr10,91503264,91509287,+,6024,1.87472106316287,10.8401294491523,6.96014354495616,6.52693796879636,0,11.8674516764579,19.3792371804161,16.6418469077894,5.14088031140813,4.55451108109834,0,28.8791402307208,105.03559759936,30.6854551499899,12.1358954599146,38.5282848552069,0,28.4441897646607,0,0,0,5.73420023037941,33.5303185804277,7.27466715365938,0,14.4549997130485,29.863262122697,30.2144590683337,27.1396246577873,0,22.8389586704749,4.14585677835565,9.94596652353384,20.5786990995138,30.6464475769991,8.88484728984563,12.4070198396303,24.789057014901,9.43003925156628,16.0204848864029,35.5231582036674,64.5903707155473,5.66534934688862,5.8864254902039,38.6392450040444,36.9541359384174,5.67786453653985,16.8886151989894,20.7473299454965,0,0,0,15.8812952411064,2.68459490372502,0,39.5640808567333,0,0,24.8348597081603,18.7987268610651,0,0,5.29338391265341,0
L1PA2_dup3579,chr10,125945238,125951250,+,6013,20.6219316947916,14.453505932203,4.64009569663744,10.4431007500742,0,0,0,3.78223793358851,2.05635212456325,4.55451108109834,323.065266009165,5.63495419136016,0,0,10.5529525738388,5.77924272828103,13.5955578948297,0,4.06268292768292,0,2.69541888763566,0,0,1.36400009131113,32.715318372628,15.1120451545507,0.933226941334283,11.8230492006523,3.05798587693378,0,7.1371745845234,0.518232097294456,23.207255221579,57.3263760629312,0,7.77424137861492,9.86199012893691,3.70677488073286,0.471501962578314,10.4481423172193,54.5239172428383,17.6614294925325,14.9727089882057,13.4546868347518,36.5316498220056,4.79035095498004,2.33794422092817,4.82531862828269,0,0,0,13.7681213826233,0,3.35574362965627,0,13.6952587581,21.4112145516829,3.1910048908779,0,0,8.11046975294768,15.3905956409601,0,0
L1PA2_dup358,chr2,18012017,18018024,-,6008,14.997768505303,18.0668824152538,0,0,0,0,0,0,0,0,0,0,0,0,0,0,0,0,34.5328048853048,0,0,0,0,0,0,0,8.39904247200854,0,0,1.36407928194394,0,0.518232097294456,49.7298326176692,14.699070785367,5.83741858609507,7.77424137861492,0.636257427673349,0.231673430045803,0.471501962578314,0,0,0.504612271215213,0,0.840917927171986,28.8038008211967,0.684335850711434,5.00988047341751,0,0,0,0,20.0263583747248,0,0,0,0.380423854391666,0,0.455857841553986,11.5304705787887,0,0,0,0.378098850903815,18.0831760153636
L1PA2_dup3589,chr11,108260627,108266643,+,6017,5.62416318948861,0,15.0803110140717,15.0119573282316,0,19.7790861274298,31.0067794886658,3.78223793358851,6.16905637368975,3.41588331082376,44.0543544557952,44.3752642569613,93.3649756438756,21.162382862062,5.27647628691941,50.0867703117689,12.6244466166276,25.3809693284665,2.03134146384146,0,21.5633511010853,13.4629048887169,68.7371530898768,10.0026673362817,1.96291910235768,38.76568104863,8.39904247200854,12.4798852673552,8.02721292695118,12.2767135374955,11.4194793352374,0,112.720953933384,45.5671194346376,24.809028990904,11.106059112307,4.13567327987677,20.8506087041223,0,36.2202266996935,38.0015180783418,6.05534725458256,6.07001715738067,15.1365226890957,21.0759518203878,5.47468680569147,2.003952189367,22.9202634843428,0,0,12.9529247949675,5.00658959368119,53.9964038197617,13.4229745186251,0,57.8244258675333,7.93007946358625,10.0288725141877,15.0783076799545,22.3234881475148,122.197744277745,87.2133752987737,19.6611402469984,48.9309468651016
L1PA2_dup360,chr2,19305840,19311862,+,6023,0,0,0,2.61077518751854,0,0.791163445097193,11.6275423082497,0.756447586717702,3.08452818684488,0,0,0,0,10.581191431031,0,19.2641424276034,0,11.3776759058643,0,71.8587437655504,0,4.48763496290562,0,1.81866678841485,10.468901879241,0,9.33226941334283,0,0,0,5.70973966761872,0,9.94596652353384,0,1.45935464652377,0,4.13567327987677,0.231673430045803,5.18652158836145,0,0,1.00922454243043,0,6.72734341737589,11.9430393648864,1.36867170142287,4.00790437873401,0,5.65836271240814,66.1871589479703,25.905849589935,1.2516473984203,0,12.0806770667626,0,0,0,0,8.86959275291439,0,1.08139596705969,1.7100661823289,4.53718621084578,0
L1PA2_dup3607,chr11,7658149,7664171,-,6023,138.729358674052,151.761812288132,68.4414115254022,0.652693796879636,233.783753772234,19.7790861274298,58.1377115412483,74.8883110850525,0,52.3768774326309,0,19.0179703958406,2.91765548887111,1.0581191431031,41.1565150379714,11.5584854565621,20.3933368422446,21.0049401339033,32.5014634214633,0,29.6496077639922,0,51.9719937996629,5.45600036524454,0.65430636745256,0,53.1939356560541,5.91152460032615,24.4638870154703,34.1019820485986,0,2.07292838917782,89.5136987118046,1.4699070785367,39.4025754561417,169.922704418298,48.0374357893379,3.93844831077866,103.730431767229,14.627399244107,11.5656794151475,26.2398381031911,46.9414660170772,26.0684557423316,5.62025381877009,60.2215548626062,24.3814183039652,16.8886151989894,0,1.65467897369926,77.717548769805,60.0790751241743,0,27.5170977631814,0,15.5973780300583,137.190374720042,0,66.5219456468579,4.69968171526627,12.4360536211864,17.100661823289,7.18387816717249,67.0141228804652
L1PA2_dup3615,chr11,14715909,14721938,+,6030,3.74944212632574,21.6802588983046,3.48007177247808,0,1.51807632319633,0,0,1.5128951734354,1.02817606228163,2.27725554054917,4.89492827286613,4.93058491744014,0,25.3948594344744,3.69353340084359,25.0433851558845,8.74000150381909,4.37602919456318,0,0,0,4.98626106989514,13.4121274321711,0,0,9.85568162253304,13.06517717868,1.97050820010872,3.44023411155051,5.45631712777578,0,0,6.63064434902256,29.3981415707339,0,7.77424137861492,5.09005942138679,15.5221198130688,24.5181020540723,5.57234256918361,3.30447983289929,30.781348544128,16.5913802301738,13.4546868347518,16.158229728964,11.6337094620944,0.333992031561167,4.22215379974735,13.2028463289523,0,0,20.0263583747248,0,0,0,26.6296698074166,0.793007946358625,0,1.77391855058288,19.9736472898817,27.5755971600221,0,0,0
L1PA2_dup3622,chr11,17028491,17034655,-,6165,3.74944212632574,54.2006472457614,0,0,0,0,5.81377115412483,1.5128951734354,5.14088031140813,0,0,0,0,0,3.69353340084359,0,0,0,18.2820731745731,0,0,0,18.4416752192352,0,0,0.657045441502203,0.933226941334283,1.97050820010872,0,0,0,0,0,0,2.91870929304753,2.22121182246141,0.636257427673349,9.73028406192375,0,1.3930856422959,0,0,1.61867124196818,0,0,0.684335850711434,0,0,0,0,0,16.2714161794639,44.4676266750979,0,0,0.380423854391666,0,0,0,0,0,0,0,0
L1PA2_dup3629,chr11,23298137,23304191,-,6055,0,0,2.32004784831872,0,0,1.58232689019439,0,0.756447586717702,0,2.27725554054917,0,0,0,1.0581191431031,0,0,0,0,0,0,0,0.249313053494757,0,0.909333394207423,0,1.31409088300441,1.86645388266857,3.28418033351453,2.29348940770034,0,1.42743491690468,0,36.4685439196241,2.93981415707339,2.91870929304753,0,0.636257427673349,0.463346860091607,1.41450588773494,0,0,0,0.809335620984089,0,0,3.42167925355717,1.0019760946835,1.80949448560601,0,0,0,0,34.9388495304341,0,20.3630817228192,0,0.793007946358625,0.911715683107972,0,0,1.08139596705969,1.7100661823289,0,0
L1PA2_dup365,chr2,30904199,30910223,+,6025,1.87472106316287,0,12.760263165753,19.5808139063891,0,26.1083936882074,0,0,17.4789930587876,3.41588331082376,0,1.40873854784004,0,29.6273360068868,11.0806002025308,0,0,21.4425430533596,0,0,0,9.224582979306,0,5.45600036524454,0,11.1697725055374,21.4642196506885,13.793557400761,17.965667026986,0,1.42743491690468,9.3281777513002,13.2612886980451,0,0,0,3.8175445660401,0.695020290137411,0.471501962578314,1.3930856422959,0.826119958224823,8.57840861065862,3.6420102944284,0.840917927171986,0,9.58070190996007,12.6916971993244,1.80949448560601,0,0,0,11.2648265857827,0,2.01344617779376,0,0,0,0,0,0,0,0,0,0
L1PA2_dup3664,chr11,40585473,40591501,-,6029,54.3669108317232,43.3605177966091,2.32004784831872,5.87424417191673,78.939968806209,1.58232689019439,21.3171608984577,3.78223793358851,10.2817606228163,22.7725554054917,156.637704731716,25.3572938611207,87.5296646661334,10.581191431031,7.38706680168717,5.77924272828103,0,0.437602919456318,56.8775609875608,0,2.69541888763566,11.9670265677483,33.5303185804277,0,32.715318372628,1.97113632450661,0.933226941334283,5.25468853362325,2.29348940770034,6.82039640971972,8.56460950142808,0,119.351598282406,138.17126538245,67.1303137400933,11.106059112307,9.22573270126356,7.64522319151151,33.005137380482,4.17925692688771,14.044039289822,9.08302088187383,13.3540377462375,6.72734341737589,33.0189911852743,60.2215548626062,8.01580875746802,33.1740655694435,60.3558689323535,324.317078845055,10.362339835974,8.76153178894209,41.2913676268766,0,0,34.23814689525,0,0.911715683107972,0.886959275291439,3.52476128644971,0,18.8107280056179,20.0392390979022,82.9698664234331
L1PA2_dup37,chr1,58126456,58132485,-,6030,39.3691423264203,18.0668824152538,17.4003588623904,16.3173449219909,109.301495270136,12.6586151215551,32.9447032067074,4.53868552030621,6.16905637368975,21.6339276352171,97.8985654573226,11.9742776566403,259.671338509529,59.2546720137736,31.1312100928245,38.5282848552069,13.5955578948297,20.1297342949906,89.3790244090242,460.428247090378,13.4770944381783,9.224582979306,108.97353538639,0,20.9378037584819,47.3072717881586,50.3942548320513,49.2627050027179,42.811802277073,13.6407928194394,39.9681776733311,23.838676475545,23.207255221579,33.807862806344,0,1.1106059112307,13.3614059811403,0.463346860091607,16.0310667276627,3.48271410573976,6.60895966579858,10.5968576955195,6.47468496787271,10.9319330532358,18.9683566383491,36.269800087706,21.0414979883535,16.2854503704541,0,0,28.4964345489285,36.2977745541886,28.5863314339915,34.8997337484252,515.864736978087,35.379418458425,0,0,4.4347963764572,14.0990451457988,0.540697983529845,22.2308603702757,52.9338391265341,59.5681092270802
L1PA2_dup3736,chr11,74877464,74883532,-,6069,89.9866110318177,46.9738942796599,75.4015550703584,35.2454650315004,151.807632319633,41.9316625901512,73.6411012855812,44.6304076163444,28.7889297438855,63.7631551353768,190.902202641779,58.4626497353617,55.4354542885511,35.9760508655054,58.0412391561135,44.3075275834879,214.615592482669,113.339156139186,115.786463438963,2.66143495427964,64.6900533032558,43.8790974150772,75.4432168059623,49.1040032872008,43.1842202518689,53.8777262031806,59.7265242453941,53.8605574696383,28.2863693616375,73.660281224973,82.7912251804715,39.9038714916731,314.955606578572,169.03931403172,55.4554765679031,72.1893842299957,190.240970874331,124.408631934596,96.186400365976,78.7093387897186,86.7425956136064,75.6918406822819,72.0308702675839,45.4095680672872,282.417754393197,82.1203020853721,57.780621460082,47.0468566257562,50.9252644116733,0,59.5834540568505,52.5691907336525,130.226620977072,57.7187904300879,665.194002945428,44.1291671094333,17.4461748198897,15.9550244543895,33.7044524610747,49.3466580102959,61.6395701224024,131.675096039325,64.2768046536486,22.3380409601551
L1PA2_dup3742,chr11,83587649,83593656,+,6008,0,0,4.64009569663744,4.56885657815745,0,12.6586151215551,7.75169487216644,0.756447586717702,6.16905637368975,6.83176662164751,0,0,0,0,3.16588577215165,7.70565697104138,0,14.4408963420585,0,175.654706982456,2.69541888763566,0,0,0.454666697103712,0,0,2.79968082400285,1.97050820010872,1.52899293846689,1.36407928194394,0,0,33.1532217451128,0,77.3457962657596,2.22121182246141,6.36257427673349,7.64522319151151,2.35750981289157,0,7.4350796240234,1.00922454243043,0,0.840917927171986,9.83544418284766,0,0,6.03164828535336,0,0,20.724679671948,5.00658959368119,19.0575542893277,1.34229745186251,0,0.380423854391666,0,12.7640195635116,7.98263347762295,7.04952257289941,15.1395435388357,1.7100661823289,0.378098850903815,0
L1PA2_dup3766,chr11,90089697,90095729,-,6033,0,3.61337648305076,3.48007177247808,0,0,0,0,1.5128951734354,1.02817606228163,0,0,0.70436927392002,0,0,0,0,0,0,0,0,0,5.73420023037941,0,0.909333394207423,0,0,0.933226941334283,0,0,0,5.70973966761872,0,39.7838660941354,0,0,3.33181773369211,13.0432772673037,4.40179517087027,24.046600091494,0,1.65223991644965,2.01844908486085,0,0,3.51265863673131,6.84335850711434,2.67193625248934,3.01582414267668,0,0,0,0,15.8812952411064,0.671148725931255,0,0.380423854391666,0,0.911715683107972,0,0,0,0,0,0
L1PA2_dup3771,chr11,93172448,93178521,-,6074,13.1230474421401,39.7471413135584,8.12016746911552,8.48501935943527,19.7349922015522,11.0762882313607,34.882626924749,29.5014558819904,3.08452818684488,21.6339276352171,9.78985654573227,35.922832969921,0,108.986271739619,13.7188383459905,25.0433851558845,8.74000150381909,2.62561751673791,54.8462195237194,0,0,24.6819922959809,57.0015415867271,8.18400054786681,24.8636419631973,1.31409088300441,10.2654963546771,11.8230492006523,8.79170939618463,40.9223784583183,25.6938285042843,18.1381234053059,59.6757991412031,20.5786990995138,8.7561278791426,2.22121182246141,10.1801188427736,17.6071806834811,26.4041099043856,25.7720843824742,28.088078579644,31.7905730865584,18.6147192826341,35.3185529412234,44.2594988228145,29.4264415805917,15.0296414202525,15.0791207133834,22.6334508496326,0,25.905849589935,35.0461271557683,22.233813337549,12.7518257926938,0,47.93340565335,16.6531668735311,1.82343136621594,31.9305339104918,0,33.5232749788504,46.1717869228802,12.0991632289221,62.7592579356738
L1PA2_dup3773,chr11,94232525,94238528,-,6004,5.62416318948861,7.22675296610152,16.240334938231,20.8862015001484,12.1446105855706,17.4055957921383,0,4.53868552030621,19.5353451833509,22.7725554054917,4.89492827286613,6.33932346528018,70.0237317329067,1.0581191431031,18.4676670042179,38.5282848552069,45.6422300754997,14.8784992615148,0,10.6457398171186,10.7816755505426,8.72595687231649,0,17.7320011870447,0.65430636745256,26.2818176600881,20.5309927093542,32.8418033351453,6.11597175386757,9.54855497360761,0,9.3281777513002,33.1532217451128,0,1.45935464652377,4.44242364492281,2.22690099685672,6.7185294713283,0,15.3239420652549,18.1746390809461,0,14.9727089882057,5.8864254902039,0,15.739724566363,0,3.01582414267668,0,0,10.362339835974,0,0,2.01344617779376,0,16.3582257388417,22.2042224980415,0,0,0,10.8139596705969,0,5.29338391265341,0
L1PA2_dup3776,chr11,96405621,96411665,-,6045,1.87472106316287,0,0,0,1.51807632319633,0.791163445097193,0,3.02579034687081,2.05635212456325,0,0,0,0,0,0,0,0,5.25123503347582,0,0,0,0,0,10.9120007304891,0,10.5127270640352,2.79968082400285,13.793557400761,7.64496469233446,13.6407928194394,0,0.518232097294456,13.2612886980451,0,0,1.1106059112307,0.318128713836675,0,3.3005137380482,1.3930856422959,0.826119958224823,0,1.61867124196818,0.840917927171986,0.702531727346261,0,2.33794422092817,1.20632965707067,0,0,0,0,0,1.34229745186251,0,1.52169541756667,31.720317854345,5.92615194020182,40.8001266634062,2.34984085763314,0,17.100661823289,15.1239540361526,1.06371623619786
L1PA2_dup378,chr2,40232601,40238627,-,6027,153.727127179355,466.125566313548,61.4812679804461,24.1496704845465,402.290225647027,147.947564233175,209.295761548494,8.32092345389472,7.19723243597138,63.7631551353768,406.279046647889,93.6811134313627,323.859759264694,181.996492613733,164.098412523194,80.9093981959344,59.2377879703294,40.6970715094376,158.444634179634,87.8273534912282,212.938092123217,12.7149657282326,177.710688476267,14.5493343073188,140.6758690023,83.4447710707798,41.0619854187084,38.0964918687685,39.7538164001392,137.772007476338,99.9204441833276,33.1668542268452,596.757991412031,95.5439601048853,68.589668386617,114.392408856762,58.8538120597848,9.73028406192375,149.937624099904,9.05505667492337,25.6097187049695,40.368981697217,29.5407501659193,73.1598596639628,283.120286120543,118.390102173078,35.7371473770449,68.1576256244929,141.459067810203,372.302769082333,0,55.0724855304931,31.7625904822128,11.4095283408313,156.116959874947,20.1624642827583,26.9622701761932,43.7623527891826,17.7391855058288,8.22444300171598,31.360483044731,15.3905956409601,34.0288965813434,82.9698664234331
L1PA2_dup3805,chr11,108356932,108362967,+,6036,31.8702580737688,14.453505932203,19.7204067107091,0,0,29.2730474685962,36.8205506427906,14.3725041476363,19.5353451833509,21.6339276352171,78.3188523658581,19.0179703958406,0,8.46495314482481,5.80412391561135,15.4113139420828,0,7.87685255021373,0,0,29.6496077639922,5.48488717688465,15.0886433611925,30.9173354030524,46.4557520891317,0,22.3974465920228,17.0777377342756,11.8496952731184,13.6407928194394,12.8469142521421,0,6.63064434902256,26.4583274136605,0,0,17.4970792610171,6.95020290137411,1.41450588773494,50.1510831226525,16.5223991644965,27.2490626456215,4.45134591541249,11.7728509804078,26.6962056391579,28.0577698791688,9.01778485215152,7.23797794242403,0,0,0,1.2516473984203,6.35251809644256,5.36918980745004,0,36.1402661672083,26.1692622298346,13.6757352466196,47.8958008657377,11.7492042881657,95.1628451012528,3.42013236465779,9.07437242169156,121.263650926556
L1PA2_dup382,chr2,43660472,43666500,-,6029,44.9933055159089,0,0,0,100.193037330958,0,13.5654660262913,0.756447586717702,1.02817606228163,2.27725554054917,0,0,8.75296646661334,0,0.527647628691941,11.5584854565621,25.2488932332552,0,12.1880487830488,0,5.39083777527132,8.22733076532698,1.67651592902138,0,0,0,0,1.31367213340581,0,1.36407928194394,0,0,9.94596652353384,35.2777698848807,7.29677323261883,0,0,1.62171401032062,0.471501962578314,0,0,0,0.404667810492045,0,1.40506345469252,0.684335850711434,0.333992031561167,4.22215379974735,0,0,15.543509753961,0,60.3489219162043,0,0,1.141271563175,11.8951191953794,0,0,0,0.540697983529845,1.7100661823289,0,24.4654734325508
L1PA2_dup383,chr2,45059560,45065587,-,6028,7.49888425265148,0,0,0,1.51807632319633,0,0,0,0,2.27725554054917,0,0.70436927392002,0,1.0581191431031,0,17.3377281848431,34.9600060152764,0,0,0,2.69541888763566,0,0,2.72800018262227,0,3.28522720751101,0,13.1367213340581,3.44023411155051,1.36407928194394,1.42743491690468,16.5834271134226,36.4685439196241,0,1.45935464652377,0,0.636257427673349,0.463346860091607,4.24351766320482,0.696542821147952,5.78283970757376,2.52306135607606,0.404667810492045,0.840917927171986,0.702531727346261,8.21203020853721,0.333992031561167,0,0,0,0,0,3.17625904822128,0,6.7876939076064,0,0,0,0,0,0,0,0,2.12743247239572
L1PA2_dup3881,chr12,21209061,21215087,-,6027,1.87472106316287,0,0,0,12.1446105855706,4.74698067058316,0,3.02579034687081,0,1.13862777027459,0,0,52.51779879968,0,0,0,0,0,0,0,0,0.249313053494757,0,0,22.246416493387,0,0.933226941334283,0,0,0,1.42743491690468,0,0,0,0,1.1106059112307,0,0.695020290137411,6.12952551351808,0.696542821147952,0,1.00922454243043,4.04667810492045,0,0,0,0,25.3329227984841,0,0,2.5905849589935,3.75494219526089,0,0,0,0,0.793007946358625,0.455857841553986,31.0435746352004,0,0,0,12.4772620798259,25.5291896687487
L1PA2_dup39,chr1,58269014,58275032,-,6019,31.8702580737688,0,38.2807894972589,37.2035464221393,66.7953582206384,19.7790861274298,58.1377115412483,37.8223793358851,48.3242749272364,42.1292275001597,0,91.5680056096027,35.0118658664534,152.369156606847,10.0253049451469,113.65844032286,0,14.4408963420585,83.2850000174998,0,26.9541888763566,17.2026006911382,120.70914688954,60.4706707147936,45.1471393542266,109.726588730868,70.9252475414055,32.8418033351453,14.1431846808188,46.3786955860941,22.8389586704749,48.7138171456788,86.1983765372933,0,55.4554765679031,9.99545320107633,59.8081982012948,9.73028406192375,19.3315804657109,56.4199685129841,103.264994778103,46.9289412230148,26.3034076819829,23.5457019608156,44.2594988228145,87.5949888910635,75.4821991328238,79.6177573666643,79.217077973714,511.295802873071,23.3152646309415,0,0,40.2689235558753,0,92.8234204715666,84.0588423140142,91.6274261523511,67.4089049221494,64.6206235849113,40.5523487647384,119.704632763023,65.0330023554562,71.2689878252567
L1PA2_dup3930,chr12,39978317,39984339,+,6023,0,0,2.32004784831872,0,0,0,0,0,1.02817606228163,5.69313885137293,0,0,2.91765548887111,1.0581191431031,0.527647628691941,0,0,10.0648671474953,0,0,2.69541888763566,0,0,9.09333394207423,20.9378037584819,0,28.9300351813628,0.656836066702906,8.40946116156791,0,0,11.9193382377725,0,0,0,0,0.636257427673349,5.32848889105348,0.471501962578314,0,9.91343949869787,6.55995952579777,0.404667810492045,0,0,1.36867170142287,0.333992031561167,4.22215379974735,15.0889672330884,26.4748635791881,0,0,0,1.34229745186251,6.7876939076064,0.380423854391666,0,0,0.886959275291439,0,1.08139596705969,0,7.5619770180763,0
L1PA2_dup4030,chr12,96315943,96321971,+,6029,14.997768505303,7.22675296610152,6.96014354495616,6.52693796879636,0,15.8232689019439,9.68961859020805,25.7192179484019,3.08452818684488,1.13862777027459,0,25.3572938611207,0,0,12.1358954599146,0,56.3244541357231,6.12644087238846,12.1880487830488,0,0,0,0,44.10266961906,10.468901879241,1.31409088300441,27.0635812986942,13.793557400761,8.40946116156791,13.6407928194394,18.5566539197608,0,0,0,0,6.66363546738422,18.1333366886905,5.32848889105348,2.82901177546988,27.1651700247701,1.65223991644965,2.52306135607606,7.2840205888568,14.2956047619238,1.40506345469252,21.8987472227659,9.35177688371269,31.3645710838375,28.2918135620407,0,51.81169917987,12.516473984203,6.35251809644256,11.4095283408313,0,63.1503598290166,123.709239631945,20.9694607114833,0,5.87460214408284,12.4360536211864,51.3019854698669,3.78098850903815,0
L1PA2_dup4043,chr12,106471866,106477891,-,6026,0,0,0,0,1.51807632319633,1.58232689019439,0,2.26934276015311,2.05635212456325,12.5249054730204,0,2.11310782176006,0,19.0461445758558,0,0,0.971111278202122,0,0,50.5672641313132,45.8221210898062,2.24381748145281,15.0886433611925,2.72800018262227,3.2715318372628,0,0,7.88203280043487,0,0,1.42743491690468,9.3281777513002,43.0991882686467,0,0,0,5.72631684906014,5.32848889105348,4.71501962578314,6.96542821147952,12.3917993733723,13.6245313228107,12.5447021252534,1.68183585434397,1.40506345469252,10.2650377606715,5.34387250497868,0,1.88612090413605,0,0,0,0,0.671148725931255,0,4.94551010709166,0,0,0,0,0,0,4.9152850617496,0
L1PA2_dup4045,chr12,112621198,112627228,+,6031,1.87472106316287,14.453505932203,4.64009569663744,4.56885657815745,0,4.74698067058316,0,9.83381862733013,28.7889297438855,3.41588331082376,34.2644979100629,1.40873854784004,0,16.9299062896496,3.69353340084359,7.70565697104138,1.94222255640424,1.31280875836895,2.03134146384146,0,0,4.48763496290562,15.0886433611925,4.0920002739334,37.9497693122485,7.88454529802643,1.86645388266857,11.8230492006523,5.73372351925085,4.09223784583183,1.42743491690468,17.101659210717,0,11.7592566282936,0,5.55302955615352,0.636257427673349,11.5836715022902,0,18.1101133498467,17.3485191227213,6.05534725458256,4.04667810492045,5.04550756303192,7.02531727346261,7.52769435782577,10.019760946835,0,0,0,0,3.75494219526089,0,4.02689235558753,0,18.6407688651917,0,6.3820097817558,6.20871492704007,0,1.08139596705969,0,0,0
L1PA2_dup4053,chr13,50982055,50988070,+,6016,46.8680265790717,0,3.48007177247808,3.26346898439818,0,16.6144323470411,23.2550846164993,5.29513310702392,9.25358456053463,19.356672094668,0,38.7403100656011,11.6706219554845,34.9179317224023,16.3570764894502,32.7490421269258,0,24.0681605700975,0,0,83.5579855167054,13.7122179422116,38.5598663674918,48.6493365900971,41.2213011495113,38.76568104863,14.9316310613485,26.2734426681162,2.29348940770034,4.09223784583183,12.8469142521421,4.6640888756501,3.31532217451128,1.4699070785367,0,12.2166650235377,11.4526336981203,8.34024348164893,0.471501962578314,40.3994836265812,25.6097187049695,22.2029399334694,14.9727089882057,10.9319330532358,53.3924112783159,54.7468680569147,17.7015776727419,31.3645710838375,20.7473299454965,0,7.7717548769805,15.0197687810436,0,0.671148725931255,0,9.89102021418333,0.793007946358625,0,8.86959275291439,12.9241247169823,1.62209395058954,10.2603970939734,2.26859310542289,0
L1PA2_dup4074,chr13,36008230,36014237,-,6008,71.239400400189,18.0668824152538,73.0815072220397,33.9400774377411,148.77147967324,140.035929782203,29.0688557706242,16.6418469077894,7.19723243597138,118.417288108557,68.5289958201259,35.922832969921,14.5882774443556,113.218748312032,240.079671054833,25.0433851558845,17.4800030076382,58.6387912071467,6.09402439152438,82.5044835826689,78.1671477414341,35.6517666497502,142.503853966818,29.5533353117413,25.5179483306498,122.21045211941,96.1223749574311,42.6943443356889,16.4366740885191,102.305946145796,41.3956125902357,14.5104987242448,3.31532217451128,0,17.5122557582852,55.5302955615352,42.9473763679511,21.3139555642139,34.8911452307952,6.26888539033157,10.7395594569227,19.6798785773933,31.5640892183795,25.2275378151596,13.348102819579,55.4312039076261,0.333992031561167,6.03164828535336,5.65836271240814,135.683675843339,18.1340947129545,16.2714161794639,0,12.0806770667626,0,25.10797438985,29.3412940152691,28.2631861763471,12.4174298540801,19.9736472898817,7.56977176941784,0,6.04958161446104,10.6371623619786
L1PA2_dup410,chr2,62835479,62841498,+,6020,20.6219316947916,0,11.6002392415936,13.7065697344724,53.1326713118714,15.0321054568467,27.1309320525826,6.80802828045932,3.08452818684488,15.9407887838442,29.3695696371968,12.6786469305604,0,119.56746317065,14.2464859746824,28.8962136414052,63.1222330831379,12.2528817447769,93.4417073367071,0,10.7816755505426,10.9697743537693,97.2379238832403,0.909333394207423,0.65430636745256,17.7402269205595,1.86645388266857,24.3029344680075,5.73372351925085,12.2767135374955,31.403568171903,9.3281777513002,29.8378995706015,11.7592566282936,23.3496743443803,1.1106059112307,14.9520495503237,8.57191691169473,12.2590510270362,18.8066561709947,9.08731954047305,14.6337558652412,13.3540377462375,9.25009719889185,23.1835470024266,33.5324566848603,11.3557290730797,12.0632965707067,0,0,31.087019507922,6.25823699210149,38.1151085786553,19.4633130520064,0,25.8688220986333,21.4112145516829,5.92615194020182,22.173981882286,0,81.1046975294768,23.9409265526046,31.7603034759205,1.06371623619786
L1PA2_dup413,chr2,66177171,66183202,+,6032,16.8724895684658,54.2006472457614,4.64009569663744,0.652693796879636,1.51807632319633,0.791163445097193,0,0,3.08452818684488,6.83176662164751,0,1.40873854784004,0,0,6.33177154430329,0,0,0,0,0,16.1725133258139,9.72320908629552,1.67651592902138,2.72800018262227,0,0,10.2654963546771,6.56836066702906,0,1.36407928194394,1.42743491690468,6.73701726482792,46.4145104431579,0,0,0,2.5450297106934,0.231673430045803,6.12952551351808,2.08962846344386,0.826119958224823,1.00922454243043,0.404667810492045,5.04550756303192,5.62025381877009,15.0553887156515,2.67193625248934,1.20632965707067,0,0,0,0,0,2.68459490372502,0,7.60847708783333,0.793007946358625,0.455857841553986,0,1.17492042881657,14.5988455553058,6.84026472931559,0,0
L1PA2_dup4196,chr13,100698083,100704117,+,6035,0,0,16.240334938231,1.95808139063891,0,9.49396134116632,5.81377115412483,0,4.1127042491265,0,9.78985654573227,2.81747709568008,0,0,4.74882865822747,21.1905566703638,0,10.940072986408,2.03134146384146,0,0,0.249313053494757,0,13.1853342160076,0.65430636745256,0,1.86645388266857,1.31367213340581,9.55620586541808,0,0,0.518232097294456,53.0451547921805,0,56.9148312144269,3.33181773369211,13.9976634088137,0,0.471501962578314,10.4481423172193,4.13059979112411,15.6429804076716,2.02333905246022,0,26.6962056391579,0.684335850711434,7.01383266278451,0,0,0,7.7717548769805,5.00658959368119,0,12.0806770667626,0,7.22805323344166,0,4.10272057398587,34.5914117363661,8.22444300171598,12.9767516047163,0,7.18387816717249,1.06371623619786
L1PA2_dup4201,chr13,106213541,106219555,+,6015,11.2483263789772,0,0,0,0,0,0,0,0,0,0,0.70436927392002,0,0,0,0,0,0.437602919456318,0,0,0,0,0,0,23.5550292282921,0,7.46581553067426,0.656836066702906,0,1.36407928194394,0,0,0,0,0,0,0,0,0,4.17925692688771,0,0,0,0,0,0,0,0,0,0,31.087019507922,2.5032947968406,0,0,0,10.6518679229667,0.793007946358625,0.455857841553986,0,0,1.08139596705969,0,0,0
L1PA2_dup4226,chr14,25778864,25784872,-,6009,0,0,0,0,0,0.791163445097193,0,0.756447586717702,0,0,0,0,0,0,0,21.1905566703638,0,17.9417196977091,0,0,45.8221210898062,0.249313053494757,0,6.82000045655567,6.5430636745256,22.3395450110749,7.46581553067426,11.1662131339494,6.11597175386757,40.9223784583183,0,0,9.94596652353384,0,0,0,3.8175445660401,0,4.24351766320482,0.696542821147952,0,0,0,1.68183585434397,0.702531727346261,21.8987472227659,0,0,0,0,12.9529247949675,0,0,0.671148725931255,0,7.22805323344166,0,0,0,0,4.32558386823876,0,3.40288965813434,0
L1PA2_dup423,chr2,72063976,72069997,+,6022,0,0,8.12016746911552,27.4131394689447,56.1688239582641,32.4377012489849,0,35.553036575732,59.6342116123343,1.13862777027459,0,25.3572938611207,0,0,10.0253049451469,0,0,17.5041167782527,65.0029268429267,0,0,35.6517666497502,25.1477389353208,72.2920048394901,0,0,36.395850712037,42.037508268986,13.760936446202,10.9126342555516,9.99204441833276,24.8751406701339,0,14.699070785367,0,11.106059112307,57.8994259182748,72.5137836043365,42.4351766320482,44.5787405534689,76.8291561149085,29.2675117304824,43.7041235331408,10.9319330532358,115.215203284787,0.684335850711434,22.043474083037,7.84114277095937,0,0,90.6704735647725,45.0593063431307,28.5863314339915,48.3227082670503,0,255.6448301512,18.2391827662484,28.2631861763471,47.0088415904463,0,1.08139596705969,0,16.2582505888641,1.06371623619786
L1PA2_dup4237,chr14,28188443,28194470,+,6028,7.49888425265148,0,2.32004784831872,5.87424417191673,0,9.49396134116632,0,0,0,5.69313885137293,0,0,0,7.40683400172171,0.527647628691941,0,7.76889022561697,0,0,2.66143495427964,29.6496077639922,20.1943573330753,18.4416752192352,0,1.30861273490512,0,0,0.656836066702906,0,6.82039640971972,8.56460950142808,8.29171355671129,26.5225773960902,0,0,1.1106059112307,20.0421089717105,8.57191691169473,9.90154121414459,17.4135705286988,0,0.504612271215213,0.809335620984089,0,16.158229728964,28.7421057298802,4.00790437873401,0.603164828535336,0,438.489928030303,5.181169917987,0,22.233813337549,0.671148725931255,0,11.0322917773583,0,0.455857841553986,0,10.5742838593491,0.540697983529845,0,0,0
L1PA2_dup4262,chr14,40348059,40354070,+,6012,1.87472106316287,0,6.96014354495616,0,0,5.53814411568035,1.93792371804161,1.5128951734354,2.05635212456325,15.9407887838442,0,11.2699083827203,0,13.7555488603403,7.91471443037911,1.92641424276034,10.6822240602233,10.5024700669516,38.5954878129877,0,8.08625666290697,6.48213939086368,0,6.36533375945196,0.65430636745256,4.59931809051542,13.06517717868,9.19570493384068,6.88046822310101,53.1990919958138,12.8469142521421,17.6198913080115,79.5677321882707,0,0,6.66363546738422,12.0888911257936,17.1438338233895,26.4041099043856,6.26888539033157,14.044039289822,5.04612271215213,4.45134591541249,17.6592764706117,13.348102819579,24.6360906256116,17.0335936096195,16.2854503704541,0,0,7.7717548769805,18.7747109763045,3.17625904822128,5.36918980745004,0,0,0,5.92615194020182,0.886959275291439,9.39936343053255,0,0,1.89049425451908,3.19114870859358
L1PA2_dup4309,chr14,59946505,59952523,-,6019,0,0,1.16002392415936,1.95808139063891,0,6.32930756077755,0,8.32092345389472,7.19723243597138,0,0,0,8.75296646661334,0,10.0253049451469,1.92641424276034,5.82666766921273,10.940072986408,0,0,0,3.4903827489266,3.35303185804277,6.36533375945196,0,1.97113632450661,8.39904247200854,13.793557400761,0.764496469233446,1.36407928194394,2.85486983380936,1.55469629188337,0,0,4.3780639395713,5.55302955615352,14.3157921226504,15.5221198130688,18.8600785031326,23.6824559190304,22.3052388720702,16.652204950102,13.3540377462375,13.4546868347518,11.9430393648864,13.6867170142287,8.34980078902918,4.82531862828269,5.65836271240814,0,0,1.2516473984203,0,4.02689235558753,753.434023744311,9.51059635979166,3.1720317854345,3.64686273243189,1.77391855058288,0,0,0,3.40288965813434,0
L1PA2_dup4335,chr14,85885596,85891616,+,6021,9.37360531581435,0,16.240334938231,0,36.4338317567118,1.58232689019439,13.5654660262913,3.78223793358851,0,18.2180443243934,0,11.2699083827203,0,41.2666465810209,24.7994385485212,3.85282848552069,17.4800030076382,8.31445546967005,0,2.66143495427964,0,0.498626106989514,25.1477389353208,8.63866724497052,34.6782374749857,24.9677267770837,6.53258858933998,13.793557400761,12.2319435077351,13.6407928194394,45.6779173409498,22.802212280956,3.31532217451128,0,0,5.55302955615352,17.1789505471804,4.40179517087027,4.24351766320482,0,0.826119958224823,8.57840861065862,3.6420102944284,4.20458963585993,1.40506345469252,0,3.67391234717284,7.84114277095937,0,0,15.543509753961,3.75494219526089,0,0,6.7876939076064,0.760847708783333,0,0,0.886959275291439,1.17492042881657,0.540697983529845,0,9.83057012349919,0
L1PA2_dup4367,chr15,37399472,37405476,-,6005,0,0,0,0,1.51807632319633,0,0,14.3725041476363,2.05635212456325,6.83176662164751,9.78985654573227,0,0,0,10.0253049451469,0,0,6.56404379184477,0,0,24.2587699887209,0.249313053494757,25.1477389353208,5.91066706234825,0,0,0.933226941334283,0,6.11597175386757,0,1.42743491690468,0,43.0991882686467,0,0,22.2121182246141,7.31696041824352,27.105791315359,19.3315804657109,6.26888539033157,43.7843577859156,6.55995952579777,33.5874282708397,24.3866198879876,39.3417767313906,26.6890981777459,22.043474083037,9.04747242803004,5.65836271240814,1.65467897369926,0,1.2516473984203,9.52877714466384,0,0,0,0.793007946358625,0.455857841553986,0,0,0,0,0,0
L1PA2_dup4378,chr15,44252035,44258049,+,6015,0,7.22675296610152,0,0,0,0.791163445097193,0,6.80802828045932,0,7.9703943919221,0,0.70436927392002,0,2.1162382862062,0.527647628691941,0,0,0,0,0,2.69541888763566,1.24656526747378,21.794707077278,2.72800018262227,14.3947400839563,1.31409088300441,3.73290776533713,3.94101640021744,8.79170939618463,9.54855497360761,1.42743491690468,7.25524936212238,0,0,2.91870929304753,0,3.8175445660401,4.17012174082446,1.88600785031326,2.08962846344386,9.91343949869787,8.07379633944341,0,2.52275378151596,23.1835470024266,0.684335850711434,11.0217370415185,4.22215379974735,0,0,10.362339835974,3.75494219526089,19.0575542893277,0.671148725931255,0,11.0322917773583,0.793007946358625,0.911715683107972,0,1.17492042881657,3.78488588470892,1.7100661823289,0,0
L1PA2_dup4389,chr15,49778510,49784518,-,6009,0,0,0,13.0538759375927,9.10845793917796,30.0642109136933,0,0.756447586717702,0,1.13862777027459,0,8.45243128704025,0,0,0,0,0,4.8136321140195,0,0,2.69541888763566,0,0,18.6413345812522,0,0.657045441502203,0,0.656836066702906,0.382248234616723,0,1.42743491690468,0,16.5766108725564,0,1.45935464652377,0,0.954386141510024,3.47510145068705,0,4.87579974803566,9.08731954047305,0,0,0,0.702531727346261,0.684335850711434,0,0,5.65836271240814,0,2.5905849589935,0,0,0,0,0,0,0,0,0,0.540697983529845,0,10.208668974403,0
L1PA2_dup4403,chr15,56134619,56140628,-,6010,271.834554158616,401.084789618634,400.208253834979,122.706433813372,497.929034008395,543.529286781772,482.543005792361,159.610440797435,144.972824781709,396.242464055556,773.398667112849,291.608879402888,306.353826331467,476.153614396395,436.364588928235,256.213094287126,360.282284212987,338.267056739734,347.359390316889,1144.41703034025,652.291370807829,133.881109726684,360.450924739598,186.868012509625,283.968963474411,482.928399504119,199.710565445536,319.879164484315,460.609122713151,332.835344794322,542.425268423779,204.183446334016,805.623288406241,354.247605927344,373.594789510084,432.025699468743,424.701832971961,178.156867705223,376.730068100073,137.915478587294,250.314347342121,254.829196963683,252.917381557528,285.912095238475,280.310159211158,538.572314509898,206.741067536363,180.949448560601,199.928815838421,511.295802873071,427.446518233927,357.971155948205,289.039573388136,69.1283187709193,624.467839499789,114.1271563175,285.482860689105,381.097155539132,284.713927368552,244.383449193846,273.052481682572,451.457472134829,62.0082115482257,418.040480825759
L1PA2_dup4421,chr15,73508420,73514470,-,6051,20.6219316947916,7.22675296610152,3.48007177247808,0,63.7592055742457,0,0,1.5128951734354,3.08452818684488,1.13862777027459,0,14.7917547523204,105.03559759936,25.3948594344744,16.8847241181421,15.4113139420828,21.3644481204467,0,8.12536585536583,0,8.08625666290697,1.49587832096854,10.0590955741283,0,6.5430636745256,26.9388631015903,2.79968082400285,11.1662131339494,6.11597175386757,23.189347793047,41.3956125902357,10.3646419458891,13.2612886980451,20.5786990995138,30.6464475769991,9.99545320107633,3.8175445660401,3.01175459059545,0.943003925156628,2.08962846344386,9.91343949869787,7.06457179701298,7.2840205888568,12.6137689075798,25.2911421844654,1.36867170142287,2.003952189367,0.603164828535336,0,0,10.362339835974,15.0197687810436,0,2.01344617779376,0,0.380423854391666,0,3.64686273243189,12.4174298540801,9.39936343053255,2.16279193411938,0,0.378098850903815,1.06371623619786
L1PA2_dup4430,chr15,81697166,81703174,+,6009,0,18.0668824152538,2.32004784831872,13.7065697344724,15.1807632319633,0,0,6.80802828045932,10.2817606228163,0,0,0,0,0,1.05529525738388,0,0,2.18801459728159,0,399.215243141946,0,13.9615309957064,0,10.4573340333854,0,16.4261360375551,11.1987232960114,14.4503934674639,0.382248234616723,6.82039640971972,4.28230475071404,12.9558024323614,0,0,0,1.1106059112307,6.68070299057017,40.7745236880614,0,7.66197103262747,46.2627176605901,7.06457179701298,0.809335620984089,1.68183585434397,2.81012690938505,0,5.34387250497868,3.61898897121201,0,1.65467897369926,0,2.5032947968406,0,6.04033853338129,0,9.51059635979166,0,0,0,4.69968171526627,0,0,0,0
L1PA2_dup4432,chr15,81797931,81803963,+,6033,0,0,10.4402153174342,0,0,12.6586151215551,0,10.5902662140478,0,9.10902216219668,0,0,0,0,0,0,0,0.437602919456318,0,0,0,0,0,0,0,9.19863618103084,0,16.4209016675726,0,0,0,0,0,0,0,1.1106059112307,17.8152079748538,5.32848889105348,0.471501962578314,6.96542821147952,4.13059979112411,4.0368981697217,49.7741406905215,5.8864254902039,0,0,10.3537529783962,7.84114277095937,0,0,0,0,0,0.671148725931255,0,0,0,0,0,0,0,0,0.378098850903815,0
L1PA2_dup4440,chr15,85433964,85439965,+,6002,7.49888425265148,0,10.4402153174342,0,0,4.74698067058316,23.2550846164993,3.78223793358851,0,7.9703943919221,0,7.74806201312023,0,0,0,36.6018706124465,56.3244541357231,5.25123503347582,32.5014634214633,0,2.69541888763566,4.48763496290562,0,1.36400009131113,0,5.91340897351982,1.86645388266857,14.4503934674639,4.58697881540068,5.45631712777578,0,0,0,0,97.7767613170924,0,3.8175445660401,1.15836715022902,0,4.17925692688771,0,11.1014699667347,0,0,16.158229728964,26.6890981777459,6.34584859966218,8.4443075994947,1.88612090413605,0,7.7717548769805,5.00658959368119,38.1151085786553,10.0672308889688,0,15.5973780300583,51.5455165133106,6.83786762330979,11.5304705787887,0,0,17.100661823289,0,31.9114870859358
L1PA2_dup4441,chr15,86528095,86534125,+,6031,5.62416318948861,39.7471413135584,3.48007177247808,0,1.51807632319633,0.791163445097193,25.1930083345409,2.26934276015311,0,15.9407887838442,63.6340675472597,7.04369273920021,0,2.1162382862062,2.6382381434597,9.63207121380172,0,3.50082335565055,0,0,61.9946344156201,3.73969580242135,0,0.454666697103712,0.65430636745256,10.5127270640352,0,0,3.82248234616723,23.189347793047,1.42743491690468,9.84640984859466,16.5766108725564,0,37.9432208096179,6.66363546738422,1.2725148553467,0.231673430045803,8.95853728898796,1.3930856422959,4.13059979112411,0.504612271215213,8.09335620984089,5.04550756303192,4.21519036407757,16.4240604170744,1.33596812624467,3.61898897121201,0,0,0,1.2516473984203,0,1.34229745186251,0,3.423814689525,15.8601589271725,7.29372546486377,3.54783710116576,0,1.08139596705969,1.7100661823289,6.80577931626867,0
L1PA2_dup4454,chr15,97265581,97271604,-,6024,0,21.6802588983046,0,0,50.0965186654788,0,0,0,11.3099366850979,1.13862777027459,88.1087089115904,0,0,6.3487148586186,2.11059051476776,9.63207121380172,0,6.12644087238846,26.407439029939,0,0,0.249313053494757,0,1.81866678841485,0,0,0,7.88203280043487,0,0,0,0.518232097294456,0,2.93981415707339,0,3.33181773369211,1.2725148553467,2.31673430045803,0,5.57234256918361,9.08731954047305,0,0,0,0,0.684335850711434,5.00988047341751,0,0,0,28.4964345489285,1.2516473984203,0,0,0,0.760847708783333,0,0,0,0,1.62209395058954,0,0,0
L1PA2_dup4478,chr16,21042673,21048703,-,6031,5.62416318948861,0,4.64009569663744,0,0,4.74698067058316,15.5033897443329,3.02579034687081,10.2817606228163,7.9703943919221,0,0,0,25.3948594344744,1.05529525738388,3.85282848552069,0,3.93842627510687,0,0,0,0,0,0,0,0,0,21.6755902011959,6.11597175386757,0,0,0,0,0,40.8619301026655,8.88484728984563,4.45380199371345,3.70677488073286,0,4.87579974803566,2.47835987467447,17.6614294925325,4.04667810492045,2.52275378151596,0,0,9.01778485215152,0,0,0,0,0,6.35251809644256,6.04033853338129,0,0,0,0.455857841553986,2.66087782587432,0,0,18.8107280056179,0,0
L1PA2_dup4522,chr16,59976602,59982619,+,6018,1.87472106316287,14.453505932203,1.16002392415936,9.13771315631491,12.1446105855706,12.6586151215551,27.1309320525826,10.5902662140478,7.19723243597138,5.69313885137293,0,2.81747709568008,0,6.3487148586186,0.527647628691941,3.85282848552069,0,6.56404379184477,0,0,0,2.49313053494757,38.5598663674918,0.909333394207423,23.5550292282921,0.657045441502203,5.5993616480057,19.0482459343843,8.79170939618463,0,0,2.59116048647228,6.63064434902256,2.93981415707339,1.45935464652377,3.33181773369211,14.633920836487,19.4605681238475,0.943003925156628,4.17925692688771,0.826119958224823,13.1199190515955,4.45134591541249,3.36367170868794,0.702531727346261,0,7.01383266278451,0.603164828535336,1.88612090413605,0,18.1340947129545,17.5230635778842,0,19.4633130520064,0,3.80423854391666,29.3412940152691,0.455857841553986,6.20871492704007,10.5742838593491,2.70348991764923,0,9.45247127259538,1.06371623619786
L1PA2_dup4528,chr16,61782079,61788101,+,6023,1.87472106316287,3.61337648305076,2.32004784831872,1.95808139063891,74.38573983662,1.58232689019439,13.5654660262913,0.756447586717702,3.08452818684488,0,4.89492827286613,0,5.83531097774223,19.0461445758558,0,0,8.74000150381909,2.62561751673791,0,37.260089359915,0,1.24656526747378,5.02954778706415,0.909333394207423,3.92583820471536,5.91340897351982,0.933226941334283,1.31367213340581,2.29348940770034,0,9.99204441833276,2.59116048647228,3.31532217451128,1.4699070785367,5.83741858609507,0,1.59064356918337,1.62171401032062,2.35750981289157,0,0.826119958224823,3.53228589850649,0.809335620984089,0,4.91772209142383,23.2674189241888,0.667984063122335,0.603164828535336,11.3167254248163,0,2.5905849589935,2.5032947968406,22.233813337549,0,665.194002945428,1.52169541756667,0.793007946358625,3.1910048908779,2.66087782587432,0,2.70348991764923,5.13019854698669,0.378098850903815,4.25486494479144
L1PA2_dup4548,chr16,73824401,73830431,-,6031,14.997768505303,50.5872707627106,3.48007177247808,1.95808139063891,65.2772818974421,11.0762882313607,3.87584743608322,4.53868552030621,1.02817606228163,5.69313885137293,0,10.5655391088003,5.83531097774223,76.1845783034233,12.1358954599146,0,5.82666766921273,8.75205838912637,0,0,94.339661067248,0.498626106989514,30.1772867223849,11.8213341246965,7.19737004197816,26.2818176600881,3.73290776533713,11.1662131339494,9.9384541000348,8.18447569166366,5.70973966761872,0.518232097294456,6.63064434902256,11.7592566282936,27.7277382839516,15.5484827572298,7.31696041824352,8.57191691169473,38.6631609314217,3.48271410573976,1.65223991644965,11.1014699667347,6.87935277836476,2.52275378151596,4.91772209142383,31.479449132726,3.00592828405051,1.20632965707067,45.2669016992651,0,18.1340947129545,25.032947968406,44.4676266750979,0,767.009411559524,0.380423854391666,26.1692622298346,15.4991666128355,4.4347963764572,0,61.0988721388725,32.491257464249,0,1.06371623619786
L1PA2_dup4596,chr17,32678258,32684272,-,6015,28.120815947443,0,9.28019139327488,0,0,0,0,14.3725041476363,3.08452818684488,5.69313885137293,44.0543544557952,4.93058491744014,0,17.9880254327527,3.69353340084359,7.70565697104138,0,7.00164671130109,14.2193902468902,0,0,6.98076549785319,77.1197327349837,5.00133366814083,0,9.19863618103084,19.5977657680199,4.59785246692034,0,4.09223784583183,0,8.80994565400575,26.5225773960902,0,33.5651568700466,7.77424137861492,20.0421089717105,47.2613797293439,12.7305529896145,4.17925692688771,88.394835530056,207.395643469453,12.1400343147613,10.0910151260638,5.62025381877009,5.47468680569147,42.0829959767071,27.1424172840901,0,216.762945554603,28.4964345489285,0,28.5863314339915,1.34229745186251,0,6.08678167026666,17.4461748198897,12.3081617219576,5.32175565174863,1.17492042881657,0,25.6509927349335,17.0144482906717,17.0194597791658
L1PA2_dup4611,chr17,52403848,52409865,-,6018,14.997768505303,21.6802588983046,0,0,1.51807632319633,0,0,0,0,0,0,0,0,0,0.527647628691941,0,0,7.43924963075741,75.159634162134,0,0,2.49313053494757,0,0,0,19.0543178035639,0,8.53886886713778,0,0,0,0.518232097294456,0,0,0,0,0,0,0.943003925156628,2.78617128459181,0.826119958224823,0,0,0,0,0,0.333992031561167,3.61898897121201,0,0,0,0,0,0,0,2.28254312635,0.793007946358625,0,0,0,0,0,0.378098850903815,0
L1PA2_dup4612,chr17,55501717,55507741,+,6025,43.118584452746,0,1.16002392415936,0,66.7953582206384,0,7.75169487216644,0.756447586717702,33.9298100552936,3.41588331082376,0,0.70436927392002,0,1.0581191431031,169.374888810113,0,0,0.437602919456318,237.666951269451,0,0,47.8681062709933,60.3545734447698,14.5493343073188,0,78.1884075387621,15.8648580026828,3.28418033351453,6.11597175386757,0,18.5566539197608,97.4276342913577,3.31532217451128,0,0,0,2.86315842453007,0.463346860091607,0.471501962578314,2.78617128459181,3.30447983289929,4.0368981697217,0,0,0.702531727346261,0,0,1.20632965707067,0,0,0,1.2516473984203,3.17625904822128,0,0,1.141271563175,0.793007946358625,2.27928920776993,0,0,1.08139596705969,0,0,0
L1PA2_dup4618,chr17,60881441,60887474,-,6034,0,0,10.4402153174342,3.91616278127782,0,5.53814411568035,7.75169487216644,10.5902662140478,3.08452818684488,0,0,5.63495419136016,0,20.1042637189589,0.527647628691941,0,36.9022285716806,0,0,0,0,0,0,1.81866678841485,0.65430636745256,0,0,1.31367213340581,3.82248234616723,2.72815856388789,2.85486983380936,0,0,0,11.6748371721901,2.22121182246141,14.3157921226504,0.231673430045803,1.88600785031326,6.96542821147952,3.30447983289929,1.51383681364564,4.85601372590454,3.36367170868794,8.43038072815514,3.42167925355717,4.00790437873401,0.603164828535336,0,0,15.543509753961,13.7681213826233,0,8.72493343710631,0,18.6407688651917,49.9595006205934,15.4991666128355,17.7391855058288,0,31.9011810282609,39.3315221935646,0,11.7008785981765
L1PA2_dup4620,chr17,61110230,61116238,+,6009,76.8635635896777,46.9738942796599,6.96014354495616,7.83232556255563,62.2411292510494,13.4497785666523,21.3171608984577,8.32092345389472,11.3099366850979,25.0498109460409,112.583350275921,39.4446793395211,0,62.4290294430829,27.4376766919809,44.3075275834879,0,14.0032934226022,14.2193902468902,0,140.161782157054,19.446418172591,105.620503528347,4.54666697103712,54.3074284985625,10.5127270640352,13.9984041200142,19.7050820010872,9.17395763080135,25.9175063569349,29.9761332549983,2.07292838917782,23.207255221579,26.4583274136605,64.2116044470457,17.7696945796913,10.1801188427736,6.95020290137411,27.8186157921205,11.1446851383672,1.65223991644965,13.6245313228107,3.23734248393636,0.840917927171986,49.8797526415846,15.0553887156515,1.0019760946835,7.23797794242403,15.0889672330884,211.798908633505,2.5905849589935,8.76153178894209,47.6438857233192,8.72493343710631,0,17.4994973020167,34.0993416934209,10.9405881972957,7.09567420233151,30.5479311492308,77.8605096282977,39.3315221935646,29.4917103704976,152.111421776294
L1PA2_dup4639,chr18,2247168,2253196,+,6029,0,10.8401294491523,1.16002392415936,0,0,8.70279789606913,1.93792371804161,3.78223793358851,6.16905637368975,0,0,11.2699083827203,0,11.6393105741341,0.527647628691941,17.3377281848431,5.82666766921273,9.18966130858268,0,0,0,5.98351328387416,0,9.54800063917794,13.0861273490512,7.22749985652423,4.66613470667141,3.94101640021744,1.52899293846689,0,1.42743491690468,15.5469629188337,33.1532217451128,0,0,1.1106059112307,5.72631684906014,3.93844831077866,14.6165608399277,11.1446851383672,23.131358830295,7.56918406822819,4.04667810492045,6.72734341737589,4.91772209142383,17.1083962677858,0.667984063122335,2.41265931414134,26.4056926579047,125.755602001144,0,2.5032947968406,0,1.34229745186251,0,10.271444068575,0.793007946358625,3.64686273243189,20.4000633317031,0,11.3546576541268,3.42013236465779,4.53718621084578,0
L1PA2_dup4651,chr18,7966443,7972474,+,6032,69.3646793370262,115.628047457624,60.3212440562867,15.6646511251113,174.578777167578,22.1525764627214,145.344278853121,26.4756655351196,3.08452818684488,60.347271824553,122.373206821653,112.699083827203,204.235884220978,204.216994618898,77.0365537890234,100.173540623538,464.191190980614,16.1913080198838,85.3163414813413,415.183852867624,175.202227696318,34.6545144357712,95.5614079542189,30.9173354030524,34.6782374749857,76.8743166557577,47.5945740080484,57.1447378031528,14.5254329154355,23.189347793047,87.0735299311855,80.8442071779351,225.441907866767,136.701358303913,180.959976168947,106.618167478147,122.47955482712,73.2088038944739,120.23300045747,6.96542821147952,66.9157166162106,88.8117597338775,118.567668474169,95.8646436976064,98.3544418284766,283.999378045245,122.90906761451,72.9829442527756,66.0142316447616,21.5108266580904,124.348078031688,106.390028865725,139.755398121736,4.69804108151878,0,9.51059635979166,27.7552781225519,42.3947792645207,31.9305339104918,90.4688730188758,30.8197850612012,114.574434216036,46.5061586611693,24.4654734325508
L1PA2_dup4652,chr18,8057453,8063463,-,6011,7.49888425265148,10.8401294491523,5.8001196207968,9.13771315631491,0,3.16465378038877,1.93792371804161,6.80802828045932,5.14088031140813,3.41588331082376,0,0.70436927392002,0,2.1162382862062,21.1059051476776,0,0,5.68883795293214,0,0,2.69541888763566,6.23282633736892,0,0.454666697103712,0.65430636745256,0.657045441502203,18.6645388266857,0,1.52899293846689,2.72815856388789,5.70973966761872,0,0,0,0,7.77424137861492,16.2245644056704,27.8008116054964,8.48703532640965,16.7170277075508,15.6962792062716,12.6153067803803,19.0193870931261,7.56826134454787,0.702531727346261,0,4.67588844185634,3.61898897121201,9.43060452068023,0,0,0,0,6.04033853338129,0,49.4551010709166,0,2.73514704932391,0,0,0,8.55033091164448,0,0
L1PA2_dup4686,chr18,35205780,35211809,+,6030,0,0,1.16002392415936,24.8023642814262,0,57.7549314920951,11.6275423082497,3.02579034687081,10.2817606228163,10.2476499324713,14.6847848185984,7.04369273920021,0,17.9880254327527,3.69353340084359,0,0,7.43924963075741,16.2507317107317,0,0,11.4684004607588,6.70606371608554,0.909333394207423,0.65430636745256,0,5.5993616480057,22.3324262678988,4.58697881540068,0,18.5566539197608,17.101659210717,0,0,8.7561278791426,3.33181773369211,4.45380199371345,19.9239149839391,7.07252943867471,27.8617128459181,26.4358386631943,21.6983276622542,10.9260308832852,10.0910151260638,21.7784835477341,4.79035095498004,12.6916971993244,3.61898897121201,20.7473299454965,0,18.1340947129545,21.2780057731451,25.4100723857702,8.05378471117506,6.7876939076064,38.80323314795,0,5.92615194020182,0,0,28.6569931270818,0,19.6611402469984,172.322030264053
L1PA2_dup4688,chr18,39565593,39571600,+,6008,0,0,0,0,0,0,0,0,0,0,0,0,0,0,0,0,0,0,0,0,0,0,0,0.454666697103712,0,0,0,0.656836066702906,0,0,0,0,3.31532217451128,0,0,0,0.318128713836675,0,0,0.696542821147952,0,0,0,0,0.702531727346261,0,0,0,0,0,10.362339835974,0,0,0,251.144674581437,0.380423854391666,0,0,0,0,0.540697983529845,22.2308603702757,0,0
L1PA2_dup4713,chr18,57259697,57265728,+,6032,0,0,0,0,1.51807632319633,0.791163445097193,0,6.05158069374162,0,0,0,0,0,0,0,0,0,0,0,0,0,0,0,0,0,0,0.933226941334283,0,5.35147528463412,0,0,0,53.0451547921805,39.6874911204908,0,46.6454482716895,129.478386531527,384.114547015942,37.2486550436868,205.480132238646,343.665902621526,153.90674272064,137.587055567295,43.7277322129433,16.8607614563103,25.3204264763231,190.709450021427,1.80949448560601,0,0,0,0,0,0,0,0,0,0,0,0,0.540697983529845,0,0.378098850903815,0
L1PA2_dup4714,chr18,57719249,57725264,+,6016,7.49888425265148,7.22675296610152,0,3.26346898439818,3.03615264639265,0.791163445097193,17.4413134623745,3.78223793358851,8.225408498253,0,14.6847848185984,9.86116983488029,23.3412439109689,7.40683400172171,2.11059051476776,26.9697993986448,38.8444511280849,13.1280875836895,6.09402439152438,2.66143495427964,0,0,6.70606371608554,1.36400009131113,10.468901879241,0,7.46581553067426,5.91152460032615,0.382248234616723,1.36407928194394,8.56460950142808,0,26.5225773960902,20.5786990995138,8.7561278791426,13.3272709347684,3.49941585220342,0.926693720183214,19.3315804657109,4.87579974803566,12.3917993733723,9.58763315308905,4.04667810492045,0,15.4556980016177,17.1083962677858,6.01185656810101,19.9044393416661,26.4056926579047,0,2.5905849589935,5.00658959368119,47.6438857233192,1.34229745186251,0,9.89102021418333,0,1.36757352466196,1.77391855058288,0,14.5988455553058,0,7.5619770180763,4.25486494479144
L1PA2_dup472,chr2,106130893,106136925,+,6033,0,3.61337648305076,2.32004784831872,0.652693796879636,0,0,7.75169487216644,0.756447586717702,0,3.41588331082376,4.89492827286613,2.81747709568008,26.25889939984,29.6273360068868,0,3.85282848552069,0,0.437602919456318,0,0,0,4.23832190941087,0,1.81866678841485,0,11.8268179470396,0.933226941334283,0,0.382248234616723,0,0,1.55469629188337,9.94596652353384,0,10.2154825256664,3.33181773369211,13.0432772673037,8.80359034174053,15.5595647650844,0.696542821147952,8.26119958224823,10.0922454243043,5.66534934688862,6.72734341737589,0.702531727346261,0.684335850711434,8.01580875746802,7.23797794242403,0,0,2.5905849589935,0,0,10.0672308889688,0,5.706357815875,23.7902383907587,0.455857841553986,0,4.69968171526627,0.540697983529845,3.42013236465779,10.5867678253068,0
L1PA2_dup4762,chr19,37837503,37843533,+,6031,0,0,9.28019139327488,3.91616278127782,24.2892211711412,11.8674516764579,0,12.1031613874832,8.225408498253,10.2476499324713,4.89492827286613,14.0873854784004,61.2707652662934,0,0,0,0,0,0,2.66143495427964,0,11.4684004607588,40.2363822965132,0,0.65430636745256,0,5.5993616480057,3.94101640021744,3.44023411155051,2.72815856388789,22.8389586704749,0.518232097294456,0,1.4699070785367,14.5935464652377,5.55302955615352,6.99883170440684,12.7420386525192,4.71501962578314,20.8962846344386,24.7835987467447,7.06457179701298,4.04667810492045,0,37.2341815493519,18.4770679692087,10.6877450099574,15.6822855419187,9.43060452068023,0,59.5834540568505,0,0,10.0672308889688,0,25.10797438985,23.7902383907587,1.82343136621594,7.09567420233151,0,5.9476778188283,10.2603970939734,0,71.2689878252567
L1PA2_dup4775,chr20,12582508,12588531,+,6024,0,21.6802588983046,3.48007177247808,13.7065697344724,19.7349922015522,3.95581722548597,3.87584743608322,9.83381862733013,12.3381127473795,13.663533243295,0,15.4961240262405,0,6.3487148586186,1.05529525738388,0,83.5155699253825,26.6937780868354,0,2.66143495427964,48.5175399774418,7.97801771183222,15.0886433611925,18.1866678841485,0,12.4838633885419,11.1987232960114,24.3029344680075,0,10.9126342555516,41.3956125902357,0,76.2524100137595,48.506933591711,0,3.33181773369211,28.313455531464,18.0705275435727,12.7305529896145,4.17925692688771,7.4350796240234,15.6429804076716,13.3540377462375,0,0.702531727346261,21.2144113720544,19.3715378305477,0,5.65836271240814,0,0,0,38.1151085786553,5.36918980745004,0,26.249245953025,0.793007946358625,12.3081617219576,0,0,0,0,3.02479080723052,0
L1PA2_dup4776,chr20,53472645,53478653,+,6009,3.74944212632574,0,0,0,0,0,11.6275423082497,0,0,0,83.2137806387242,0,0,0,0,7.70565697104138,34.9600060152764,0,0,0,0,7.72870465833746,6.70606371608554,0,18.9748846561242,0,0,0.656836066702906,0,5.45631712777578,0,0,0,29.3981415707339,18.971610404809,0,5.09005942138679,0,0,1.3930856422959,2.47835987467447,2.01844908486085,0.404667810492045,7.56826134454787,0,0,5.34387250497868,0,0,0,15.543509753961,15.0197687810436,0,0,0,0.760847708783333,0,0.455857841553986,0,0,15.1395435388357,0,0,0
L1PA2_dup4791,chr20,8595102,8601127,-,6026,13.1230474421401,0,2.32004784831872,0,0,0,0,27.2321131218373,3.08452818684488,0,0,1.40873854784004,0,0,1.58294288607582,7.70565697104138,0,6.12644087238846,0,0,0,7.23007855134795,0,0.454666697103712,18.3205782886717,0,3.73290776533713,1.97050820010872,0,4.09223784583183,0,0,0,0,33.5651568700466,42.2030246267667,52.809366496888,167.963236783208,0,22.2893702767345,51.219437409939,56.0119621048886,110.474312264328,5.04550756303192,7.72784900080887,17.1083962677858,21.7094820514759,1.80949448560601,0,0,12.9529247949675,0,0,6.71148725931255,0,13.3148349037083,23.7902383907587,0.455857841553986,6.20871492704007,9.39936343053255,0.540697983529845,8.55033091164448,9.45247127259538,0
L1PA2_dup4838,chr20,42614938,42620967,-,6030,52.4921897685603,10.8401294491523,10.4402153174342,0,154.843784966025,0,15.5033897443329,2.26934276015311,1.02817606228163,9.10902216219668,0,0,14.5882774443556,28.5692168637837,11.6082478312227,19.2641424276034,21.3644481204467,16.1913080198838,30.4701219576219,338.002239193515,159.029714370504,20.1943573330753,97.2379238832403,2.72800018262227,15.7033528188614,0,5.5993616480057,3.94101640021744,24.846135250087,13.6407928194394,14.2743491690468,30.5756937403729,102.77498740985,1.4699070785367,0,6.66363546738422,16.5426931195071,17.1438338233895,15.088062802506,0,7.4350796240234,14.6337558652412,0,6.72734341737589,9.83544418284766,6.84335850711434,8.01580875746802,0,5.65836271240814,0,0,1.2516473984203,0,0,0,1.90211927195833,0,0,9.75655202820583,1.17492042881657,37.3081608635593,1.7100661823289,10.208668974403,2.12743247239572
L1PA2_dup4901,chr21,35493767,35499791,-,6025,22.4966527579544,0,0,0,1.51807632319633,4.74698067058316,1.93792371804161,2.26934276015311,2.05635212456325,6.83176662164751,0,0,0,0,1.58294288607582,0,2.91333383460636,0,2.03134146384146,332.679369284955,2.69541888763566,5.98351328387416,0,0.909333394207423,2.61722546981024,0,0.933226941334283,0.656836066702906,0.764496469233446,2.72815856388789,2.85486983380936,18.1381234053059,76.2524100137595,26.4583274136605,29.1870929304753,1.1106059112307,0.318128713836675,0.926693720183214,1.88600785031326,0,0.826119958224823,0,0.809335620984089,0,43.5569670954682,1.36867170142287,3.33992031561167,0,1.88612090413605,0,0,0,3.17625904822128,0.671148725931255,0,10.6518679229667,0,0.911715683107972,0.886959275291439,1.17492042881657,0,0,0,49.9946631012994
L1PA2_dup4905,chr21,40033162,40039180,+,6019,0,0,1.16002392415936,3.26346898439818,0,8.70279789606913,0,12.1031613874832,0,5.69313885137293,0,0,0,0,0.527647628691941,0,0,6.56404379184477,4.06268292768292,0,0,7.23007855134795,0,0,13.7404337165038,0,7.46581553067426,0.656836066702906,3.82248234616723,9.54855497360761,0,0,0,33.807862806344,0,21.1015123133834,37.2210595188909,35.4460347970079,21.2175883160241,20.8962846344386,35.5231582036674,25.2306135607606,37.6341063757602,6.72734341737589,8.43038072815514,0,38.7430756610954,4.82531862828269,0,0,0,0,25.4100723857702,8.05378471117506,1561.16959874947,4.18466239830833,0,9.11715683107972,0,0,0,15.3905956409601,8.31817471988393,0
L1PA2_dup4936,chr22,32294666,32300684,-,6019,0,0,1.16002392415936,10.4431007500742,0,155.06803523905,5.81377115412483,34.7965889890143,9.25358456053463,12.5249054730204,122.373206821653,15.4961240262405,0,23.2786211482682,9.49765731645494,3.85282848552069,19.4222255640424,1.75041167782527,12.1880487830488,0,161.725133258139,11.4684004607588,26.8242548643422,79.1120052960458,12.4318209815986,0,60.6597511867284,19.0482459343843,45.8697881540068,0,2.85486983380936,0,36.4685439196241,152.870336167816,78.8051509122834,0,0.954386141510024,0.695020290137411,8.01553336383133,55.7234256918361,0.826119958224823,13.1199190515955,61.9141750052828,5.04550756303192,17.5632931836565,0,1.66996015780584,6.03164828535336,0,0,54.4022841388635,13.7681213826233,9.52877714466384,0,0,22.8254312635,0,8.20544114797174,10.6435113034973,41.1222150085799,0,3.42013236465779,6.04958161446104,0
L1PA2_dup513,chr2,124139776,124145807,+,6032,241.83901714801,43.3605177966091,58.001196207968,43.077790594056,752.965856305378,128.168478105745,263.557625653659,27.2321131218373,79.1695567956852,211.784765271073,445.438472830818,125.377730757764,90.4473201550045,227.495615767167,390.986892860728,30.8226278841655,56.3244541357231,80.0813342605063,247.823658588658,1375.96187136258,301.886915415194,45.125662682551,202.858427411588,49.5586699843046,306.86968633525,279.244312638436,150.249537554819,212.158049545039,152.134797377456,435.141290940118,512.44913516878,172.053056301759,215.495941343233,52.9166548273211,248.09028990904,144.378768459991,54.0818813522347,25.4840773050384,120.23300045747,22.9859130978824,91.6993153629553,41.8828185108627,76.4822161829964,59.705172829211,107.487354283978,138.23584184371,58.4486055232043,95.3000429085831,101.850528823347,11.5827528158948,23.3152646309415,98.8801444752036,57.172662867983,6.04033853338129,692.344778575853,44.1291671094333,64.2336436550486,80.2309801135015,23.0609411575774,393.598343653551,40.0116507812086,54.7221178345247,29.8698092214014,53.185811809893
L1PA2_dup514,chr2,124356307,124362334,-,6028,1.87472106316287,25.2936353813553,0,0.652693796879636,18.2169158783559,6.32930756077755,0,3.02579034687081,20.5635212456325,2.27725554054917,0,0,0,0,3.69353340084359,0,0,0,0,0,0,0.498626106989514,0,20.9146680667707,0.65430636745256,0,7.46581553067426,19.0482459343843,1.14674470385017,2.72815856388789,5.70973966761872,5.70055307023901,3.31532217451128,0,0,3.33181773369211,6.36257427673349,9.73028406192375,1.41450588773494,1.3930856422959,13.2179193315972,14.129143594026,9.30735964131703,0,4.21519036407757,0,0,0,0,0,2.5905849589935,0,0,0,0,21.3037358459333,0,0,0,0,0,0,0,0
L1PA2_dup526,chr2,133465008,133471038,-,6031,93.7360531581435,86.7210355932182,22.0404545590278,23.4969766876669,154.843784966025,22.9437399078186,44.5722455149571,18.1547420812249,10.2817606228163,71.7335495272989,303.4855529177,98.6116983488029,137.129807976942,125.916178029269,17.4123717468341,73.2037412248931,0,23.6305576506412,46.7208536683535,0,0,39.8900885591611,62.0310893737912,14.5493343073188,0,41.3938628146388,9.33226941334283,0,13.3786882115853,77.7525190708048,54.2425268423779,15.5469629188337,39.7838660941354,191.087920209771,159.069656471091,43.3136305379974,42.9473763679511,23.3990164346262,53.2797217713495,11.8412279595152,21.4791189138454,24.2213890183302,19.4240549036181,66.4325162465869,97.6519101011303,117.705766322367,68.1343744384781,93.490548422977,26.4056926579047,0,41.449359343896,28.7878901636669,133.402880025294,19.4633130520064,0,12.9344110493167,34.0993416934209,32.365906750333,101.113357383224,30.5479311492308,157.883811190715,61.5623825638403,62.3863103991295,207.424666058583
L1PA2_dup530,chr2,134650548,134656574,-,6027,1.87472106316287,0,0,0,0,4.74698067058316,31.0067794886658,0.756447586717702,0,0,0,4.22621564352012,0,7.40683400172171,3.16588577215165,0,1.94222255640424,1.75041167782527,0,0,10.7816755505426,5.73420023037941,18.4416752192352,0,7.85167640943072,0,1.86645388266857,9.19570493384068,0.764496469233446,6.82039640971972,0,0.518232097294456,0,0,21.8903196978565,1.1106059112307,1.59064356918337,0,0,2.78617128459181,5.78283970757376,0,0,5.04550756303192,0,0,0,4.22215379974735,0,0,0,1.2516473984203,34.9388495304341,0,0,21.684159700325,0.793007946358625,0,0,1.17492042881657,25.9535032094326,6.84026472931559,0.75619770180763,0
L1PA2_dup559,chr2,149850458,149856466,+,6009,63.7405161475376,54.2006472457614,20.8804306348685,23.4969766876669,89.5665030685833,50.6344604862204,89.1444910299141,15.128951734354,22.6198733701958,53.5155052029055,166.427561277448,38.7403100656011,0,81.4751740189388,16.8847241181421,50.0867703117689,138.868912782903,55.5755707709524,8.12536585536583,0,21.5633511010853,14.9587832096854,53.6485097286843,40.4653360422303,24.8636419631973,47.9643172296608,27.0635812986942,52.5468853362325,50.8390152040242,21.8252685111031,48.5327871747591,26.9480690593117,53.0451547921805,136.701358303913,137.179336773234,19.9909064021527,13.9976634088137,14.3637526628398,29.2331216798555,15.3239420652549,14.044039289822,27.7536749168367,25.0894042505068,27.7502915966755,32.316459457928,49.2721812512232,27.3873465880157,54.8879993967156,13.2028463289523,0,90.6704735647725,33.794479757348,66.7014400126469,23.4902054075939,0,269.3400889093,68.1986833868417,80.2309801135015,28.382696809326,24.6733290051479,70.8314358424098,106.024103304392,39.7003793449006,55.3132442822887
L1PA2_dup585,chr2,158522618,158528649,+,6032,166.850174621495,191.50895360169,238.964928376828,86.155581188112,1370.82291984628,529.288344770022,364.329658991823,72.6189683248994,34.9579861175753,457.728363650383,670.60517338266,171.161733562565,367.62459159776,261.355428346466,153.017812320663,215.758395189159,276.766714287605,112.026347380817,276.262439082438,891.58070968368,800.53940962779,127.149657282326,420.805498184368,80.4760053873569,215.921101259345,363.346129150718,100.788509664103,97.2117378720301,181.567911442943,321.922710538771,368.278208561408,139.404434172209,978.020041480828,411.573981990275,353.163824458752,194.356034465373,376.982525896459,116.300061882993,434.724809497205,18.1101133498467,92.5254353211801,269.967565100139,204.357244298483,244.707116807048,420.816504680411,501.618178571481,149.962422170964,201.457052730802,375.338059923073,178.70532915952,108.804568277727,87.6153178894209,171.517988603949,3.35574362965627,882.400207988833,48.3138295077416,262.485630244705,126.272622110454,123.28733926551,112.792361166391,132.471005964812,135.095228403983,37.4317862394777,194.660071224208
L1PA2_dup589,chr2,160850733,160856748,-,6016,1.87472106316287,0,0,1.30538759375927,0,0.791163445097193,0,0,0,0,0,5.63495419136016,0,0,0,0,0,0,0,0,0,8.47664381882173,0,0.454666697103712,0,0,0,1.31367213340581,0.382248234616723,1.36407928194394,11.4194793352374,7.25524936212238,33.1532217451128,0,5.83741858609507,3.33181773369211,7.31696041824352,3.47510145068705,7.07252943867471,1.3930856422959,9.08731954047305,0,0,0,0,0,2.67193625248934,0.603164828535336,0,0,2.5905849589935,3.75494219526089,3.17625904822128,0,0,0,53.1315324060279,3.1910048908779,15.9652669552459,9.39936343053255,25.9535032094326,17.100661823289,5.29338391265341,0
L1PA2_dup595,chr2,165485935,165491963,+,6029,13.1230474421401,25.2936353813553,3.48007177247808,22.8442828907873,68.3134345438347,9.49396134116632,13.5654660262913,8.32092345389472,8.225408498253,5.69313885137293,0,30.2878787785609,0,20.1042637189589,13.1911907172985,32.7490421269258,0,2.18801459728159,2.03134146384146,0,0,9.72320908629552,25.1477389353208,0,0,8.54159073952864,2.79968082400285,14.4503934674639,8.40946116156791,4.09223784583183,9.99204441833276,0,46.4145104431579,26.4583274136605,0,3.33181773369211,7.63508913208019,10.8886512121528,0,11.1446851383672,30.5664384543184,12.1106945091651,5.66534934688862,0.840917927171986,16.8607614563103,13.0023811635172,5.00988047341751,10.2538020851007,0,0,0,5.00658959368119,25.4100723857702,2.01344617779376,0,1.52169541756667,8.72308740994487,0,20.4000633317031,0,22.1686173247237,10.2603970939734,12.0991632289221,12.7645948343743
L1PA2_dup629,chr2,185419435,185425462,-,6028,18.7472106316287,14.453505932203,4.64009569663744,5.22155037503709,1.51807632319633,1.58232689019439,0,2.26934276015311,0,0,4.89492827286613,2.81747709568008,0,0,0.527647628691941,0,0,0,4.06268292768292,0,0,0,30.1772867223849,10.0026673362817,0,12.4838633885419,7.46581553067426,0,5.73372351925085,2.72815856388789,0,0,33.1532217451128,20.5786990995138,0,0,0,0,1.88600785031326,0.696542821147952,4.95671974934894,9.08302088187383,5.66534934688862,0,11.9430393648864,34.9011283862831,8.68379282059035,3.01582414267668,15.0889672330884,0,7.7717548769805,0,22.233813337549,0,0,0.380423854391666,0,0,0.886959275291439,0,0.540697983529845,15.3905956409601,1.89049425451908,0
L1PA2_dup635,chr2,185841721,185847756,-,6036,18.7472106316287,3.61337648305076,4.64009569663744,0,78.939968806209,17.4055957921383,3.87584743608322,3.02579034687081,0,10.2476499324713,0,4.22621564352012,0,4.2324765724124,3.69353340084359,0,0,0,0,0,78.1671477414341,1.24656526747378,0,1.36400009131113,5.23445093962048,0,6.53258858933998,5.25468853362325,2.29348940770034,0,0,3.62762468106119,0,10.2893495497569,35.0245115165704,0,13.679534694977,3.70677488073286,0,9.05505667492337,15.6962792062716,4.0368981697217,11.7353665042693,0.840917927171986,23.1835470024266,4.1060151042686,0,8.4443075994947,1.88612090413605,0,0,0,3.17625904822128,0,0,23.5862789722833,1.58601589271725,0,0,0,29.1976911106117,25.6509927349335,6.42768046536486,0
L1PA2_dup662,chr2,196521489,196527500,-,6012,18.7472106316287,7.22675296610152,0,9.79040695319454,1.51807632319633,3.95581722548597,54.2618641051651,7.56447586717702,2.05635212456325,4.55451108109834,4.89492827286613,8.45243128704025,0,8.46495314482481,8.44236205907105,0,0,7.00164671130109,18.2820731745731,0,43.1267022021705,19.9450442795805,28.5007707933635,0.909333394207423,61.5047985405406,55.191817086185,7.46581553067426,5.25468853362325,5.35147528463412,16.3689513833273,32.8310030888077,0,9.94596652353384,26.4583274136605,17.5122557582852,12.2166650235377,8.90760398742689,10.1936309220154,23.5750981289157,1.3930856422959,4.13059979112411,24.2213890183302,2.83267467344431,0,23.1835470024266,25.3204264763231,8.34980078902918,6.63481311388869,30.1779344661767,223.3816614494,0,2.5032947968406,53.9964038197617,14.0941232445564,0,18.2603450108,0.793007946358625,0.455857841553986,0.886959275291439,14.0990451457988,35.14536892944,29.0711250995912,25.7107218614594,21.2743247239572
L1PA2_dup663,chr2,197634736,197640761,-,6026,159.351290368844,180.668824152538,150.803110140717,76.3651742349174,45.5422896958898,52.2167873764148,209.295761548494,41.6046172694736,19.5353451833509,61.4858995948276,269.221055007637,73.9587737616021,0,147.078560891331,80.202439561175,227.316880645721,123.331132331669,172.853153185246,550.493536701035,0,986.523312874651,25.9285575634547,50.2954778706415,42.7386695277489,146.564626309373,76.8743166557577,26.1303543573599,80.1340001377545,76.0673986887279,121.403056093011,101.347879100232,15.5469629188337,364.685439196241,539.455897822968,141.557400712805,85.5166551647641,201.693604572452,35.2143613669621,64.1242669106507,32.7375125939537,85.9164756553815,76.1964529534972,38.0387741862522,69.7961879552748,316.139277305818,293.580079955205,37.4071075348507,114.601317421714,0,0,264.239665817337,62.5823699210149,120.697843832409,54.3630468004316,0,13.3148349037083,0.793007946358625,87.5247055783653,74.5045791244809,2.34984085763314,153.558227322476,203.497875697139,52.5557402756303,108.499056092182
L1PA2_dup675,chr2,206908036,206914052,+,6017,0,25.2936353813553,5.8001196207968,16.9700387188705,106.265342623743,18.9879226823326,1.93792371804161,9.07737104061243,8.225408498253,12.5249054730204,151.74277645885,16.2004933001605,0,56.0803145844643,12.6635430886066,11.5584854565621,0.971111278202122,17.0665138587964,26.407439029939,0,0,8.22733076532698,50.2954778706415,20.0053346725633,2.61722546981024,12.4838633885419,8.39904247200854,18.3914098676814,12.2319435077351,0,0,2.07292838917782,76.2524100137595,39.6874911204908,20.4309650513327,13.3272709347684,27.9953268176274,22.7039961444887,11.7875490644578,38.3098551631373,51.219437409939,22.2029399334694,17.80538366165,9.25009719889185,68.8481092799336,1.36867170142287,2.003952189367,16.8886151989894,39.608538986857,0,28.4964345489285,12.516473984203,19.0575542893277,8.05378471117506,407.261634456384,23.2058551178917,39.6503973179312,21.8811763945913,12.4174298540801,15.2739655746154,13.5174495882461,0,7.18387816717249,0
L1PA2_dup678,chr2,208811622,208817648,+,6027,3.74944212632574,21.6802588983046,22.0404545590278,3.91616278127782,15.1807632319633,18.1967592372354,1.93792371804161,6.05158069374162,5.14088031140813,13.663533243295,0,9.15680056096027,35.0118658664534,0,8.44236205907105,0,0,9.627264228039,14.2193902468902,0,35.0404455392636,9.97252213979027,6.70606371608554,12.2760008218002,28.7894801679126,8.54159073952864,5.5993616480057,13.793557400761,25.6106317193204,16.3689513833273,28.5486983380936,10.3646419458891,0,0,0,1.1106059112307,2.5450297106934,0.695020290137411,0.471501962578314,1.3930856422959,7.4350796240234,0.504612271215213,0.404667810492045,0.840917927171986,0.702531727346261,0,0.667984063122335,0,0,0,0,0,3.17625904822128,0,0,0.380423854391666,8.72308740994487,0,0,0,1.62209395058954,0,0,0
L1PA2_dup684,chr2,209746181,209752208,-,6028,0,0,1.16002392415936,2.61077518751854,0,12.6586151215551,0,3.78223793358851,10.2817606228163,4.55451108109834,0,12.6786469305604,157.55339639904,14.8136680034434,0,0,0,5.68883795293214,0,0,0,1.99450442795805,0,2.72800018262227,0,0,11.1987232960114,11.8230492006523,7.64496469233446,4.09223784583183,8.56460950142808,7.77348145941683,0,0,0,6.66363546738422,9.22573270126356,12.0470183623818,0.943003925156628,11.8412279595152,42.9582378276908,26.7444503744063,9.71202745180907,12.6137689075798,9.83544418284766,0,13.6936732940079,0,0,0,0,0,0,11.4095283408313,0,0.380423854391666,0,0,2.66087782587432,0,0.540697983529845,0,0.378098850903815,0
L1PA2_dup71,chr1,69882614,69888643,-,6030,0,32.5203883474568,18.5603827865498,15.0119573282316,0,3.95581722548597,15.5033897443329,31.7707986421435,1.02817606228163,0,0,11.2699083827203,0,0,10.0253049451469,0,0,7.43924963075741,0,0,18.8679322134496,0.249313053494757,15.0886433611925,11.8213341246965,18.9748846561242,12.4838633885419,13.9984041200142,3.28418033351453,5.73372351925085,1.36407928194394,8.56460950142808,0,26.5225773960902,26.4583274136605,1.45935464652377,9.99545320107633,11.1345049842836,16.2171401032062,7.07252943867471,12.5377707806631,14.8701592480468,12.1106945091651,30.7547535973954,8.40917927171986,78.6835534627813,43.1131585948203,2.67193625248934,0.603164828535336,0,0,15.543509753961,0,22.233813337549,18.7921643260751,0,6.08678167026666,37.2713734788554,15.0433087712815,33.7044524610747,0,0,23.9409265526046,0,0
L1PA2_dup726,chr2,234888390,234894419,+,6030,0,0,6.96014354495616,0,1.51807632319633,4.74698067058316,0,1.5128951734354,3.08452818684488,0,0,0,26.25889939984,0,1.58294288607582,30.8226278841655,0.971111278202122,2.62561751673791,0,0,0,6.23282633736892,0,0,2.61722546981024,0,3.73290776533713,0,5.35147528463412,0,0,0.518232097294456,0,13.2291637068303,0,1.1106059112307,4.13567327987677,3.24342802064125,8.01553336383133,1.3930856422959,1.65223991644965,2.01844908486085,1.61867124196818,0,0,0,13.0256892308855,1.20632965707067,0,0,0,2.5032947968406,0,20.8056105038689,0,0.380423854391666,29.3412940152691,18.6901715037134,22.173981882286,29.3730107204142,23.7907112753132,5.13019854698669,0.378098850903815,0
L1PA2_dup727,chr2,236383667,236389689,-,6023,22.4966527579544,18.0668824152538,1.16002392415936,0.652693796879636,0,5.53814411568035,48.4480929510403,9.83381862733013,5.14088031140813,10.2476499324713,293.695696371968,7.04369273920021,58.3531097774223,0,7.38706680168717,0,0.971111278202122,3.93842627510687,20.3134146384146,0,48.5175399774418,9.47389603280076,5.02954778706415,0,0,4.59931809051542,0,1.31367213340581,0.382248234616723,10.9126342555516,0,0,192.288686121654,57.3263760629312,78.8051509122834,0,4.45380199371345,2.31673430045803,17.4455726153976,2.78617128459181,3.30447983289929,18.6706540349629,7.68868839934885,0.840917927171986,36.5316498220056,0.684335850711434,19.3715378305477,10.2538020851007,0,0,62.174039015844,27.5362427652466,0,2.68459490372502,0,27.3905175162,0,8.20544114797174,0.886959275291439,0,110.302388640088,17.100661823289,0,32.9752033221337
L1PA2_dup732,chr3,55046105,55052129,-,6025,0,0,2.32004784831872,0,0,0,0,0.756447586717702,0,0,4.89492827286613,0,0,0,0,0,30.1044496242658,0,0,0,0,0,1.67651592902138,8.18400054786681,0,0.657045441502203,10.2654963546771,1.97050820010872,0,13.6407928194394,0,0,0,0,2.91870929304753,0,0,0,9.43003925156628,0,0,2.01844908486085,0,1.68183585434397,2.81012690938505,0,0,0,0,0,0,0,0,0,0,6.46720552465833,0,0,0,0,1.08139596705969,27.3610589172624,4.53718621084578,0
L1PA2_dup737,chr3,192149316,192155328,-,6013,11.2483263789772,54.2006472457614,4.64009569663744,5.87424417191673,60.7230529278531,1.58232689019439,36.8205506427906,30.2579034687081,28.7889297438855,14.8021610135696,230.061628824708,23.2441860393607,0,7.40683400172171,2.6382381434597,1.92641424276034,31.0755609024679,9.18966130858268,44.6895122045121,101.134528262626,26.9541888763566,0.74793916048427,5.02954778706415,3.63733357682969,26.8265610655549,6.57045441502203,35.4626237707027,11.8230492006523,4.20473058078395,9.54855497360761,0,53.8961381186234,29.8378995706015,1.4699070785367,5.83741858609507,21.1015123133834,4.77193070755012,5.56016232109928,8.48703532640965,16.0204848864029,3.30447983289929,9.08302088187383,15.7820446091897,6.72734341737589,37.2341815493519,11.6337094620944,17.7015776727419,15.0791207133834,0,0,0,10.0131791873624,85.7589943019745,6.04033853338129,0,12.9344110493167,22.9972304444001,2.73514704932391,3.54783710116576,0,18.9244294235446,0,12.8553609307297,0
L1PA2_dup741,chr3,1387561,1393571,+,6011,5.62416318948861,0,3.48007177247808,7.179631765676,0,11.0762882313607,11.6275423082497,7.56447586717702,6.16905637368975,3.41588331082376,0,0,0,0,5.80412391561135,19.2641424276034,0,6.12644087238846,40.6268292768292,0,0,1.24656526747378,0,112.75734088172,5.23445093962048,0,17.7313118853514,0.656836066702906,2.67573764231706,8.18447569166366,4.28230475071404,3.10939258376673,0,19.1087920209771,35.0245115165704,1.1106059112307,5.09005942138679,8.34024348164893,3.77201570062651,22.9859130978824,5.78283970757376,6.05534725458256,6.87935277836476,2.52275378151596,0,0,2.33794422092817,0,0,0,0,0,0,30.8728413928377,0,153.691237174233,0,6.83786762330979,31.9305339104918,1.17492042881657,14.5988455553058,0,21.1735356506136,99.9893262025989
L1PA2_dup747,chr3,6484912,6490929,-,6018,0,0,2.32004784831872,0,0,0.791163445097193,0,6.05158069374162,3.08452818684488,3.41588331082376,0,6.33932346528018,61.2707652662934,0,2.11059051476776,0,0,0.437602919456318,0,0,0,0.498626106989514,1.67651592902138,0,0,14.4549997130485,1.86645388266857,1.97050820010872,3.44023411155051,16.3689513833273,0,0,0,0,0,18.880300490922,5.09005942138679,1.62171401032062,13.6735569147711,5.57234256918361,14.8701592480468,13.6245313228107,10.5213630727932,6.72734341737589,0,0.684335850711434,13.3596812624467,3.61898897121201,0,0,0,0,0,0,0,0,13.4811350880966,1.36757352466196,24.8348597081603,11.7492042881657,0,3.42013236465779,13.6115586325373,0
L1PA2_dup759,chr3,18930483,18936506,-,6024,31.8702580737688,18.0668824152538,2.32004784831872,0,0,14.2409420117495,5.81377115412483,0.756447586717702,11.3099366850979,4.55451108109834,0,4.93058491744014,119.623875043716,15.8717871465465,0,0,0,5.68883795293214,18.2820731745731,2.66143495427964,0,1.99450442795805,8.38257964510692,0,0,0,4.66613470667141,0,6.11597175386757,15.0048721013834,1.42743491690468,1.03646419458891,26.5225773960902,0,70.0490230331408,0,1.59064356918337,3.24342802064125,10.8445451393012,3.48271410573976,4.95671974934894,14.129143594026,0.809335620984089,1.68183585434397,33.0189911852743,0,7.68181672590685,3.01582414267668,33.9501762744488,0,0,0,31.7625904822128,4.02689235558753,0,0.380423854391666,0,4.10272057398587,2.66087782587432,0,1.62209395058954,0,1.51239540361526,40.4212169755187
L1PA2_dup791,chr3,43064775,43070790,+,6016,524.921897685603,1109.30658029658,1046.34157959174,800.202594974434,488.820576069217,962.845912683284,947.644698122348,769.307195691903,371.171558483667,62.6245273651022,734.23924092992,750.857645998742,183.81229579888,296.273360068868,451.666370160301,414.179062193474,448.65341052938,1518.48213051342,511.898048888048,1304.10312759703,692.722654122364,272.249854416274,610.251798163784,421.930694912244,837.512150339276,258.875903951868,655.125312816666,883.444509715408,1032.07023346515,328.74310694849,1173.35150169565,500.612205986444,1047.64180714556,1080.38170272447,369.216725570513,603.059009798272,1966.03545151065,961.444734690084,2444.73767596856,1217.55685136662,1222.65753817274,1089.96250582486,507.048766546532,375.049395518706,4142.8295961609,2288.41908477904,1627.54316979757,835.38328752144,605.444810227671,420.288459319611,857.483621426848,644.598410186454,1359.43887263871,842.962799769656,95.0277147064897,406.2926764903,2873.0677896573,1780.58072910987,2267.06790764492,32.8977720068639,1050.57618199849,1094.44235669049,236.689880665788,207.424666058583
L1PA2_dup798,chr3,53921748,53927805,-,6058,0,0,3.48007177247808,0,0,2.37349033529158,0,1.5128951734354,0,0,34.2644979100629,6.33932346528018,0,0,0,0,0,3.93842627510687,0,0,0,0,0,0,0,0,0,0,0,0,0,4.6640888756501,0,0,0,4.44242364492281,20.9964951132205,52.5898686203974,17.9170745779759,47.3649118380607,28.088078579644,30.2767362729128,15.3773767986977,8.40917927171986,0,0,35.7371473770449,0,18.8612090413605,0,0,0,0,2.68459490372502,0,0.380423854391666,0,0,0.886959275291439,0,0,1.7100661823289,0,0
L1PA2_dup805,chr3,58842155,58848179,+,6025,24.3713738211173,21.6802588983046,6.96014354495616,1.30538759375927,0,0.791163445097193,11.6275423082497,6.05158069374162,2.05635212456325,0,0,8.45243128704025,0,0,5.27647628691941,0,0,1.31280875836895,0,0,2.69541888763566,0.249313053494757,0,5.45600036524454,6.5430636745256,1.31409088300441,1.86645388266857,7.88203280043487,0.764496469233446,0,0,0.518232097294456,36.4685439196241,22.0486061780505,14.5935464652377,1.1106059112307,2.86315842453007,7.18187633141991,10.3730431767229,2.78617128459181,9.91343949869787,0,2.02333905246022,5.8864254902039,56.2025381877009,0,8.34980078902918,12.6664613992421,32.0640553703128,0,2.5905849589935,15.0197687810436,0,0.671148725931255,0,7.60847708783333,0.793007946358625,0.455857841553986,0,0,2.16279193411938,5.13019854698669,6.42768046536486,0
L1PA2_dup848,chr3,85289931,85295940,+,6010,594.28657702263,878.050485381335,1258.62595771291,330.263061221096,4426.71055844049,1124.24325548311,1430.18770391471,382.762478879157,162.451817840497,1416.45294622158,2618.78662598338,1179.11416454211,1152.47391810409,1497.23858749089,2572.8098375019,502.79411736045,1473.17580903262,822.255885658422,2285.25914682164,3345.42373752951,2892.18446643306,553.225665704865,2783.0164421755,283.257352295612,1008.28611224439,1454.04156204437,1027.48286240905,744.195263574392,1319.52090589693,1259.04517723426,1917.04509340299,1114.19900918308,3106.45687751707,2140.18470634943,2304.32098686103,1252.76346786823,858.629398645185,363.032264881774,1447.982527078,93.3367380338255,566.718291342228,815.958042554999,985.770786358621,642.461296359397,1161.28494530337,1725.89501549424,672.993943595752,393.866633033574,546.975062199454,2602.81002562893,1336.74183884065,814.822456371614,895.705051598401,83.2224420154756,3054.46225842288,286.839586211316,1208.54411025054,976.447496608638,797.376388487004,495.816420960592,569.895674640457,523.280251792643,155.398627721468,558.451024003877
L1PA2_dup922,chr3,116203399,116209426,-,6028,179.973222063635,245.709600847452,41.7608612697369,87.4609687818713,368.892546536707,85.4456520704969,222.861227574785,37.8223793358851,48.3242749272364,70.5949217570243,665.710245109794,138.056377688324,277.177271442756,336.481887506786,86.5342111054783,161.818796391869,9.71111278202122,61.2644087238846,97.50439026439,0,140.161782157054,81.026742385796,176.034172547245,35.4640023740895,192.366072031053,157.690905960529,123.185956256125,82.7613444045661,39.7538164001392,62.7476469694214,115.622228269279,77.2165824968739,218.811263517745,110.243030890252,271.439964253421,55.5302955615352,88.4397824465955,129.968794255696,113.631972981374,32.7375125939537,118.13515402615,83.2610247505101,57.4628290898703,50.4550756303192,250.803826662615,171.76829852857,86.5039361743423,77.8082628810583,92.4199243026663,392.158916766724,124.348078031688,150.197687810436,95.2877714466384,24.1613541335252,468.350879624842,41.0857762743,107.056072758414,35.1010537996569,95.7916017314754,82.2444300171598,247.098978473139,229.148868432072,58.9834207409952,402.084737282791
L1PA2_dup927,chr3,119001471,119007490,-,6020,204.344595884753,25.2936353813553,22.0404545590278,25.4550580783058,191.277616722737,14.2409420117495,77.5169487216644,8.32092345389472,28.7889297438855,26.1884387163155,39.1594261829291,82.4112050486424,90.4473201550045,73.010220874114,24.2717909198293,57.7924272828103,0.971111278202122,12.6904846642332,28.4387804937804,0,102.425917730155,44.3777235220667,93.8848920251975,0,73.9366195221392,52.5636353201762,19.5977657680199,24.9597705347104,9.9384541000348,25.9175063569349,42.8230475071404,24.8751406701339,182.34271959812,33.807862806344,18.971610404809,36.6499950706132,27.9953268176274,46.5663594392065,42.9066785946266,9.75159949607133,72.6985563237844,88.3071474626623,26.7080754924749,19.3411123249557,177.037995291258,155.344238111495,45.0889242607576,45.2373621401502,37.7224180827209,0,101.032813400746,18.7747109763045,190.575542893277,11.4095283408313,27.1507756304256,22.4450074091083,7.13707151722762,12.3081617219576,54.9914750680692,10.5742838593491,181.133824482498,53.0120516521958,20.417337948806,207.424666058583
L1PA2_dup935,chr3,125936639,125942696,+,6058,1.87472106316287,18.0668824152538,10.4402153174342,12.4011821407131,4.55422896958898,49.052133596026,31.0067794886658,9.83381862733013,3.08452818684488,4.55451108109834,0,0,0,9.52307228792791,5.27647628691941,5.77924272828103,0,21.0049401339033,0,2.66143495427964,0,0.249313053494757,21.794707077278,64.1080042916233,14.3947400839563,14.4549997130485,10.2654963546771,1.97050820010872,12.2319435077351,0,5.70973966761872,10.3646419458891,0,0,1.45935464652377,5.55302955615352,23.5415248239139,11.815344932336,24.5181020540723,186.673476067651,6.60895966579858,18.1660417637477,8.09335620984089,5.04550756303192,40.7468401860832,8.89636605924864,6.67984063122335,0,9.43060452068023,0,15.543509753961,7.50988439052179,0,8.72493343710631,0,73.4218038975916,12.688127141738,0,5.32175565174863,0,7.56977176941784,0,11.3429655271145,0
L1PA2_dup949,chr3,135252215,135258230,-,6016,22.4966527579544,7.22675296610152,26.6805502556653,58.7424417191673,21.2530685247486,31.6465378038877,21.3171608984577,158.097545624,113.099366850979,27.32706648659,107.688422003055,339.50599002945,70.0237317329067,103.695676024104,123.469545113914,30.8226278841655,0,82.7069517772442,26.407439029939,2.66143495427964,24.2587699887209,82.2733076532698,23.4712230062994,59.1066706234825,69.3564749499713,110.38363417237,80.2575169547483,128.083033007067,48.5455257963238,4.09223784583183,44.2504824240451,28.5027653511951,23.207255221579,44.0972123561009,0,103.286349744455,202.966119427798,196.922415538933,72.139800274482,123.984622164335,451.061497190753,404.699041514601,112.90231912728,161.456242017021,17.5632931836565,47.2191736990889,147.958469981597,53.6816697396449,0,0,0,18.7747109763045,38.1151085786553,152.350760786395,0,203.14633824515,27.7552781225519,39.2037743736428,67.4089049221494,64.6206235849113,9.19186572000737,25.6509927349335,116.454446078375,17.0194597791658
L1PA2_dup98,chr1,83350414,83356465,-,6052,0,0,0,0,0,0,0,0,5.14088031140813,2.27725554054917,0,0,0,0,6.33177154430329,25.0433851558845,1.94222255640424,10.940072986408,0,0,0,0,0,1.81866678841485,0,11.8268179470396,0,0.656836066702906,0.764496469233446,12.2767135374955,7.1371745845234,12.4375703350669,26.5225773960902,0,0,8.88484728984563,13.679534694977,0.231673430045803,0,5.57234256918361,11.5656794151475,4.0368981697217,3.23734248393636,11.7728509804078,4.91772209142383,0,0,9.65063725656537,15.0889672330884,0,0,0,0,0,0,3.04339083513333,0,0,23.9479004328689,0,0,0,0,0
L1PA2_dup994,chr3,158634524,158640540,+,6017,16.8724895684658,0,4.64009569663744,6.52693796879636,0,16.6144323470411,1.93792371804161,10.5902662140478,6.16905637368975,0,0,0.70436927392002,0,11.6393105741341,8.44236205907105,1.92641424276034,0,0.437602919456318,6.09402439152438,2.66143495427964,0,9.97252213979027,1.67651592902138,30.008002008845,0.65430636745256,18.3972723620617,5.5993616480057,2.62734426681162,0,2.72815856388789,4.28230475071404,22.802212280956,6.63064434902256,19.1087920209771,1.45935464652377,16.6590886684605,31.8128713836675,78.7689662155732,16.0310667276627,18.1101133498467,24.7835987467447,20.6891031198237,22.2567295770625,0,3.51265863673131,2.0530075521343,21.3754900199147,2.41265931414134,3.77224180827209,1.65467897369926,2.5905849589935,7.50988439052179,0,2.68459490372502,0,21.3037358459333,65.0266516014072,0.455857841553986,7.09567420233151,0,3.24418790117907,0,5.29338391265341,1.06371623619786
L1PA3_dup1,chr1,48363804,48369929,-,6126,24.3713738211173,18.0668824152538,31.3206459523027,17.6227325157502,44.0242133726935,81.4898348450109,124.027117954663,49.9255407233683,34.9579861175753,10.2476499324713,357.329763919228,32.4009866003209,151.718085421298,27.5110977206806,26.910029063289,28.8962136414052,0,66.5156437573604,8.12536585536583,0,37.7358644268992,42.3832190941087,201.181911482566,58.6520039263788,46.4557520891317,38.1086356071278,36.395850712037,20.3619180677901,60.0129728348255,15.0048721013834,17.1292190028562,0,172.396753074587,16.1689778639037,68.589668386617,5.55302955615352,55.0362674937447,29.6541990458628,58.4662433597109,83.5851385377542,35.5231582036674,40.8735939684322,18.6147192826341,30.2730453781915,76.5759582807425,75.2769435782577,18.7035537674254,31.3645710838375,50.9252644116733,0,77.717548769805,8.76153178894209,117.521584784187,11.4095283408313,0,127.441991221208,174.461748198897,55.6146566695863,92.2437646303097,16.448886003432,227.633851066065,203.497875697139,34.4069954322472,42.5486494479144
L1PA3_dup10011,chr17,68408124,68414142,-,6019,0,10.8401294491523,15.0803110140717,6.52693796879636,30.3615264639265,3.95581722548597,9.68961859020805,6.80802828045932,3.08452818684488,6.83176662164751,0,9.15680056096027,72.9413872217778,15.8717871465465,5.80412391561135,17.3377281848431,0,23.1929547311849,2.03134146384146,0,0,3.98900885591611,0,20.0053346725633,27.4808674330075,61.7622715012071,0,15.7640656008697,4.20473058078395,10.9126342555516,2.85486983380936,2.07292838917782,39.7838660941354,0,0,13.3272709347684,6.99883170440684,24.3257101548094,0,22.2893702767345,25.6097187049695,5.55073498336734,5.26068153639658,5.8864254902039,20.3734200930416,51.3251888033575,9.35177688371269,12.0632965707067,0,0,0,0,0,11.4095283408313,0,18.2603450108,7.93007946358625,10.4847303557417,0.886959275291439,3.52476128644971,0,0,17.0144482906717,0
L1PA3_dup10043,chr18,970859,976878,-,6020,1.87472106316287,0,0,0,1.51807632319633,0,19.3792371804161,0.756447586717702,1.02817606228163,0,24.4746413643307,0,2.91765548887111,0,0,0,0,0,0,0,0,0.249313053494757,0,1.36400009131113,0,0,0,2.62734426681162,0.382248234616723,0,0,0,0,0,0,0,0.318128713836675,0,0.943003925156628,1.3930856422959,0,2.01844908486085,0,0,0,6.1590226564029,0.333992031561167,0.603164828535336,0,0,0,0,15.8812952411064,0.671148725931255,0,17.8799211564083,0,0,0.886959275291439,0,1.62209395058954,22.2308603702757,0.378098850903815,0
L1PA3_dup10072,chr18,12181638,12187780,+,6143,0,25.2936353813553,0,5.22155037503709,0,7.12047100587474,0,0,13.3662888096611,2.27725554054917,0,0.70436927392002,0,0,9.49765731645494,233.096123374002,0,45.9483065429134,0,58.5515689941521,51.2129588650775,2.49313053494757,23.4712230062994,46.8306698016823,0,0,14.9316310613485,108.377951005979,28.2863693616375,5.45631712777578,14.2743491690468,1.03646419458891,0,0,0,0,0,0,0,0,0,4.0368981697217,0,0,0,0,7.34782469434568,0,0,0,0,0,22.233813337549,3.35574362965627,0,15.2169541756667,0,9.5730146726337,3.54783710116576,0,0,0,0,0
L1PA3_dup10096,chr18,27279552,27285578,+,6027,0,0,2.32004784831872,20.8862015001484,6.07230529278531,15.8232689019439,0,5.29513310702392,12.3381127473795,0,83.2137806387242,0.70436927392002,0,16.9299062896496,27.9653243206729,0,0,9.627264228039,0,0,0,0.249313053494757,6.70606371608554,15.9133343986299,0,13.1409088300441,0,5.25468853362325,5.35147528463412,13.6407928194394,0,0,0,10.2893495497569,0,7.77424137861492,7.31696041824352,4.86514203096187,18.8600785031326,33.4340554151017,2.47835987467447,7.56918406822819,12.1400343147613,4.20458963585993,20.3734200930416,0,4.34189641029518,0.603164828535336,15.0889672330884,0,12.9529247949675,0,0,0.671148725931255,0,0,0,0,10.6435113034973,0,28.6569931270818,6.84026472931559,1.89049425451908,0
L1PA3_dup1010,chr2,73721396,73727535,+,6140,82.4877267791663,148.148435805081,132.242727354167,156.646511251113,150.289555996436,78.3251810646221,164.723516033537,262.487312591043,191.240747584382,462.282874731482,558.021823106739,450.091966034893,131.2944969992,220.088781765445,352.996263594908,136.775411235984,182.568920301999,144.408963420585,241.729634197134,228.883406068049,253.369375437752,174.02051133934,221.300102630823,53.650670258238,77.208151359402,206.312268631692,309.831344522982,403.954181022287,127.288662127369,144.592403886058,101.347879100232,194.855268582715,487.352359653158,432.152681089789,80.2645055588072,414.256004889052,516.64103127076,480.722367345042,352.211966046,213.142103271273,1321.79193315972,654.482115766131,307.142868163462,407.845194678413,253.613953572,253.888600613942,480.280541384959,255.741887298982,69.7864734530337,0,191.703286965519,131.422976834131,57.172662867983,139.598934993701,0,206.950576789067,157.015573379008,134.478063258426,163.200506653625,195.03679118355,64.8837580235814,88.9234414811026,113.429655271145,3.19114870859358
L1PA3_dup10119,chr18,34894775,34900928,+,6154,7.49888425265148,112.014670974574,75.4015550703584,85.5028873912323,7.59038161598163,38.7670088097625,23.2550846164993,55.97712141711,13.3662888096611,9.10902216219668,44.0543544557952,100.020436896643,0,73.010220874114,38.5182768945117,61.645255768331,72.8333458651591,107.212715266798,48.752195132195,388.569503324828,234.501443224302,2.99175664193708,48.6189619416201,35.4640023740895,34.6782374749857,58.477044293696,67.1923397760684,74.2224755374284,23.6993905462368,58.6554091235896,58.5248315930919,33.1668542268452,43.0991882686467,36.7476769634174,10.2154825256664,9.99545320107633,323.855030685735,91.2793314380466,181.999757555229,30.6478841305099,60.3067569504121,25.2306135607606,63.532846247251,37.8413067227394,358.99371267394,182.033336289241,101.867569626156,98.9190318797951,101.850528823347,0,36.268189425909,33.794479757348,25.4100723857702,58.3899391560192,278.295450211863,12.553987194925,138.776390612759,37.8362008489808,81.6002533268124,11.7492042881657,5.9476778188283,82.0831767517871,9.45247127259538,199.978652405198
L1PA3_dup10176,chr18,55887413,55893439,-,6027,5.62416318948861,0,18.5603827865498,5.22155037503709,37.9519080799082,0,0,6.80802828045932,7.19723243597138,3.41588331082376,0,0,0,9.52307228792791,0.527647628691941,0,0,9.627264228039,0,0,0,1.99450442795805,0,0,0,0,0,0,1.52899293846689,5.45631712777578,4.28230475071404,0,3.31532217451128,2.93981415707339,0,7.77424137861492,27.0409406761173,18.7655478337101,29.7046236424338,4.17925692688771,0,20.6891031198237,6.47468496787271,2.52275378151596,16.8607614563103,1.36867170142287,3.33992031561167,7.23797794242403,0,0,0,3.75494219526089,3.17625904822128,9.39608216303757,0,0,0,18.2343136621594,28.382696809326,0,0,29.0711250995912,4.9152850617496,0
L1PA3_dup1026,chr2,76702093,76708115,-,6023,0,0,10.4402153174342,13.7065697344724,0,0,0,0,0,0,0,0,0,0,0,3.85282848552069,0,0,0,0,0,0.249313053494757,0,0,0,0,6.53258858933998,0,0,0,0,0.518232097294456,0,0,0,0,5.09005942138679,0,3.77201570062651,0,0.826119958224823,1.00922454243043,0,0,0,0,10.019760946835,0,0,0,0,0,0,0,0,4.94551010709166,0,0.455857841553986,0.886959275291439,0,0,0,2.26859310542289,0
L1PA3_dup1027,chr2,76722835,76729033,-,6199,0,0,0,6.52693796879636,0,1.58232689019439,0,2.26934276015311,18.5071691210693,0,0,0,0,0,8.44236205907105,0,0,3.50082335565055,0,0,0,4.48763496290562,0,13.1853342160076,0,0,3.73290776533713,5.25468853362325,0,0,1.42743491690468,1.55469629188337,23.207255221579,0,0,0,3.18128713836675,0,0,4.17925692688771,14.044039289822,10.5968576955195,0.404667810492045,0,2.10759518203878,0.684335850711434,8.68379282059035,0,0,0,0,0,12.7050361928851,0,0,11.7931394861417,0,5.92615194020182,0,0,0,0,0,0
L1PA3_dup10285,chr19,12004812,12010815,-,6004,155.601848242518,21.6802588983046,118.322440264255,120.095658625853,92.6026557149759,310.927233923197,65.8894064134148,129.352537328727,123.381127473795,45.5451108109834,102.793493730189,47.8971106265614,43.7648323330667,40.2085274379178,111.333649654,80.9093981959344,19.4222255640424,141.345742984391,103.598414655914,274.127800290803,239.892280999574,34.6545144357712,40.2363822965132,347.820023284339,157.033528188614,45.336135463652,223.041238978894,174.718393742973,161.691003242874,103.67002542774,64.2345712607106,45.0861924646176,135.928209154963,113.182845047326,26.2683836374278,78.8530196973799,119.298267688753,164.48813533252,105.144937654964,429.070377827138,161.919511812065,180.146580823831,125.851689063026,89.9782182074025,207.949391294493,75.9612794289692,48.4288445763693,80.824087023735,160.320276851564,0,31.087019507922,40.0527167494495,19.0575542893277,48.9938569929816,461.563185717235,169.288615204292,135.604358827325,144.506935772614,94.904642456184,14.0990451457988,54.6104963365144,29.0711250995912,34.785094283151,0
L1PA3_dup10297,chr19,20807725,20813827,+,6103,14.997768505303,43.3605177966091,44.0809091180557,26.1077518751854,97.1568846845649,66.4577293881642,23.2550846164993,81.6963393655118,130.578359909766,83.1198272300447,112.583350275921,111.290345279363,0,151.311037463743,20.0506098902938,57.7924272828103,34.9600060152764,77.018113824312,28.4387804937804,93.1502233997875,16.1725133258139,38.1448971846978,51.9719937996629,103.664006939646,86.3684405037379,84.101816512282,111.987232960114,83.4181804712691,44.3407952155399,83.2088361985806,48.5327871747591,66.8519405509848,116.036276107895,41.1573981990275,62.752249800522,34.4287832481518,127.569614248507,187.192131477009,94.3003925156628,205.480132238646,319.708423833006,152.392905906994,110.069644453836,52.1369114846631,103.2721639199,95.8070190996007,25.7173864302099,97.7127022227244,96.1921661109384,104.244775343053,18.1340947129545,10.0131791873624,44.4676266750979,55.7053442522941,27.1507756304256,306.621626639683,57.8895800841796,15.9550244543895,69.1828234727322,54.0463397255622,169.238468844842,58.1422501991825,68.8139908644943,193.596354988011
L1PA3_dup10344,chr19,32587513,32593595,-,6083,0,0,1.16002392415936,7.83232556255563,0,48.2609701509288,0,15.8853993210717,0,1.13862777027459,0,14.7917547523204,0,23.2786211482682,12.1358954599146,5.77924272828103,0,0.437602919456318,4.06268292768292,0,2.69541888763566,5.73420023037941,0,32.7360021914672,10.468901879241,0,9.33226941334283,0.656836066702906,12.2319435077351,1.36407928194394,7.1371745845234,20.2110517944838,6.63064434902256,0,0,9.99545320107633,30.2222278144841,39.6161565378324,0.943003925156628,40.3994836265812,23.131358830295,16.652204950102,19.0193870931261,14.2956047619238,7.02531727346261,2.0530075521343,2.67193625248934,15.0791207133834,16.9750881372244,0,0,0,3.17625904822128,4.02689235558753,0,38.4228092935583,46.7874688351589,1.36757352466196,1.77391855058288,17.6238064322485,0,0,4.9152850617496,0
L1PA3_dup1046,chr2,79282257,79288271,-,6015,0,10.8401294491523,5.8001196207968,0,0,0.791163445097193,3.87584743608322,3.78223793358851,0,0,4.89492827286613,0,0,0,0,0,0,8.75205838912637,14.2193902468902,0,0,0,0,0.454666697103712,0,0,0.933226941334283,4.59785246692034,2.29348940770034,9.54855497360761,0,2.59116048647228,36.4685439196241,33.807862806344,46.6993486887605,0,3.49941585220342,0.231673430045803,1.88600785031326,0.696542821147952,0,5.04612271215213,2.02333905246022,0,1.40506345469252,0,6.34584859966218,3.01582414267668,0,0,0,0,0,6.04033853338129,0,2.66296698074166,0,0.455857841553986,0,0,0,1.7100661823289,3.78098850903815,0
L1PA3_dup10525,chr20,45687892,45693981,-,6090,28.120815947443,0,10.4402153174342,20.2335077032687,0,39.5581722548597,11.6275423082497,9.83381862733013,53.4651552386445,1.13862777027459,0,4.93058491744014,116.706219554845,0,14.2464859746824,32.7490421269258,36.9022285716806,33.6954247981365,0,0,0,8.22733076532698,0,65.9266710800382,9.8145955117884,0,8.39904247200854,42.037508268986,25.9928799539372,25.9175063569349,27.1212634211889,17.6198913080115,6.63064434902256,0,0,16.6590886684605,31.8128713836675,37.0677488073286,24.046600091494,100.302166245305,80.1336359478078,56.5165743761038,28.7314145449352,31.1139633053635,2.10759518203878,2.73734340284574,33.3992031561167,7.23797794242403,33.9501762744488,0,0,0,0,6.71148725931255,0,55.1614588867916,7.93007946358625,51.0560782540464,55.8784343433607,66.9704644425444,0,8.55033091164448,7.94007586898012,0
L1PA3_dup10531,chr20,53455563,53461566,-,6004,0,0,0,0,0,5.53814411568035,0,7.56447586717702,0,2.27725554054917,4.89492827286613,0,0,0,0,9.63207121380172,0.971111278202122,0.437602919456318,2.03134146384146,0,0,0,26.8242548643422,3.18266687972598,0,0,0,0,0,0,0,0,23.207255221579,4.40972123561009,0,9.99545320107633,14.633920836487,37.2994222373744,6.12952551351808,9.05505667492337,28.9141985378688,24.7260012895454,15.7820446091897,6.72734341737589,18.9683566383491,0,3.33992031561167,13.2696262277774,26.4056926579047,0,5.181169917987,8.76153178894209,0,4.02689235558753,0,0.760847708783333,0,0,7.98263347762295,0,0.540697983529845,0,4.15908735994197,0
L1PA3_dup10686,chr22,22276801,22282812,-,6012,294.331206916571,144.53505932203,121.802512036733,106.389088891381,27.3253738175339,107.598228533218,253.868007063451,473.536189285282,275.551184691476,286.934198109196,234.956557097574,224.693798380487,253.836027531787,269.820381491291,216.863175392388,136.775411235984,197.135589475031,241.119208620431,144.225243932744,401.876678096226,353.099874280271,65.3200200156263,224.653134488866,164.13467765444,354.634051159287,231.279995408775,556.203257035232,446.648525357976,178.127677331393,220.980843674919,262.648024710461,45.0861924646176,507.244292700226,285.161973236119,71.5083776796646,318.743896523212,295.541575154271,360.252183721224,228.678451850482,458.325176315352,1155.74182155653,481.400106739313,386.862426830395,299.366782073227,344.943078127014,416.760533083263,208.077035662607,243.07542589974,124.483979672979,148.921107632933,134.710417867662,61.3307225225946,117.521584784187,83.8935907414069,0,185.646840943133,145.913462129987,239.325366815843,176.504895782996,159.789178319053,340.639729623803,230.858934614401,103.220986296742,67.0141228804652
L1PA3_dup10740,chr22,28386848,28392869,-,6022,28.120815947443,54.2006472457614,12.760263165753,12.4011821407131,103.22918997735,6.32930756077755,48.4480929510403,4.53868552030621,2.05635212456325,17.0794165541188,19.5797130914645,15.4961240262405,64.1884207551645,34.9179317224023,2.11059051476776,82.8358124386948,105.851129324031,10.940072986408,4.06268292768292,0,16.1725133258139,9.47389603280076,75.4432168059623,2.27333348551856,20.9378037584819,26.2818176600881,1.86645388266857,11.1662131339494,5.73372351925085,27.2815856388789,18.5566539197608,5.70055307023901,62.9911213157143,7.34953539268349,0,14.4378768459991,5.09005942138679,19.4605681238475,30.6476275675904,9.75159949607133,3.30447983289929,1.51383681364564,9.30735964131703,8.40917927171986,37.2341815493519,33.5324566848603,26.0513784617711,13.2696262277774,33.9501762744488,0,20.724679671948,22.5296531715654,69.8776990608681,6.71148725931255,0,23.2058551178917,0,16.4108822959435,29.2696560846175,15.2739655746154,158.424509174245,46.1717869228802,10.9648666762106,86.1610151320267
L1PA3_dup1114,chr2,109111632,109117785,-,6154,3.74944212632574,0,2.32004784831872,1.30538759375927,30.3615264639265,9.49396134116632,0,9.83381862733013,16.450816996506,0,0,9.86116983488029,0,0,12.1358954599146,0,48.5555639101061,10.0648671474953,0,0,64.6900533032558,2.99175664193708,0,18.6413345812522,0,0,3.73290776533713,11.1662131339494,0,21.8252685111031,0,0,0,0,0,0,2.5450297106934,8.57191691169473,13.2020549521928,6.26888539033157,0,0,3.6420102944284,0.840917927171986,10.5379759101939,0,0,9.65063725656537,0,0,0,2.5032947968406,0,0.671148725931255,0,4.18466239830833,0,0,4.4347963764572,0,0.540697983529845,0,0,0
L1PA3_dup124,chr1,59368924,59375078,+,6155,5.62416318948861,18.0668824152538,3.48007177247808,0,0,5.53814411568035,9.68961859020805,0.756447586717702,5.14088031140813,0,0,1.40873854784004,0,15.8717871465465,0.527647628691941,0,0,14.0032934226022,38.5954878129877,0,0,22.9368009215176,0,0,0,7.22749985652423,0,1.31367213340581,7.26271645771774,0,0,3.62762468106119,0,36.7476769634174,5.83741858609507,2.22121182246141,6.36257427673349,9.26693720183214,7.07252943867471,0,0,0,2.02333905246022,2.52275378151596,16.158229728964,0,18.035569704303,4.82531862828269,1.88612090413605,0,2.5905849589935,0,9.52877714466384,2.01344617779376,0,0,0,6.3820097817558,0,12.9241247169823,38.9302548141489,10.2603970939734,0,23.4017571963529
L1PA3_dup1264,chr2,156962343,156968483,-,6141,9.37360531581435,25.2936353813553,52.2010765871712,21.538895297028,326.38640948721,9.49396134116632,5.81377115412483,18.9111896679426,0,110.446893716635,0,34.514094422081,0,1.0581191431031,10.5529525738388,0,0,10.940072986408,0,0,0,4.48763496290562,6.70606371608554,9.54800063917794,41.2213011495113,0,6.53258858933998,3.28418033351453,12.2319435077351,12.2767135374955,28.5486983380936,16.0651950161281,23.207255221579,236.655039644408,67.1303137400933,18.880300490922,103.391831996919,10.656977782107,168.797702603036,17.4135705286988,20.6529989556206,51.4704516639517,37.6341063757602,68.1143521009309,59.7151968244322,56.799875609049,23.0454501777205,91.0778891088357,0,0,28.4964345489285,15.0197687810436,0,18.1210156001439,0,18.2603450108,0,34.1893381165489,0,10.5742838593491,27.5755971600221,15.3905956409601,25.7107218614594,0
L1PA3_dup1269,chr2,157397600,157403696,-,6097,0,0,1.16002392415936,3.91616278127782,0,0.791163445097193,7.75169487216644,1.5128951734354,4.1127042491265,0,0,3.5218463696001,2.91765548887111,8.46495314482481,0,0,6.79777894741485,0.437602919456318,0,0,0,0,0,0,7.85167640943072,7.88454529802643,3.73290776533713,11.1662131339494,4.9692270500174,24.553427074991,0,0,0,0,0,4.44242364492281,2.86315842453007,0.231673430045803,0,4.17925692688771,0,0,0,2.52275378151596,0,1.36867170142287,3.33992031561167,0,0,0,0,0,0,2.01344617779376,0,12.9344110493167,0,28.2631861763471,34.5914117363661,0,41.0930467482683,0,0,0
L1PA3_dup1279,chr2,160756919,160763090,-,6172,5.62416318948861,0,0,0.652693796879636,1.51807632319633,0,5.81377115412483,0.756447586717702,0,0,0,0,0,0,0.527647628691941,0,0,3.06322043619423,0,0,0,0,0,0.909333394207423,0.65430636745256,0,0,1.31367213340581,0.382248234616723,1.36407928194394,4.28230475071404,0,0,0,17.5122557582852,0,3.8175445660401,1.15836715022902,3.77201570062651,0,6.60895966579858,1.00922454243043,3.23734248393636,0,8.43038072815514,22.5830830734773,0.333992031561167,0,0,0,0,0,0,2.01344617779376,0,0,12.688127141738,16.8667401374975,3.54783710116576,0,0,41.0415883758935,0,0
L1PA3_dup128,chr1,59586804,59592948,+,6145,0,18.0668824152538,0,0,0,7.91163445097193,11.6275423082497,2.26934276015311,5.14088031140813,3.41588331082376,0,12.6786469305604,0,4.2324765724124,10.0253049451469,17.3377281848431,10.6822240602233,3.06322043619423,14.2193902468902,0,56.6037966403488,0,77.1197327349837,0,0,0,0,11.1662131339494,0,0,5.70973966761872,6.21878516753347,0,44.0972123561009,21.8903196978565,6.66363546738422,9.22573270126356,3.47510145068705,9.90154121414459,0,10.7395594569227,6.55995952579777,0.809335620984089,0,27.3987373665042,61.590226564029,0,2.41265931414134,0,0,25.905849589935,6.25823699210149,50.8201447715405,10.7383796149001,0,24.7275505354583,9.5160953563035,28.2631861763471,4.4347963764572,0,12.9767516047163,13.6805294586312,5.29338391265341,0
L1PA3_dup1311,chr2,167835043,167841189,+,6147,0,46.9738942796599,13.9202870899123,5.22155037503709,22.7711448479449,5.53814411568035,9.68961859020805,26.4756655351196,12.3381127473795,14.8021610135696,0,29.5835095046409,0,31.743574293093,20.0506098902938,7.70565697104138,0,3.06322043619423,6.09402439152438,0,188.679322134496,11.7177135142536,62.0310893737912,6.82000045655567,0,40.7368173731366,20.5309927093542,22.9892623346017,22.5526458423867,15.0048721013834,19.9840888366655,15.0287308215392,43.0991882686467,58.7962831414679,17.5122557582852,19.9909064021527,12.0888911257936,7.87689662155732,16.9740706528193,13.2343136018111,19.0007590391709,26.2398381031911,19.0193870931261,21.8638661064716,100.462037010515,44.4818302962432,37.0731155032896,12.0632965707067,9.43060452068023,89.3526645797599,0,17.5230635778842,22.233813337549,85.9070369192006,0,35.7598423128166,0,14.5874509297275,2.66087782587432,15.2739655746154,0,0,74.8635724789554,10.6371623619786
L1PA3_dup1328,chr2,176796423,176802427,+,6005,0,18.0668824152538,0,0,0,0,23.2550846164993,1.5128951734354,0,3.41588331082376,0,0,0,0,1.05529525738388,1.92641424276034,0,3.50082335565055,0,0,0,0,5.02954778706415,0,0,15.7690905960529,0,0,0,0,0,0,3.31532217451128,0,27.7277382839516,0,7.63508913208019,0,18.3885765405542,12.5377707806631,11.5656794151475,0,0.809335620984089,0,2.81012690938505,0,28.3893226826992,0,0,0,0,0,3.17625904822128,1.34229745186251,0,0,0,0,0,0,0,0,0,0
L1PA3_dup1337,chr2,178982452,178988482,+,6031,0,0,0,0,0,0,0,0,6.16905637368975,1.13862777027459,0,0,0,0,0.527647628691941,0,0,0,0,0,0,6.98076549785319,0,4.54666697103712,0,15.1120451545507,10.2654963546771,23.6460984013046,1.52899293846689,0,1.42743491690468,0,0,0,16.0529011117614,0,0.318128713836675,0.463346860091607,0,2.08962846344386,0,0,0,0,0,0,0,0,0,0,0,0,0,0,0,0,0,0,0.886959275291439,0,0.540697983529845,0,0,0
L1PA3_dup1428,chr2,195743884,195749992,+,6109,3.74944212632574,14.453505932203,13.9202870899123,22.8442828907873,24.2892211711412,68.0400562783586,42.6343217969154,15.8853993210717,28.7889297438855,7.9703943919221,29.3695696371968,1.40873854784004,0,9.52307228792791,18.9953146329099,34.6754563696862,0,25.8185722479228,73.1282926982925,0,10.7816755505426,23.4354270285071,48.6189619416201,73.2013382336976,17.6662719212191,10.5127270640352,69.9920206000712,44.6648525357976,26.3751281885539,5.45631712777578,5.70973966761872,18.1381234053059,39.7838660941354,1.4699070785367,0,7.77424137861492,10.1801188427736,16.9121603933437,5.65802355093977,27.1651700247701,22.3052388720702,29.2675117304824,10.5213630727932,5.8864254902039,7.72784900080887,34.2167925355717,3.00592828405051,0,7.54448361654419,89.3526645797599,56.992869097857,7.50988439052179,15.8812952411064,14.0941232445564,0,23.5862789722833,0,24.1604656023612,1.77391855058288,11.7492042881657,0,0,3.02479080723052,51.0583793374973
L1PA3_dup1463,chr2,208746491,208752645,-,6155,0,0,2.32004784831872,58.7424417191673,0,15.8232689019439,0,5.29513310702392,3.08452818684488,4.55451108109834,0,4.22621564352012,0,0,0,0,0,3.06322043619423,18.2820731745731,0,0,21.9395487075386,0,3.63733357682969,0,0,6.53258858933998,8.53886886713778,4.20473058078395,6.82039640971972,0,0,0,0,0,1.1106059112307,0,31.0442396261377,8.48703532640965,3.48271410573976,16.5223991644965,3.02767362729128,0,1.68183585434397,0,0,0,0,0,0,0,0,0,0,0,10.271444068575,0,3.64686273243189,0,0,0,0,1.89049425451908,0
L1PA3_dup1528,chr2,232355239,232361245,+,6007,5.62416318948861,0,4.64009569663744,0,0,0,0,1.5128951734354,2.05635212456325,5.69313885137293,0,14.0873854784004,0,9.52307228792791,22.6888480337535,0,9.71111278202122,0.875205838912637,0,0,61.9946344156201,2.49313053494757,11.7356115031497,3.63733357682969,3.2715318372628,67.6756804747269,12.1319502373457,19.7050820010872,0,1.36407928194394,5.70973966761872,0,0,8.81944247122018,0,18.880300490922,2.86315842453007,30.1175459059545,6.60102747609639,2.78617128459181,1.65223991644965,14.6337558652412,2.83267467344431,11.7728509804078,0.702531727346261,8.89636605924864,4.00790437873401,7.23797794242403,0,0,10.362339835974,1.2516473984203,0,0,0,23.966702826675,0,7.74958330641776,0,34.0726924356805,0,0,22.6859310542289,0
L1PA3_dup1547,chr3,66842802,66848943,+,6142,5.62416318948861,43.3605177966091,9.28019139327488,6.52693796879636,0,11.8674516764579,17.4413134623745,51.4384358968038,7.19723243597138,0,132.163063367386,30.9922480524809,35.0118658664534,0,28.4929719493648,0,0.971111278202122,68.2660554351857,46.7208536683535,0,43.1267022021705,4.23832190941087,0,13.6400009131113,0,0,33.5961698880342,13.793557400761,22.1703976077699,4.09223784583183,12.8469142521421,0,9.94596652353384,23.5185132565872,0,35.5393891593825,57.8994259182748,1.15836715022902,86.7563611144097,77.3162531474227,25.6097187049695,13.6245313228107,20.2333905246022,12.6137689075798,63.2278554611635,7.52769435782577,28.0553306511381,4.22215379974735,0,0,44.0399443028895,26.2845953668263,22.233813337549,12.0806770667626,0,0,68.9916913332004,25.5280391270232,4.4347963764572,1.17492042881657,47.5814225506264,18.8107280056179,10.208668974403,0
L1PA3_dup1550,chr3,131331471,131337625,+,6155,22.4966527579544,0,9.28019139327488,0,0,0.791163445097193,0,2.26934276015311,8.225408498253,14.8021610135696,73.423924092992,2.81747709568008,0,0,20.5782575189857,0,0,0,16.2507317107317,90.4887884455079,0,8.22733076532698,1.67651592902138,3.63733357682969,19.6291910235768,9.19863618103084,11.1987232960114,12.4798852673552,9.9384541000348,8.18447569166366,24.2663935873796,5.70055307023901,0,4.40972123561009,0,4.44242364492281,0,0,0,0.696542821147952,4.13059979112411,0.504612271215213,5.26068153639658,10.0910151260638,11.2405076375402,0,1.66996015780584,9.65063725656537,0,0,0,0,12.7050361928851,2.68459490372502,0,8.36932479661666,11.1021112490207,0,5.32175565174863,8.22444300171598,0.540697983529845,11.9704632763023,0,0
L1PA3_dup1554,chr3,809377,815406,+,6030,3.74944212632574,10.8401294491523,1.16002392415936,0,0,0,17.4413134623745,2.26934276015311,6.16905637368975,13.663533243295,4.89492827286613,7.04369273920021,113.788564065973,0,11.0806002025308,30.8226278841655,0,3.06322043619423,4.06268292768292,0,37.7358644268992,1.99450442795805,15.0886433611925,9.09333394207423,0.65430636745256,3.28522720751101,5.5993616480057,15.7640656008697,5.35147528463412,4.09223784583183,22.8389586704749,13.9922666269503,0,0,1.45935464652377,3.33181773369211,6.04444556289682,5.79183575114509,15.088062802506,2.08962846344386,5.78283970757376,0.504612271215213,5.26068153639658,0.840917927171986,0.702531727346261,3.42167925355717,4.00790437873401,0,30.1779344661767,0,23.3152646309415,11.2648265857827,0,3.35574362965627,33.938469538032,7.60847708783333,1.58601589271725,4.55857841553986,5.32175565174863,0,0,49.591919287538,0,0
L1PA3_dup1647,chr3,22737736,22743754,-,6019,1.87472106316287,0,0,0,0,0,0,0.756447586717702,0,6.83176662164751,0,0,0,0,0,0,0,3.93842627510687,0,0,0,0,0,5.00133366814083,0,0,0,2.62734426681162,0,0,1.42743491690468,0,13.2612886980451,0,0,3.33181773369211,0,0.231673430045803,0,0,0,0,2.42800686295227,3.36367170868794,0,0,0,0,0,0,12.9529247949675,0,0,0,20.3630817228192,0.380423854391666,0,0.455857841553986,0,0,0,0,0,0
L1PA3_dup165,chr1,69922814,69928952,-,6139,3.74944212632574,7.22675296610152,0,0,0,0,0,2.26934276015311,0,4.55451108109834,73.423924092992,8.45243128704025,0,42.324765724124,0,7.70565697104138,0,2.62561751673791,0,0,0,0,38.5598663674918,0,8.50598277688328,0,0.933226941334283,0,0,0,7.1371745845234,3.10939258376673,3.31532217451128,70.5555397697615,0,7.77424137861492,4.77193070755012,7.64522319151151,12.7305529896145,10.4481423172193,22.3052388720702,7.56918406822819,0,14.2956047619238,49.1772209142383,0,22.7114581461594,1.80949448560601,3.77224180827209,0,59.5834540568505,0,3.17625904822128,2.01344617779376,0,0,19.8251986589656,10.0288725141877,0.886959275291439,0,0,0,0,0
L1PA3_dup1651,chr3,23349244,23355385,+,6142,16.8724895684658,97.5611650423705,10.4402153174342,4.56885657815745,200.386074661915,8.70279789606913,62.0135589773315,6.80802828045932,32.901633993012,33.020205337963,391.594261829291,47.1927413526414,192.565262265493,154.485394893053,40.1012197805875,52.0131845545293,53.4111203011167,20.1297342949906,87.3476829451827,37.260089359915,99.7304988425193,58.8378806247626,172.681140689203,10.9120007304891,91.6028914433583,67.0186350332247,18.6645388266857,14.4503934674639,16.0544258539024,23.189347793047,18.5566539197608,17.101659210717,62.9911213157143,24.9884203351238,87.561278791426,11.106059112307,19.4058515440372,18.3022009736185,35.8341491559518,13.2343136018111,35.5231582036674,67.6180443428385,14.1633733672216,15.1365226890957,136.291155105175,198.457396706316,23.3794422092817,33.1740655694435,5.65836271240814,137.338354817038,129.529247949675,38.8010693510292,44.4676266750979,14.0941232445564,692.344778575853,57.06357815875,9.5160953563035,3.1910048908779,11.5304705787887,10.5742838593491,214.116401477819,184.687147691521,24.576425308748,151.047705540096
L1PA3_dup1710,chr3,38405401,38411538,+,6138,56.2416318948861,43.3605177966091,22.0404545590278,21.538895297028,85.0122740989943,33.2288646940821,50.3860166690819,34.0401414022966,26.7325776193223,12.5249054730204,34.2644979100629,28.1747709568008,148.800429932427,0,26.910029063289,50.0867703117689,87.4000150381909,35.4458364759618,2.03134146384146,85.1659185369486,161.725133258139,15.9560354236644,85.5023123800906,7.7293338507631,40.5669947820587,13.1409088300441,35.4626237707027,22.9892623346017,38.2248234616723,30.0097442027668,28.5486983380936,6.21878516753347,112.720953933384,17.6388849424404,26.2683836374278,19.9909064021527,16.2245644056704,29.1908521857712,20.7460863534458,26.4686272036222,47.0888376188149,18.6706540349629,15.3773767986977,5.8864254902039,49.1772209142383,65.6962416682976,38.7430756610954,29.5550765982315,30.1779344661767,390.504237793025,7.7717548769805,17.5230635778842,44.4676266750979,18.7921643260751,264.72006239665,42.227047837475,89.6098979385246,25.0721812854692,27.4957375340346,2.34984085763314,21.6279193411938,0,15.1239540361526,95.7344612578075
L1PA3_dup1723,chr3,40154991,40161029,-,6039,9.37360531581435,10.8401294491523,8.12016746911552,0,4.55422896958898,0,17.4413134623745,9.07737104061243,2.05635212456325,15.9407887838442,0,0.70436927392002,96.2826311327467,2.1162382862062,9.49765731645494,13.4848996993224,1.94222255640424,36.3210423148744,42.6581707406706,127.748877805423,26.9541888763566,3.98900885591611,41.9128982255346,0,13.0861273490512,0,7.46581553067426,1.31367213340581,1.52899293846689,28.6456649208228,21.4115237535702,0,76.2524100137595,10.2893495497569,0,3.33181773369211,9.86199012893691,3.01175459059545,8.95853728898796,5.57234256918361,22.3052388720702,5.55073498336734,13.7587055567295,13.4546868347518,12.6455710922327,0,7.34782469434568,23.5234283128781,13.2028463289523,0,25.905849589935,13.7681213826233,53.9964038197617,11.4095283408313,0,0,20.6182066053242,18.2343136621594,0,0,3.78488588470892,18.8107280056179,8.31817471988393,0
L1PA3_dup1727,chr3,40902375,40908432,-,6058,0,0,4.64009569663744,5.22155037503709,0,0,1.93792371804161,0,5.14088031140813,0,0,0,0,0,2.6382381434597,13.4848996993224,0,9.627264228039,0,0,0,0.249313053494757,1.67651592902138,0.454666697103712,0,0,0,7.22519673373196,2.67573764231706,4.09223784583183,1.42743491690468,0,0,0,0,5.55302955615352,0,0,0,1.3930856422959,0,0.504612271215213,0.404667810492045,0,0,0,0,0,0,0,10.362339835974,18.7747109763045,0,1.34229745186251,0,0,0,0,0,0,0,8.55033091164448,0,0
L1PA3_dup1756,chr3,51199049,51205178,+,6130,14.997768505303,21.6802588983046,23.2004784831872,9.79040695319454,71.3495871902274,34.8111915842765,56.1997878232067,7.56447586717702,12.3381127473795,17.0794165541188,411.173974920755,58.4626497353617,23.3412439109689,75.1264591603202,41.6841626666633,19.2641424276034,40.7866736844891,11.8152788253206,117.817804902805,0,24.2587699887209,27.1751228309285,38.5598663674918,18.1866678841485,51.6902030287522,35.480453841119,7.46581553067426,21.018754134493,21.4059011385365,13.6407928194394,51.3876570085685,53.3779060213289,53.0451547921805,19.1087920209771,14.5935464652377,21.1015123133834,17.4970792610171,20.6189352740765,28.2901177546988,9.75159949607133,21.4791189138454,12.1106945091651,11.7353665042693,24.3866198879876,53.3924112783159,36.9541359384174,24.7154103355264,13.2696262277774,52.8113853158093,0,0,1.2516473984203,85.7589943019745,6.71148725931255,0,39.5640808567333,31.720317854345,30.998333225671,25.7218189834517,0,122.197744277745,104.314037122063,28.7355126686899,23.4017571963529
L1PA3_dup1770,chr3,58930788,58936933,+,6146,14.997768505303,32.5203883474568,18.5603827865498,29.3712208595836,86.5303504221906,36.3935184744709,21.3171608984577,49.1690931366507,25.7044015570406,19.356672094668,24.4746413643307,16.9048625740805,0,0,21.1059051476776,0,0,2.62561751673791,18.2820731745731,0,45.8221210898062,12.4656526747378,1.67651592902138,42.2840028306452,0,16.4261360375551,13.06517717868,13.793557400761,0,1.36407928194394,0,3.10939258376673,13.2612886980451,49.9768406702477,0,9.99545320107633,11.1345049842836,78.0739459254358,10.8445451393012,53.6337972283923,123.091873775499,29.2675117304824,33.9920960813318,25.2275378151596,18.2658249110028,4.1060151042686,56.7786453653984,12.0632965707067,0,0,0,0,0,4.02689235558753,0,3.423814689525,40.4434052642899,8.66129898952573,0,9.39936343053255,1.08139596705969,0,0,0
L1PA3_dup1800,chr3,69475206,69481363,-,6158,22.4966527579544,0,6.96014354495616,5.87424417191673,30.3615264639265,0.791163445097193,19.3792371804161,12.1031613874832,2.05635212456325,17.0794165541188,0,2.11310782176006,64.1884207551645,0,0,1.92641424276034,13.5955578948297,0,42.6581707406706,0,0,17.7012267981277,38.5598663674918,0,0,25.6247722185859,1.86645388266857,0.656836066702906,11.8496952731184,12.2767135374955,0,21.7657480863671,122.666920456917,47.0370265131743,62.752249800522,77.7424137861492,20.0421089717105,4.40179517087027,51.3937139210362,1.3930856422959,10.7395594569227,40.8735939684322,23.4707330085386,15.1365226890957,60.4177285517785,61.590226564029,8.01580875746802,17.4917800275247,0,0,0,20.0263583747248,63.5251809644256,4.02689235558753,0,14.0756826124917,46.7874688351589,10.0288725141877,30.1566153599089,0,70.2907378588799,70.1127134754848,0,0
L1PA3_dup1937,chr3,97904738,97910773,-,6036,5.62416318948861,14.453505932203,17.4003588623904,19.5808139063891,25.8072974943376,28.481884023499,25.1930083345409,5.29513310702392,0,10.2476499324713,0,9.86116983488029,0,23.2786211482682,5.27647628691941,13.4848996993224,0,20.567337214447,20.3134146384146,0,32.3450266516279,11.4684004607588,25.1477389353208,4.54666697103712,7.85167640943072,33.5093175166123,10.2654963546771,1.31367213340581,6.88046822310101,5.45631712777578,18.5566539197608,0.518232097294456,0,0,0,19.9909064021527,35.3122872358709,13.4370589426566,12.7305529896145,12.5377707806631,11.5656794151475,5.04612271215213,12.1400343147613,4.20458963585993,28.8038008211967,0,2.33794422092817,15.0791207133834,5.65836271240814,62.8778010005718,5.181169917987,0,6.35251809644256,19.4633130520064,0,12.1735633405333,70.5777072259176,21.4253185530373,38.1392488375319,0,20.5465233741341,0,6.04958161446104,51.0583793374973
L1PA3_dup1943,chr3,99058682,99064815,-,6134,0,0,0,0,0,0,0,1.5128951734354,0,0,0,0,0,0,0,1.92641424276034,0,0.437602919456318,0,0,0,0,1.67651592902138,0,0,1.31409088300441,0,0,0.382248234616723,0,0,0,0,0,0,0,0.954386141510024,0.231673430045803,0,0,0,0.504612271215213,0,0,0,2.0530075521343,0,5.42848345681802,0,0,15.543509753961,0,44.4676266750979,1.34229745186251,0,1.141271563175,0,0,12.4174298540801,0,3.78488588470892,0,1.13429655271145,0
L1PA3_dup1952,chr3,99733147,99739243,-,6097,3.74944212632574,0,8.12016746911552,0,0,0.791163445097193,0,2.26934276015311,0,7.9703943919221,0,0,0,0,0.527647628691941,3.85282848552069,0,0,0,0,0,0.249313053494757,0,0,0,0,0,0,0.382248234616723,0,7.1371745845234,0,16.5766108725564,32.3379557278073,14.5935464652377,8.88484728984563,1.90877228302005,3.70677488073286,0,4.17925692688771,6.60895966579858,2.01844908486085,0,5.04550756303192,8.43038072815514,15.0553887156515,0,4.82531862828269,0,0,0,8.76153178894209,66.7014400126469,1.34229745186251,0,0,0,7.74958330641776,0,0,0,0,7.18387816717249,0
L1PA3_dup1988,chr3,107333745,107339866,+,6122,13.1230474421401,10.8401294491523,5.8001196207968,3.91616278127782,12.1446105855706,11.0762882313607,21.3171608984577,6.80802828045932,0,27.32706648659,0,29.5835095046409,0,14.8136680034434,25.8547338059051,0,0,2.18801459728159,28.4387804937804,0,64.6900533032558,5.23557412338989,6.70606371608554,10.9120007304891,60.850492173088,25.6247722185859,7.46581553067426,3.94101640021744,2.29348940770034,42.2864577402623,28.5486983380936,13.9922666269503,106.090309584361,26.4583274136605,16.0529011117614,25.5439359583062,18.1333366886905,6.7185294713283,6.60102747609639,9.75159949607133,6.60895966579858,37.3413080699258,11.7353665042693,12.6137689075798,8.43038072815514,13.0023811635172,12.023713136202,21.7139338272721,0,0,0,7.50988439052179,9.52877714466384,2.01344617779376,0,0,0,0,0,3.52476128644971,2.70348991764923,5.13019854698669,7.18387816717249,0
L1PA3_dup1989,chr3,107692205,107698221,-,6017,0,0,5.8001196207968,18.9281201095095,0,0,0,1.5128951734354,9.25358456053463,0,0,6.33932346528018,0,0,0,11.5584854565621,0,0,0,0,0,8.47664381882173,0,0,0.65430636745256,0,18.6645388266857,0.656836066702906,0,0,1.42743491690468,0,0,0,0,0,12.4070198396303,24.5573835848552,0,17.4135705286988,34.6970382454425,3.02767362729128,2.83267467344431,1.68183585434397,0,0,24.7154103355264,4.22215379974735,0,0,7.7717548769805,0,0,12.7518257926938,0,3.80423854391666,8.72308740994487,30.0866175425631,0.886959275291439,0,16.7616374894252,51.3019854698669,12.4772620798259,0
L1PA3_dup2039,chr3,119106587,119112745,-,6159,0,0,4.64009569663744,0,0,3.16465378038877,1.93792371804161,3.78223793358851,0,0,73.423924092992,0,0,41.2666465810209,0,0,0,10.940072986408,0,0,18.8679322134496,0,0,0,0,0,5.5993616480057,0,0,2.72815856388789,0,0,33.1532217451128,33.807862806344,0,0,6.04444556289682,1.62171401032062,1.41450588773494,11.1446851383672,3.30447983289929,1.51383681364564,4.04667810492045,0,0,6.1590226564029,8.01580875746802,3.01582414267668,0,0,0,0,0,0,0,0.760847708783333,0,0,0,0,12.4360536211864,0,0,0
L1PA3_dup2204,chr3,159423067,159429208,+,6142,157.476569305681,292.683495127111,80.0416507669958,37.2035464221393,332.458714779996,90.19263274108,193.792371804161,11.3467138007655,47.2960988649548,130.942193581577,151.74277645885,44.3752642569613,160.471051887911,110.044390882722,90.7553921350138,28.8962136414052,50.4977864665103,49.449129898564,67.0342683067681,761.170396923978,342.318198729729,35.901079703245,139.150822108775,38.1920025567118,171.428268272571,98.5568162253304,32.6629429466999,55.831065669747,80.6543775041286,135.04384891245,105.630183850946,73.0707257185182,447.568493559023,102.893495497569,72.9677323261883,62.1939310289194,50.9005942138679,7.18187633141991,35.8341491559518,14.627399244107,23.131358830295,21.6983276622542,29.9454179764113,28.5912095238475,198.816478838992,121.127445575924,31.3952509667497,72.9829442527756,88.6476824943942,0,44.0399443028895,40.0527167494495,66.7014400126469,26.8459490372502,278.295450211863,25.10797438985,26.1692622298346,37.3803430074268,13.3043891293716,27.0231698627811,82.7267914800664,22.2308603702757,67.3015954608791,74.4601365338502
L1PA3_dup2272,chr3,174605175,174611325,+,6151,7.49888425265148,21.6802588983046,10.4402153174342,15.6646511251113,30.3615264639265,28.481884023499,0,27.2321131218373,20.5635212456325,20.4952998649425,0,28.8791402307208,29.1765548887111,35.9760508655054,8.970009687763,13.4848996993224,0,16.1913080198838,4.06268292768292,0,0,22.1888617610334,48.6189619416201,36.3733357682969,44.4928329867741,0,10.2654963546771,38.0964918687685,6.11597175386757,10.9126342555516,7.1371745845234,0,0,38.2175840419541,13.1341918187139,11.106059112307,26.7228119622807,7.87689662155732,2.82901177546988,21.5928274555865,27.2619586214191,12.1106945091651,14.1633733672216,2.52275378151596,7.72784900080887,4.1060151042686,11.0217370415185,10.2538020851007,18.8612090413605,0,0,6.25823699210149,19.0575542893277,6.71148725931255,0,15.97780188445,0,5.01443625709384,4.4347963764572,0,23.7907112753132,8.55033091164448,6.42768046536486,0
L1PA3_dup2357,chr4,5490578,5496698,-,6121,0,0,1.16002392415936,8.48501935943527,0,4.74698067058316,3.87584743608322,6.05158069374162,0,6.83176662164751,0,16.2004933001605,0,34.9179317224023,0,9.63207121380172,22.3355593986488,0,40.6268292768292,0,72.7763099661628,0,1.67651592902138,0,33.3696247400805,0,0,6.56836066702906,0.382248234616723,6.82039640971972,28.5486983380936,0,3.31532217451128,66.1458185341514,0,11.106059112307,21.6327525408939,3.93844831077866,0,0,2.47835987467447,7.56918406822819,4.04667810492045,0,10.5379759101939,32.1637849834374,6.01185656810101,17.4917800275247,0,0,44.0399443028895,0,0,6.04033853338129,0,25.4883982442416,0,5.01443625709384,18.6261447811202,14.0990451457988,0,0,0,0
L1PA3_dup2389,chr4,15174005,15180043,+,6039,0,0,11.6002392415936,0,0,0,5.81377115412483,6.05158069374162,0,9.10902216219668,39.1594261829291,4.93058491744014,0,0,0.527647628691941,42.3811133407276,115.562242106052,9.627264228039,0,0,0,0.249313053494757,16.7651592902138,5.91066706234825,14.3947400839563,5.25636353201762,0,3.28418033351453,12.2319435077351,13.6407928194394,0,0.518232097294456,0,11.7592566282936,14.5935464652377,0,11.770762411957,2.78008116054964,9.90154121414459,0,10.7395594569227,2.01844908486085,3.6420102944284,3.36367170868794,2.81012690938505,4.79035095498004,6.01185656810101,9.65063725656537,0,61.2231220268725,0,0,0,10.0672308889688,0,0.380423854391666,0,9.11715683107972,0,14.0990451457988,4.86628185176861,29.0711250995912,7.5619770180763,0
L1PA3_dup2393,chr4,16557086,16563224,+,6139,1.87472106316287,0,20.8804306348685,8.48501935943527,0,10.2851247862635,1.93792371804161,34.0401414022966,0,6.83176662164751,0,21.8354474915206,0,0,7.38706680168717,0,35.9311172934785,6.56404379184477,0,0,13.4770944381783,9.72320908629552,18.4416752192352,9.09333394207423,16.357659186314,15.7690905960529,67.1923397760684,11.1662131339494,6.11597175386757,23.189347793047,22.8389586704749,22.802212280956,53.0451547921805,29.3981415707339,0,12.2166650235377,74.1239903239452,14.3637526628398,161.725173164362,37.6133123419894,11.5656794151475,51.4704516639517,62.7235106262669,27.7502915966755,80.7911486448201,117.021430471655,51.1007808288586,29.5550765982315,9.43060452068023,0,15.543509753961,12.516473984203,31.7625904822128,18.1210156001439,0,1.52169541756667,81.6798184749384,0,16.8522262305373,0,0.540697983529845,37.6214560112357,7.5619770180763,73.3964202976524
L1PA3_dup2413,chr4,21103587,21109754,-,6168,93.7360531581435,126.468176906777,82.3616986153145,19.5808139063891,147.253403350044,45.09631637054,139.530507698996,25.7192179484019,40.0988664289834,68.3176662164751,39.1594261829291,24.6529245872007,102.117942110489,147.078560891331,68.5941917299523,15.4113139420828,33.0177834588721,28.881792684117,4.06268292768292,0,172.506808808682,64.572080855142,246.447841566144,25.0066683407041,90.9485850759058,212.882723046714,53.1939356560541,67.6541148703993,29.050865830871,49.106854149982,97.0655743495183,96.3911700967688,116.036276107895,38.2175840419541,37.9432208096179,39.9818128043053,42.3111189402777,66.7219478531914,70.2537924241688,45.2752833746169,137.962033023545,70.1411056989146,54.630154416426,31.9548812325355,207.246859567147,199.141732557027,36.0711394086061,125.45828433535,132.028463289523,0,12.9529247949675,8.76153178894209,79.406476205532,18.1210156001439,312.233919749895,23.966702826675,54.7175482987451,10.0288725141877,19.5131040564117,43.472055866213,84.3488854306559,59.8523163815114,54.0681356792456,117.008785981765
L1PA3_dup247,chr1,90057281,90063312,-,6032,69.3646793370262,3.61337648305076,0,0,0,0,17.4413134623745,3.02579034687081,2.05635212456325,0,78.3188523658581,10.5655391088003,5.83531097774223,1.0581191431031,0,25.0433851558845,0,0,0,0,80.8625666290697,0,8.38257964510692,0,0.65430636745256,0,0,0,3.44023411155051,0,4.28230475071404,0,53.0451547921805,0,52.5367672748556,0,0,0.231673430045803,0,0,1.65223991644965,0.504612271215213,0.404667810492045,0,6.32278554611635,0,0,7.23797794242403,0,0,10.362339835974,0,0,0,0,0,0,0.455857841553986,0,0,14.058147571776,3.42013236465779,0,0
L1PA3_dup2517,chr4,47294117,47300250,+,6134,20.6219316947916,28.9070118644061,20.8804306348685,5.87424417191673,71.3495871902274,46.6786432607344,7.75169487216644,113.467138007655,15.4226409342244,14.8021610135696,210.481915733244,26.0616631350408,84.6120091772623,17.9880254327527,2.11059051476776,15.4113139420828,0,72.6420846297488,12.1880487830488,0,72.7763099661628,13.7122179422116,70.4136690188981,85.9320057526015,30.0980929028177,46.6502263466564,58.7932973040598,34.1554754685511,102.824775111899,5.45631712777578,64.2345712607106,21.7657480863671,142.558853503985,41.1573981990275,17.5122557582852,6.66363546738422,60.4444556289682,28.0324850355422,42.4351766320482,105.874508814489,60.3067569504121,51.4704516639517,21.8520617665704,12.6137689075798,124.348115740288,135.498498440864,16.031617514936,41.6183731689382,0,0,15.543509753961,26.2845953668263,98.4640304948596,8.05378471117506,0,19.7820404283667,12.688127141738,29.6307597010091,21.2870226069945,0,10.8139596705969,18.8107280056179,10.9648666762106,192.532638751813
L1PA3_dup2551,chr4,54243581,54249798,+,6218,3.74944212632574,32.5203883474568,0,0,78.939968806209,1.58232689019439,5.81377115412483,6.05158069374162,2.05635212456325,11.3862777027459,73.423924092992,5.63495419136016,0,106.870033453413,2.11059051476776,40.4546990979672,140.811135339308,1.31280875836895,0,0,0,0,51.9719937996629,3.18266687972598,96.1830360155263,20.3684086865683,0,3.28418033351453,6.11597175386757,12.2767135374955,17.1292190028562,0,69.6217656647369,0,10.2154825256664,3.33181773369211,4.13567327987677,3.01175459059545,3.77201570062651,0.696542821147952,8.26119958224823,8.57840861065862,6.87935277836476,7.56826134454787,18.2658249110028,6.1590226564029,14.3616573571302,9.04747242803004,0,0,77.717548769805,11.2648265857827,69.8776990608681,0,0,20.54288813715,0,23.2487499192533,7.98263347762295,3.52476128644971,73.534925760059,29.0711250995912,0.75619770180763,19.1468922515615
L1PA3_dup2557,chr4,56331255,56337382,-,6128,129.355753358238,191.50895360169,116.002392415936,88.7663563756305,0,124.212660880259,129.840889108788,155.071755277129,169.649050276468,70.5949217570243,0,73.9587737616021,0,41.2666465810209,131.384259544293,198.420667004315,129.157800000882,366.273643584938,40.6268292768292,85.1659185369486,172.506808808682,38.1448971846978,124.062178747582,134.581342342699,67.3935558476136,65.7045441502203,214.642196506885,199.678164277683,144.872080919738,278.272173516565,119.904533019993,115.565757696664,82.883054362782,374.826305026858,0,133.272709347684,367.438664481359,110.508226131848,341.367420906699,128.163879091223,289.141985378688,136.749925499323,104.80896291744,229.570594117952,576.778548151281,405.126823621169,158.646214991555,200.250723073731,50.9252644116733,196.906797870212,77.717548769805,76.3504913036382,209.633097182604,192.61968434227,0,164.3431050972,68.1986833868417,172.314264107407,87.8089682538525,137.465690171539,50.2849124682756,47.8818531052091,18.1487448433831,28.7203383773422
L1PA3_dup2593,chr4,61743722,61749869,+,6148,46.8680265790717,21.6802588983046,47.5609808905337,21.538895297028,139.663021734062,52.2167873764148,87.2065673118725,10.5902662140478,21.5916973079141,75.1494328381226,166.427561277448,59.8713882832017,142.965118954685,74.0683400172171,29.0206195780567,30.8226278841655,29.1333383460636,11.8152788253206,0,0,80.8625666290697,6.98076549785319,114.003083173454,7.7293338507631,60.850492173088,24.3106813355815,9.33226941334283,19.0482459343843,32.1088517078047,20.4611892291592,11.4194793352374,6.21878516753347,82.883054362782,70.5555397697615,56.9148312144269,22.2121182246141,27.6771981037907,12.7420386525192,22.1605922411808,6.26888539033157,14.8701592480468,26.7444503744063,12.9493699357454,25.2275378151596,42.8544353681219,19.8457396706316,14.3616573571302,25.3329227984841,1.88612090413605,0,25.905849589935,28.7878901636669,6.35251809644256,4.69804108151878,0,12.1735633405333,26.9622701761932,11.8523038804036,7.98263347762295,41.1222150085799,41.6337447317981,3.42013236465779,11.3429655271145,0
L1PA3_dup2620,chr4,67062390,67068523,-,6134,29.9955370106059,65.0407766949137,5.8001196207968,5.87424417191673,0,0,7.75169487216644,0,9.25358456053463,1.13862777027459,0,0.70436927392002,0,0,16.8847241181421,0,38.8444511280849,0.437602919456318,0,0,2.69541888763566,0,0,0,0.65430636745256,0,3.73290776533713,8.53886886713778,0.382248234616723,13.6407928194394,2.85486983380936,0.518232097294456,33.1532217451128,0,42.3212847491892,2.22121182246141,2.86315842453007,2.78008116054964,0.471501962578314,2.08962846344386,0,7.56918406822819,3.23734248393636,7.56826134454787,16.8607614563103,29.4264415805917,0,7.23797794242403,0,0,0,15.0197687810436,60.3489219162043,2.68459490372502,0,6.46720552465833,2.37902383907587,0,0,0,0,0,4.9152850617496,1.06371623619786
L1PA3_dup2643,chr4,72514835,72520993,-,6159,0,18.0668824152538,9.28019139327488,0,0,0,42.6343217969154,2.26934276015311,0,0,93.0036371844565,0,2.91765548887111,0,0,1.92641424276034,8.74000150381909,1.75041167782527,0,0,0,3.24106969543184,25.1477389353208,7.7293338507631,0,0,0,4.59785246692034,2.29348940770034,4.09223784583183,9.99204441833276,1.03646419458891,89.5136987118046,0,0,12.2166650235377,9.86199012893691,16.9121603933437,4.71501962578314,1.3930856422959,8.26119958224823,17.6614294925325,4.04667810492045,12.6137689075798,31.6139277305818,8.21203020853721,4.34189641029518,6.63481311388869,0,0,0,0,0,0,0,0,0,0,10.6435113034973,0,1.62209395058954,0,0,0
L1PA3_dup2662,chr4,78301854,78307882,-,6029,73.1141214633519,43.3605177966091,0,0,1.51807632319633,0,1.93792371804161,0.756447586717702,6.16905637368975,3.41588331082376,97.8985654573226,0,61.2707652662934,0,0,32.7490421269258,0,9.18966130858268,18.2820731745731,0,32.3450266516279,8.97526992581125,25.1477389353208,0.454666697103712,0.65430636745256,0,4.66613470667141,5.91152460032615,3.82248234616723,34.1019820485986,0,0,9.94596652353384,8.81944247122018,18.971610404809,11.106059112307,4.77193070755012,0.231673430045803,0,2.08962846344386,0.826119958224823,12.1106945091651,0,0,12.6455710922327,4.79035095498004,1.33596812624467,2.41265931414134,0,0,0,13.7681213826233,12.7050361928851,0.671148725931255,0,11.41271563175,0,0.455857841553986,0,0,0,0,5.29338391265341,28.7203383773422
L1PA3_dup2683,chr4,81931747,81937925,-,6179,48.7427476422346,32.5203883474568,0,1.30538759375927,1.51807632319633,0.791163445097193,0,0,3.08452818684488,0,93.0036371844565,4.93058491744014,0,1.0581191431031,6.33177154430329,13.4848996993224,0,0,0,0,5.39083777527132,0.249313053494757,23.4712230062994,0,5.88875730707304,0,0,0,0,0,0,0.518232097294456,29.8378995706015,1.4699070785367,43.780639395713,0,0,9.03526377178634,0,0,0,0,0,0,31.6139277305818,0,2.003952189367,0.603164828535336,0,0,0,6.25823699210149,9.52877714466384,0,0,17.119073447625,0,0,1.77391855058288,0,0,30.7811912819201,1.13429655271145,0
L1PA3_dup2721,chr4,90227609,90233632,+,6024,29.9955370106059,7.22675296610152,0,0,141.181098057258,11.8674516764579,21.3171608984577,3.02579034687081,2.05635212456325,3.41588331082376,107.688422003055,2.81747709568008,0,0,35.880038751052,9.63207121380172,32.04667218067,10.940072986408,4.06268292768292,0,37.7358644268992,1.24656526747378,8.38257964510692,5.45600036524454,0,38.1086356071278,10.2654963546771,14.4503934674639,21.7881493731532,24.553427074991,0,11.9193382377725,9.94596652353384,1.4699070785367,46.6993486887605,16.6590886684605,9.86199012893691,4.40179517087027,0.943003925156628,7.66197103262747,21.4791189138454,15.1383681364564,10.1166952623011,3.36367170868794,28.1012690938505,4.79035095498004,6.67984063122335,14.4759558848481,0,9.92807384219555,0,8.76153178894209,28.5863314339915,6.71148725931255,0,12.9344110493167,10.3091033026621,5.01443625709384,0,2.34984085763314,36.7674628800295,0,6.42768046536486,36.1663520307273
L1PA3_dup2744,chr4,93676799,93682944,+,6146,91.8613320949806,162.601941737284,42.9208851938963,19.5808139063891,865.303504221906,79.1163445097193,96.8961859020805,22.6934276015311,3.08452818684488,79.703943919221,592.286321016802,104.951021814083,388.048180019858,202.100756332692,58.5688867848054,65.4980842538517,29.1333383460636,18.3793226171654,117.817804902805,178.316141936736,140.161782157054,24.1833661889914,171.004624760181,28.6440019175338,26.1722546981024,62.4193169427093,36.395850712037,36.7828197353627,53.5147528463412,70.9321226610851,101.347879100232,47.6773529510899,331.532217451128,116.122659204399,62.752249800522,108.839379300609,106.891247849123,34.7510145068705,129.191537746458,13.2343136018111,52.8716773263886,61.562697088256,64.7468496787271,30.2730453781915,199.519010566338,256.625944016788,42.7509800398294,77.205098052523,365.907455402393,110.86349123785,82.898718687792,56.3241329289134,123.87410288063,2.01344617779376,678.76939076064,17.8799211564083,99.1259932948281,21.4253185530373,62.9741085456922,28.1980902915976,103.2733148542,92.3435738457604,4.53718621084578,36.1663520307273
L1PA3_dup2755,chr4,94835759,94841785,-,6027,37.4944212632574,36.1337648305076,0,0,0,0,0,0,0,0,0,0,0,0,0,0,0,0,0,0,2.69541888763566,4.98626106989514,1.67651592902138,0,0.65430636745256,0,0.933226941334283,3.94101640021744,3.05798587693378,1.36407928194394,0,0,33.1532217451128,4.40972123561009,0,0,0.318128713836675,0.231673430045803,0.471501962578314,0,0.826119958224823,0,1.21400343147613,0,9.1329124555014,0.684335850711434,0.333992031561167,0,3.77224180827209,0,2.5905849589935,0,19.0575542893277,0,0,0.380423854391666,0.793007946358625,0.911715683107972,0,0,0,1.7100661823289,0,0
L1PA3_dup2760,chr4,95171233,95177256,-,6024,44.9933055159089,57.8140237288121,10.4402153174342,14.359263531352,66.7953582206384,38.7670088097625,38.7584743608322,29.5014558819904,8.225408498253,47.8223663515326,190.902202641779,35.922832969921,0,63.487148586186,20.5782575189857,53.9395987972896,0.971111278202122,25.8185722479228,18.2820731745731,0,61.9946344156201,20.6929834400648,50.2954778706415,6.82000045655567,45.1471393542266,34.1663629581145,21.4642196506885,13.1367213340581,3.05798587693378,20.4611892291592,37.1133078395217,0,39.7838660941354,86.7245176336651,20.4309650513327,42.2030246267667,55.9906536352547,28.264158465588,65.5387727983856,25.0755415613263,85.9164756553815,60.5534725458255,29.5407501659193,52.9778294118351,82.1962120995126,69.8022567725663,18.7035537674254,52.4753400825742,26.4056926579047,0,0,12.516473984203,60.3489219162043,21.4767592298002,0,44.509590963825,34.0993416934209,26.8956126516852,40.8001266634062,15.2739655746154,83.2674894635962,56.4321840168536,35.5412919849586,31.9114870859358
L1PA3_dup2919,chr4,127676609,127682756,+,6148,46.8680265790717,133.694929872878,29.000598103984,48.2993409690931,95.6388083613686,52.2167873764148,19.3792371804161,37.0659317491674,23.6480494324774,34.1588331082376,318.170337736299,26.0616631350408,37.9295213553245,90.9982463068667,13.1911907172985,82.8358124386948,0,44.1978948650882,73.1282926982925,0,72.7763099661628,24.9313053494757,80.4727645930265,26.825335129119,68.0478622150662,13.7979542715463,19.5977657680199,24.3029344680075,11.085198803885,81.8447569166366,48.5327871747591,0,258.59512961188,89.6643317907385,109.451598489283,59.972719206458,81.4409507421887,24.789057014901,91.4713807401929,57.81305415528,92.5254353211801,31.7905730865584,20.2333905246022,39.5231425770833,151.044321379446,77.329951130392,37.7410995664119,47.6500214542915,71.6725943571698,0,31.087019507922,32.5428323589278,76.2302171573107,22.1479079557314,0,36.9011138759916,52.3385244596692,17.7784558206054,20.4000633317031,17.6238064322485,112.465180574208,39.3315221935646,0.75619770180763,58.5043929908823
L1PA3_dup2954,chr4,138881279,138887439,-,6161,22.4966527579544,7.22675296610152,2.32004784831872,7.83232556255563,0,1.58232689019439,9.68961859020805,0.756447586717702,0,33.020205337963,4.89492827286613,9.15680056096027,2.91765548887111,45.4991231534333,0,5.77924272828103,3.88444511280849,7.87685255021373,10.1567073192073,0,45.8221210898062,8.47664381882173,15.0886433611925,7.7293338507631,1.96291910235768,0,0,3.94101640021744,0,20.4611892291592,1.42743491690468,0,16.5766108725564,1.4699070785367,1.45935464652377,3.33181773369211,0.954386141510024,9.96195749196955,10.8445451393012,9.05505667492337,3.30447983289929,0.504612271215213,13.7587055567295,0.840917927171986,3.51265863673131,10.2650377606715,2.003952189367,10.856966913636,15.0889672330884,0,7.7717548769805,11.2648265857827,0,0,0,8.36932479661666,5.55105562451037,5.47029409864783,7.09567420233151,0,16.2209395058954,1.7100661823289,8.31817471988393,32.9752033221337
L1PA3_dup3005,chr4,149848205,149854224,+,6020,3.74944212632574,3.61337648305076,1.16002392415936,0,1.51807632319633,0.791163445097193,0,0,0,1.13862777027459,0,0,0,0,1.05529525738388,0,30.1044496242658,0,0,0,0,0,0,0,1.30861273490512,0.657045441502203,0,0,1.14674470385017,2.72815856388789,0,0.518232097294456,0,0,5.83741858609507,0,0.636257427673349,0,2.35750981289157,0,0.826119958224823,0,0,0,0,0,0,0,0,0,28.4964345489285,0,28.5863314339915,0,0,0,0,0,0,0,2.16279193411938,0,0,0
L1PA3_dup3102,chr4,171903131,171909158,+,6028,28.120815947443,10.8401294491523,33.6406938006214,16.3173449219909,330.940638456799,136.080112556717,44.5722455149571,24.2063227749665,18.5071691210693,58.0700162840039,68.5289958201259,80.2980972268823,52.51779879968,105.81191431031,41.6841626666633,0,24.277781955053,56.4507766098651,52.8148780598779,0,177.897646583953,13.9615309957064,50.2954778706415,20.460001369667,83.7512150339276,22.3395450110749,34.5293968293685,49.9195410694208,48.1632775617071,35.4660613305425,52.8150919254732,29.539229545784,76.2524100137595,86.7245176336651,21.8903196978565,36.6499950706132,16.5426931195071,25.7157507350842,59.4092472848675,14.627399244107,48.7410775352645,14.129143594026,11.7353665042693,50.4550756303192,85.0063390088976,87.5949888910635,13.6936732940079,13.8727910563127,5.65836271240814,0,0,52.5691907336525,235.043169568375,106.041498697138,128.966184244522,32.7164514776833,47.5804767815175,92.5391418354591,27.4957375340346,0,14.058147571776,20.5207941879468,119.101138034702,207.424666058583
L1PA3_dup3153,chr4,184208228,184214253,+,6026,0,14.453505932203,0,0,0,0,0,6.80802828045932,2.05635212456325,0,0,2.81747709568008,0,10.581191431031,3.69353340084359,0,6.79777894741485,0,0,0,0,2.24381748145281,3.35303185804277,4.0920002739334,0,0,0,1.31367213340581,0.764496469233446,4.09223784583183,0,0,53.0451547921805,1.4699070785367,0,33.3181773369211,27.9953268176274,65.5635807029624,5.65802355093977,27.8617128459181,51.219437409939,50.9658393927365,38.0387741862522,8.40917927171986,12.6455710922327,31.479449132726,24.047426272404,8.4443075994947,0,0,0,0,3.17625904822128,2.01344617779376,0,11.41271563175,0,0,0,0,20.5465233741341,22.2308603702757,0.75619770180763,0
L1PA3_dup3168,chr5,74706306,74712443,+,6138,52.4921897685603,3.61337648305076,1.16002392415936,9.79040695319454,56.1688239582641,39.5581722548597,0,21.1805324280957,15.4226409342244,11.3862777027459,107.688422003055,63.3932346528018,0,45.4991231534333,4.74882865822747,48.1603560690086,0,35.4458364759618,79.2223170898169,0,51.2129588650775,5.23557412338989,33.5303185804277,15.0040010044225,1.96291910235768,28.2529539845947,66.2591128347341,23.6460984013046,16.8189223231358,42.2864577402623,15.7017840859515,4.6640888756501,0,11.7592566282936,7.29677323261883,15.5484827572298,31.4947426698308,56.5283169311761,54.6942276590844,51.5441687649484,97.4821550705291,39.8643694260018,35.6107673232999,37.8413067227394,96.9493783737841,19.1614038199201,4.00790437873401,42.2215379974735,28.2918135620407,0,0,0,0,21.4767592298002,0,66.5741745185416,0,0.911715683107972,2.66087782587432,34.0726924356805,59.476778188283,37.6214560112357,36.6755885376701,38.293784503123
L1PA3_dup3291,chr5,40468743,40474889,-,6147,5.62416318948861,0,0,3.26346898439818,44.0242133726935,10.2851247862635,11.6275423082497,3.78223793358851,5.14088031140813,11.3862777027459,0,1.40873854784004,0,0,0,3.85282848552069,0,0,0,0,53.9083777527132,4.98626106989514,0,2.72800018262227,0,0,0,3.28418033351453,12.6141917423519,5.45631712777578,0,0.518232097294456,0,0,0,1.1106059112307,0,4.17012174082446,0.471501962578314,5.57234256918361,1.65223991644965,2.52306135607606,0,4.20458963585993,3.51265863673131,0,3.67391234717284,2.41265931414134,0,0,7.7717548769805,11.2648265857827,0,0.671148725931255,0,0,0,0,0,0,0,1.7100661823289,4.15908735994197,0
L1PA3_dup3300,chr5,41487920,41494088,-,6169,0,0,0,0,39.4699844031045,7.12047100587474,31.0067794886658,0,16.450816996506,11.3862777027459,0,5.63495419136016,131.2944969992,45.4991231534333,2.11059051476776,19.2641424276034,0,0,0,0,0,10.4711482467798,0,5.00133366814083,0,0,14.9316310613485,0,0.382248234616723,0,0,7.25524936212238,13.2612886980451,0,35.0245115165704,9.99545320107633,7.31696041824352,0,0,0,7.4350796240234,0,0,0.840917927171986,0.702531727346261,2.73734340284574,4.67588844185634,7.23797794242403,0,0,0,7.50988439052179,38.1151085786553,12.0806770667626,0,8.74974865100833,0,9.11715683107972,0,0,38.9302548141489,8.55033091164448,14.7458551852488,0
L1PA3_dup3306,chr5,42076320,42084307,+,7988,1.87472106316287,0,3.48007177247808,1.95808139063891,103.22918997735,38.7670088097625,7.75169487216644,0,3.08452818684488,13.663533243295,0,9.86116983488029,8.75296646661334,20.1042637189589,5.27647628691941,19.2641424276034,0,7.43924963075741,16.2507317107317,0,5.39083777527132,8.72595687231649,30.1772867223849,9.09333394207423,0.65430636745256,38.1086356071278,10.2654963546771,5.91152460032615,0,0,2.85486983380936,25.9116048647228,13.2612886980451,0,13.1341918187139,2.22121182246141,16.8608218333438,0.231673430045803,12.2590510270362,2.08962846344386,7.4350796240234,15.6429804076716,6.87935277836476,9.25009719889185,4.91772209142383,6.84335850711434,13.0256892308855,10.2538020851007,7.54448361654419,67.8418379216696,0,17.5230635778842,0,0.671148725931255,0,0.380423854391666,6.344063570869,1.82343136621594,15.0783076799545,0,8.65116773647753,3.42013236465779,0,72.3327040614545
L1PA3_dup3307,chr5,42659632,42665759,+,6128,5.62416318948861,32.5203883474568,2.32004784831872,0,0,5.53814411568035,21.3171608984577,1.5128951734354,6.16905637368975,6.83176662164751,0,0,0,0,5.80412391561135,17.3377281848431,0,2.62561751673791,14.2193902468902,0,18.8679322134496,1.49587832096854,31.8538026514063,8.63866724497052,0,8.54159073952864,0,0.656836066702906,1.91124117308362,0,0,0,0,0,0,0,0,0,9.43003925156628,1.3930856422959,4.13059979112411,0,0.809335620984089,1.68183585434397,0,0,0.333992031561167,6.03164828535336,0,0,36.268189425909,5.00658959368119,69.8776990608681,4.69804108151878,0,6.46720552465833,12.688127141738,4.55857841553986,19.5131040564117,0,0,0,0,37.2300682669251
L1PA3_dup3323,chr5,45493600,45499615,-,6016,0,25.2936353813553,9.28019139327488,6.52693796879636,12.1446105855706,0,3.87584743608322,0.756447586717702,5.14088031140813,10.2476499324713,0,5.63495419136016,0,0,30.0759148354406,28.8962136414052,33.0177834588721,10.5024700669516,0,0,29.6496077639922,16.7039745841487,40.2363822965132,1.36400009131113,0,26.2818176600881,5.5993616480057,0.656836066702906,4.58697881540068,13.6407928194394,19.9840888366655,6.73701726482792,0,0,0,1.1106059112307,2.86315842453007,0,0,2.78617128459181,3.30447983289929,6.05534725458256,0.809335620984089,2.52275378151596,7.02531727346261,11.6337094620944,6.34584859966218,0,0,0,0,0,22.233813337549,3.35574362965627,502.289349162874,2.28254312635,0.793007946358625,0,0,0,61.6395701224024,0,0,14.89202730677
L1PA3_dup3404,chr5,60044368,60050391,-,6024,13.1230474421401,0,0,0,33.3976791103192,0,19.3792371804161,0,0,0,0,0,0,16.9299062896496,0.527647628691941,7.70565697104138,39.815562406287,0,0,0,72.7763099661628,0.249313053494757,48.6189619416201,0,0,0,10.2654963546771,1.97050820010872,0,0,0,0,0,0,0,0,0,0,0,0,0,1.51383681364564,0.404667810492045,0,0,0,0,1.80949448560601,0,0,0,0,0,1.34229745186251,0,0,0,0,0,0,0,0,0.378098850903815,39.3575007393208
L1PA3_dup345,chr1,108161797,108167809,-,6013,0,0,3.48007177247808,0,0,0,11.6275423082497,3.78223793358851,3.08452818684488,0,0,0,0,0,14.7741336033743,0,0,8.75205838912637,0,0,32.3450266516279,9.224582979306,0,3.63733357682969,15.0490464514089,0,5.5993616480057,11.1662131339494,16.0544258539024,0,21.4115237535702,0,0,0,0,0,1.59064356918337,1.15836715022902,0,1.3930856422959,4.95671974934894,2.01844908486085,5.26068153639658,0,0,0,3.67391234717284,7.23797794242403,0,0,10.362339835974,0,0,3.35574362965627,0,0.380423854391666,0,0.455857841553986,11.5304705787887,16.448886003432,0,6.84026472931559,16.2582505888641,0
L1PA3_dup3484,chr5,74345125,74351235,-,6111,13.1230474421401,0,3.48007177247808,11.7484883438335,0,8.70279789606913,21.3171608984577,1.5128951734354,44.2115706781099,14.8021610135696,0,0,0,0,7.38706680168717,0,0,22.3177488922722,0,0,35.0404455392636,12.4656526747378,10.0590955741283,36.8280024654006,0,15.7690905960529,37.3290776533713,58.4584099365586,4.20473058078395,0,7.1371745845234,48.7138171456788,3.31532217451128,42.6273052775642,0,3.33181773369211,11.770762411957,10.8886512121528,2.35750981289157,34.1305982362496,47.9149575770397,18.6706540349629,13.7587055567295,0.840917927171986,0,0,4.34189641029518,0,0,0,0,0,0,4.02689235558753,0,10.271444068575,0,0,0,0,0,0,0,0
L1PA3_dup3502,chr5,77474803,77480837,+,6035,13.1230474421401,0,5.8001196207968,33.9400774377411,0,13.4497785666523,0,8.32092345389472,1.02817606228163,34.1588331082376,0,1.40873854784004,0,0,16.8847241181421,0,0,4.37602919456318,0,0,0,0,0,6.82000045655567,5.88875730707304,19.7113632450661,6.53258858933998,4.59785246692034,0,6.82039640971972,1.42743491690468,0,46.4145104431579,0,14.5935464652377,0,2.22690099685672,6.7185294713283,15.5595647650844,7.66197103262747,0,17.1568172213172,11.3306986937772,5.8864254902039,2.81012690938505,0,0,3.01582414267668,0,0,0,0,0,0,0,0.760847708783333,4.75804767815175,15.0433087712815,0,14.0990451457988,31.360483044731,0,0.378098850903815,59.5681092270802
L1PA3_dup3507,chr5,78848086,78854204,-,6119,3.74944212632574,0,0,0,0,2.37349033529158,13.5654660262913,0,0,12.5249054730204,112.583350275921,19.0179703958406,14.5882774443556,0,1.05529525738388,9.63207121380172,20.3933368422446,0,0,0,18.8679322134496,2.99175664193708,15.0886433611925,0,0,0,0,0,0,2.72815856388789,0,0,66.3064434902256,27.9282344921972,21.8903196978565,7.77424137861492,2.22690099685672,1.39004058027482,6.60102747609639,0.696542821147952,8.26119958224823,2.52306135607606,0.809335620984089,7.56826134454787,0,45.1661661469546,3.33992031561167,4.22215379974735,49.0391435075372,0,0,18.7747109763045,0,0,0,3.80423854391666,0,0,14.191348404663,0,0,1.7100661823289,0.378098850903815,47.8672306289037
L1PA3_dup3509,chr5,79095900,79101910,-,6011,5.62416318948861,3.61337648305076,6.96014354495616,0,1.51807632319633,1.58232689019439,13.5654660262913,3.02579034687081,7.19723243597138,13.663533243295,0,0,0,27.5110977206806,13.7188383459905,0,0,0,0,0,37.7358644268992,2.24381748145281,1.67651592902138,0,0,0,0,4.59785246692034,0,0,15.7017840859515,0,9.94596652353384,0,0,5.55302955615352,2.86315842453007,8.10857005160312,13.6735569147711,5.57234256918361,12.3917993733723,7.06457179701298,3.6420102944284,2.52275378151596,45.664562277507,19.8457396706316,0.333992031561167,12.6664613992421,0,0,10.362339835974,0,0,1.34229745186251,0,20.1624642827583,0,0,0,0,0.540697983529845,10.2603970939734,1.89049425451908,35.1026357945294
L1PA3_dup358,chr1,112199143,112205303,-,6161,48.7427476422346,112.014670974574,20.8804306348685,5.87424417191673,115.373800562921,34.0200281391793,81.3927961577477,2.26934276015311,1.02817606228163,27.32706648659,195.797130914645,38.0359407916811,40.8471768441956,78.3008165896294,7.38706680168717,53.9395987972896,33.0177834588721,15.7537051004275,24.3760975660975,0,16.1725133258139,8.22733076532698,48.6189619416201,0.909333394207423,6.5430636745256,0,8.39904247200854,4.59785246692034,10.7029505692682,6.82039640971972,9.99204441833276,0,129.29756480594,39.6874911204908,147.3948192989,7.77424137861492,25.450297106934,4.17012174082446,30.6476275675904,9.75159949607133,17.3485191227213,9.08302088187383,4.04667810492045,0.840917927171986,66.0379823705486,61.590226564029,14.3616573571302,15.6822855419187,56.5836271240814,1.65467897369926,331.594874751168,50.0658959368119,215.985615279047,10.0672308889688,217.206205043405,0.380423854391666,7.93007946358625,14.5874509297275,33.7044524610747,2.34984085763314,86.5116773647753,155.61602259193,16.2582505888641,172.322030264053
L1PA3_dup3586,chr5,96103201,96109249,-,6049,0,3.61337648305076,38.2807894972589,21.538895297028,0,15.0321054568467,29.0688557706242,12.1031613874832,14.3944648719428,36.4360886487867,4.89492827286613,17.6092318480005,96.2826311327467,4.2324765724124,20.0506098902938,23.1169709131241,0,10.0648671474953,54.8462195237194,0,2.69541888763566,9.47389603280076,28.5007707933635,15.0040010044225,0.65430636745256,5.91340897351982,24.2639004746913,14.4503934674639,21.4059011385365,10.9126342555516,29.9761332549983,6.73701726482792,19.8919330470677,20.5786990995138,55.4554765679031,18.880300490922,30.5403565283208,12.7420386525192,21.6890902786024,22.2893702767345,9.08731954047305,24.2213890183302,27.517411113459,7.56826134454787,35.8291180946593,65.0119058175862,12.3577051677632,3.01582414267668,0,0,18.1340947129545,1.2516473984203,53.9964038197617,19.4633130520064,6.7876939076064,23.2058551178917,0.793007946358625,45.5857841553986,26.6087782587432,0,57.8546842376935,11.9704632763023,10.208668974403,1.06371623619786
L1PA3_dup3684,chr5,111084880,111090908,-,6029,0,0,12.760263165753,8.48501935943527,0,3.95581722548597,9.68961859020805,0.756447586717702,0,0,0,12.6786469305604,0,0,2.11059051476776,0,7.76889022561697,20.567337214447,0,0,2.69541888763566,19.6957312260858,0,0,0,0,2.79968082400285,15.7640656008697,0,6.82039640971972,1.42743491690468,0,0,0,0,2.22121182246141,4.13567327987677,5.09681546100768,0,17.4135705286988,4.95671974934894,5.04612271215213,0,4.20458963585993,23.8860787297729,2.0530075521343,11.3557290730797,0.603164828535336,0,0,0,0,47.6438857233192,0,108.603102521702,12.553987194925,0,0,16.8522262305373,0,9.73256370353722,0,4.15908735994197,0
L1PA3_dup3729,chr5,120176047,120182173,-,6127,0,0,13.9202870899123,0,50.0965186654788,15.0321054568467,0,13.6160565609186,0,7.9703943919221,0,0.70436927392002,2.91765548887111,0,0,0,0,0.437602919456318,0,0,37.7358644268992,5.73420023037941,15.0886433611925,0.454666697103712,22.246416493387,0,5.5993616480057,0.656836066702906,1.52899293846689,19.0971099472152,8.56460950142808,0,62.9911213157143,2.93981415707339,1.45935464652377,17.7696945796913,20.9964951132205,37.2994222373744,11.7875490644578,46.6683690169128,31.3925584125433,18.6706540349629,12.5447021252534,26.0684557423316,18.2658249110028,42.4288227441089,31.0612589351886,28.9519117696961,16.9750881372244,0,12.9529247949675,0,0,0,0,0,0,0,0,0,0.540697983529845,0,0.378098850903815,0
L1PA3_dup373,chr1,116051914,116058065,+,6152,29.9955370106059,10.8401294491523,10.4402153174342,3.26346898439818,45.5422896958898,15.8232689019439,52.3239403871235,35.553036575732,13.3662888096611,3.41588331082376,117.478278548787,7.74806201312023,90.4473201550045,57.1384337275674,7.91471443037911,42.3811133407276,0,22.3177488922722,85.3163414813413,0,13.4770944381783,59.5858197852469,102.267471670304,1.36400009131113,43.1842202518689,0,12.1319502373457,5.91152460032615,18.3479152616027,9.54855497360761,17.1292190028562,0,62.9911213157143,26.4583274136605,1.45935464652377,2.22121182246141,11.770762411957,23.3990164346262,22.1605922411808,12.5377707806631,17.3485191227213,25.2306135607606,9.71202745180907,8.40917927171986,25.9936739118117,57.4842114597604,8.01580875746802,16.2854503704541,0,4.96403692109777,0,21.2780057731451,38.1151085786553,18.1210156001439,0,37.2815377303833,19.032190712607,22.3370342361453,40.8001266634062,0,156.261717240125,119.704632763023,42.3470713012273,12.7645948343743
L1PA3_dup3757,chr5,126890287,126896333,-,6047,43.118584452746,32.5203883474568,20.8804306348685,42.4250967971764,63.7592055742457,86.2368155155941,11.6275423082497,25.7192179484019,13.3662888096611,18.2180443243934,97.8985654573226,71.1412966659221,0,11.6393105741341,10.0253049451469,11.5584854565621,0,19.6921313755343,0,0,5.39083777527132,0.249313053494757,3.35303185804277,15.0040010044225,0,0,5.5993616480057,19.0482459343843,22.1703976077699,6.82039640971972,18.5566539197608,0.518232097294456,36.4685439196241,86.7245176336651,20.4309650513327,33.3181773369211,55.3543962075814,41.237870548153,16.9740706528193,55.7234256918361,21.4791189138454,6.05534725458256,7.68868839934885,25.2275378151596,108.892417738671,32.1637849834374,14.027665325569,27.7455821126254,30.1779344661767,0,129.529247949675,47.5626011399713,50.8201447715405,51.6784518967066,0,73.4218038975916,153.050533647215,82.0544114797174,94.0176831808925,21.1485677186982,208.168723658991,53.0120516521958,23.8202276069404,34.0389195583315
L1PA3_dup3758,chr5,126903811,126909817,-,6007,0,28.9070118644061,23.2004784831872,18.9281201095095,0,18.1967592372354,15.5033897443329,4.53868552030621,11.3099366850979,3.41588331082376,132.163063367386,38.0359407916811,113.788564065973,46.5572422965364,6.33177154430329,32.7490421269258,0,20.567337214447,0,0,188.679322134496,0,0,3.18266687972598,15.0490464514089,17.0831814790573,0,1.31367213340581,1.91124117308362,12.2767135374955,5.70973966761872,0,0,57.3263760629312,70.0490230331408,16.6590886684605,22.2690099685672,7.41354976146571,16.0310667276627,6.26888539033157,5.78283970757376,7.56918406822819,2.83267467344431,6.72734341737589,21.0759518203878,11.6337094620944,1.0019760946835,25.3329227984841,30.1779344661767,0,93.261058523766,15.0197687810436,28.5863314339915,14.0941232445564,0,34.23814689525,40.4434052642899,11.3964460388496,62.9741085456922,12.9241247169823,49.2035165012159,51.3019854698669,29.4917103704976,23.4017571963529
L1PA3_dup3763,chr5,127747108,127753135,-,6028,5.62416318948861,0,0,15.0119573282316,0,53.7991142666091,3.87584743608322,10.5902662140478,7.19723243597138,0,83.2137806387242,0,0,0,0.527647628691941,0,1.94222255640424,7.43924963075741,0,0,0,14.4601571026959,0,73.2013382336976,19.6291910235768,27.5959085430925,25.1971274160256,10.5093770672465,5.35147528463412,0,0,6.73701726482792,19.8919330470677,0,1.45935464652377,4.44242364492281,22.2690099685672,27.8008116054964,11.7875490644578,95.4263664972694,5.78283970757376,28.2582871880519,26.7080754924749,0,6.32278554611635,0,27.0533545564546,3.01582414267668,0,0,5.181169917987,0,22.233813337549,10.7383796149001,0,52.8789157604416,0,10.9405881972957,6.20871492704007,0,0,0,9.83057012349919,2.12743247239572
L1PA3_dup3863,chr5,153723253,153729397,+,6145,48.7427476422346,93.9477885593197,10.4402153174342,15.0119573282316,28.8434501407302,20.570249572527,3.87584743608322,10.5902662140478,6.16905637368975,20.4952998649425,58.7391392743936,9.86116983488029,0,19.0461445758558,3.16588577215165,15.4113139420828,0,0,12.1880487830488,0,53.9083777527132,11.9670265677483,21.794707077278,3.63733357682969,0,9.85568162253304,11.1987232960114,15.1072295341668,24.0816387808536,15.0048721013834,5.70973966761872,0,33.1532217451128,0,0,7.77424137861492,0,31.5075864862293,20.7460863534458,2.08962846344386,15.6962792062716,18.1660417637477,2.42800686295227,0,27.3987373665042,47.2191736990889,18.035569704303,4.22215379974735,28.2918135620407,0,0,27.5362427652466,0,6.04033853338129,0,4.18466239830833,0,4.55857841553986,0,0,0,0,10.9648666762106,0
L1PA3_dup3880,chr5,160592427,160598550,+,6124,0,3.61337648305076,0,0,0,0,0,0,0,3.41588331082376,44.0543544557952,21.8354474915206,0,0,1.05529525738388,0,0,0,0,0,37.7358644268992,0,18.4416752192352,0,0,0,0,1.97050820010872,0,5.45631712777578,0,0.518232097294456,29.8378995706015,29.3981415707339,0,13.3272709347684,0.636257427673349,6.7185294713283,0,4.17925692688771,0.826119958224823,0.504612271215213,0,0,0,0,0,6.63481311388869,0,0,0,0,0,0,0,8.74974865100833,0,0,0,0,0,0,0,0
L1PA3_dup3941,chr5,179101070,179107079,+,6010,0,25.2936353813553,6.96014354495616,14.359263531352,0,41.1404991450541,13.5654660262913,12.8596089742009,2.05635212456325,6.83176662164751,0,7.04369273920021,5.83531097774223,80.4170548758357,7.38706680168717,0,2.91333383460636,6.12644087238846,0,0,2.69541888763566,4.73694801640038,18.4416752192352,29.0986686146375,14.3947400839563,7.88454529802643,17.7313118853514,16.4209016675726,9.9384541000348,4.09223784583183,0,25.9116048647228,6.63064434902256,0,0,5.55302955615352,16.8608218333438,16.2171401032062,31.590631492747,21.5928274555865,14.044039289822,35.8274712562801,31.9687570288715,3.36367170868794,16.158229728964,2.73734340284574,6.34584859966218,10.856966913636,22.6334508496326,0,12.9529247949675,16.2714161794639,0,8.72493343710631,0,7.60847708783333,14.2741430344552,10.9405881972957,26.6087782587432,0,8.11046975294768,0,0,0
L1PA3_dup3950,chr6,71826716,71832734,-,6019,0,0,0,0,0,0,0,3.02579034687081,1.02817606228163,3.41588331082376,0,0,0,0,2.11059051476776,0,0,0,0,0,0,0,0,0,0,0,0,0.656836066702906,0,0,0,0,49.7298326176692,0,0,11.106059112307,11.770762411957,6.7185294713283,1.41450588773494,1.3930856422959,9.08731954047305,5.55073498336734,0,19.3411123249557,0,0,0,0,0,0,0,13.7681213826233,0,0,0,0,0,0,0,11.7492042881657,0,0,4.9152850617496,0
L1PA3_dup3954,chr6,1428615,1434750,-,6136,24.3713738211173,46.9738942796599,0,10.4431007500742,0,15.8232689019439,34.882626924749,0,0,5.69313885137293,14.6847848185984,0,0,0,49.0712294683505,0,0,10.5024700669516,40.6268292768292,0,164.420552145775,2.49313053494757,0,0,0,3.94227264901322,5.5993616480057,14.4503934674639,35.5490858193552,0,2.85486983380936,7.25524936212238,0,0,18.971610404809,5.55302955615352,9.54386141510024,4.17012174082446,22.6320942037591,11.1446851383672,24.7835987467447,1.00922454243043,4.04667810492045,1.68183585434397,34.4240546399668,0,19.0375457989865,0,0,0,0,0,9.52877714466384,6.71148725931255,0,0.380423854391666,55.5105562451037,10.0288725141877,2.66087782587432,0,0,1.7100661823289,0,0
L1PA3_dup3959,chr6,4328755,4334759,-,6005,0,0,0,4.56885657815745,0,2.37349033529158,0,1.5128951734354,4.1127042491265,1.13862777027459,19.5797130914645,0.70436927392002,0,0,0,1.92641424276034,0,13.5656905031459,0,0,0,2.24381748145281,43.589414154556,1.81866678841485,12.4318209815986,0,0,0.656836066702906,5.73372351925085,1.36407928194394,0,24.8751406701339,3.31532217451128,0,18.971610404809,1.1106059112307,8.27134655975354,6.25518261123669,7.07252943867471,2.78617128459181,0,6.05534725458256,4.45134591541249,5.8864254902039,0.702531727346261,0.684335850711434,7.68181672590685,0,0,0,12.9529247949675,10.0131791873624,3.17625904822128,0.671148725931255,0,7.98890094222499,0.793007946358625,0,0,0,0,0,2.26859310542289,0
L1PA3_dup3968,chr6,6294744,6300768,-,6025,29.9955370106059,7.22675296610152,11.6002392415936,21.538895297028,0,0,0,0.756447586717702,8.225408498253,0,0,4.22621564352012,0,0,10.0253049451469,38.5282848552069,8.74000150381909,50.3243357374766,0,0,0,0,20.1181911482566,15.9133343986299,0,0,0,7.88203280043487,4.9692270500174,4.09223784583183,0,0,6.63064434902256,0,0,13.3272709347684,66.488901191865,9.49861063187794,8.01553336383133,7.66197103262747,4.95671974934894,2.01844908486085,0,0,9.1329124555014,26.0047623270345,5.67786453653985,0,0,0,0,0,0,46.3092620892566,0,0,36.4783655324967,0,10.6435113034973,0,47.5814225506264,23.9409265526046,10.208668974403,0
L1PA3_dup398,chr1,121401448,121407469,+,6022,339.324512432479,332.43063644067,145.00299051992,177.532712751261,1263.03950089934,341.782608281988,360.45381155574,77.1576538452056,148.057352968554,335.895192231003,1047.51465039335,311.331219072649,671.060762440356,567.151860703262,468.023446649752,375.650777338267,497.208974439486,173.728359024158,515.96073181573,319.372194513557,654.986789695465,142.357753545506,585.104059228463,66.8360044742456,268.919917023002,563.087943367388,157.715353085494,174.06155767627,168.189223231358,343.747979049874,465.343782910926,178.790073566587,629.911213157143,292.511508628803,274.358673546468,373.163586173516,153.338040069277,134.13891599652,339.481413056386,39.0063979842853,187.529230517035,169.045110857096,157.820446091897,197.615712885417,211.462049931225,461.926699230218,220.100748798809,246.091250042417,152.77579323502,393.813595740423,269.420835735324,479.380953594974,543.140297245839,70.4706162227818,1086.03102521702,248.036353063367,330.684313631547,406.625194666155,351.23587301541,558.08720368787,771.03532451356,328.332707007148,237.446078367596,406.339602227583
L1PA3_dup400,chr1,121574290,121580421,+,6132,5.62416318948861,0,37.1207655730995,86.8082749849916,65.2772818974421,81.4898348450109,9.68961859020805,52.1948834835215,135.719240221175,3.41588331082376,4.89492827286613,25.3572938611207,110.870908577102,3.1743574293093,67.0112488438765,5.77924272828103,0,98.8982597971279,32.5014634214633,0,0,71.0542202460057,38.5598663674918,254.158683680975,0,9.85568162253304,144.650175906814,113.632639539603,62.6887104771426,4.09223784583183,14.2743491690468,101.573491069713,86.1983765372933,0,27.7277382839516,23.3227241358448,55.9906536352547,139.467404887574,32.0621334553253,114.233022668264,232.139708261175,84.2702492929406,99.952949191535,11.7728509804078,8.43038072815514,0,56.4446533338373,3.01582414267668,0,0,12.9529247949675,28.7878901636669,0,124.833663023213,0,603.732656919575,0,45.5857841553986,13.3043891293716,24.6733290051479,0,1.7100661823289,89.6094276642042,40.4212169755187
L1PA3_dup4118,chr6,56779725,56785868,-,6144,54.3669108317232,36.1337648305076,17.4003588623904,26.1077518751854,145.735327026847,26.8995571333046,58.1377115412483,5.29513310702392,12.3381127473795,22.7725554054917,318.170337736299,49.3058491744014,0,52.905957155155,17.4123717468341,69.3509127393724,24.277781955053,0,0,0,123.98926883124,34.4052013822764,160.945529186053,20.0053346725633,69.3564749499713,42.050908256141,10.2654963546771,13.793557400761,10.7029505692682,16.3689513833273,28.5486983380936,18.1381234053059,109.405631758872,145.520800775133,99.2361159636161,44.4242364492281,34.9941585220342,34.9826879369163,47.1501962578314,13.2343136018111,61.9589968668617,51.9750639351669,10.1166952623011,18.5001943977837,63.9303871885098,176.55864948355,25.0494023670876,30.1582414267668,30.1779344661767,0,20.724679671948,12.516473984203,111.169066687745,6.71148725931255,0,20.1624642827583,17.4461748198897,29.6307597010091,25.7218189834517,10.5742838593491,148.151247487178,90.6335076634315,38.944181643093,26.5929059049465
L1PA3_dup4122,chr6,57334869,57340871,+,6003,16.8724895684658,21.6802588983046,0,0,9.10845793917796,0,13.5654660262913,0,0,3.41588331082376,0,0,0,11.6393105741341,2.11059051476776,1.92641424276034,0,0,18.2820731745731,0,0,0,0,13.1853342160076,0,5.91340897351982,0,0,0,0,0,0,13.2612886980451,5.87962831414679,0,14.4378768459991,0.954386141510024,8.10857005160312,8.01553336383133,4.17925692688771,0,3.02767362729128,0,0,2.10759518203878,3.42167925355717,3.33992031561167,7.84114277095937,0,0,0,0,44.4676266750979,2.68459490372502,0,9.89102021418333,0,15.0433087712815,3.54783710116576,0,0,8.55033091164448,4.9152850617496,0
L1PA3_dup4259,chr6,76958966,76964983,+,6018,0,0,2.32004784831872,0,65.2772818974421,0,0,0,0,0,0,2.81747709568008,0,0,0,30.8226278841655,0,0,0,0,0,0,0,0,0,0,0,0,0,0,0,0,0,0,72.9677323261883,0,0,0,0,0,8.26119958224823,0.504612271215213,1.61867124196818,0,0,0,0,0,0,0,23.3152646309415,0,28.5863314339915,0.671148725931255,0,0.380423854391666,0,10.4847303557417,2.66087782587432,0,0,0,3.78098850903815,0
L1PA3_dup4277,chr6,78971516,78977529,+,6014,31.8702580737688,50.5872707627106,5.8001196207968,0.652693796879636,3.03615264639265,23.7349033529158,25.1930083345409,22.6934276015311,1.02817606228163,38.7133441893359,83.2137806387242,45.0796335308813,26.25889939984,3.1743574293093,6.33177154430329,11.5584854565621,0,11.8152788253206,0,18.6300446799575,51.2129588650775,12.4656526747378,18.4416752192352,5.45600036524454,105.343325159862,14.4549997130485,40.1287584773741,13.793557400761,3.05798587693378,2.72815856388789,29.9761332549983,0,59.6757991412031,97.013867183422,121.126435661473,61.0833251176887,23.8596535377506,15.290446383023,30.6476275675904,25.7720843824742,72.6985563237844,28.2582871880519,46.1321303960931,69.7961879552748,30.9113960032355,41.060151042686,64.4604620913053,62.7291421676749,20.7473299454965,0,23.3152646309415,20.0263583747248,3.17625904822128,2.68459490372502,0,14.0756826124917,26.9622701761932,10.0288725141877,24.8348597081603,30.5479311492308,3.78488588470892,0,7.18387816717249,78.7150014786417
L1PA3_dup4349,chr6,87301045,87307191,+,6147,0,0,2.32004784831872,1.95808139063891,0,20.570249572527,0,6.80802828045932,1.02817606228163,0,0,2.81747709568008,0,0,9.49765731645494,0,0,0,0,109.118833125465,0,0,0,5.45600036524454,0,0,8.39904247200854,4.59785246692034,0,0,0,0,0,0,0,4.44242364492281,2.5450297106934,5.79183575114509,0,17.4135705286988,0,0,3.6420102944284,0,0,0,0,0,0,0,0,0,9.52877714466384,12.0806770667626,0,27.3905175162,0,0,0,7.04952257289941,0,0,10.5867678253068,0
L1PA3_dup4391,chr6,98910688,98916828,+,6141,7.49888425265148,0,5.8001196207968,13.0538759375927,0,21.3614130176242,13.5654660262913,8.32092345389472,8.225408498253,2.27725554054917,0,0.70436927392002,0,1.0581191431031,18.4676670042179,0,19.4222255640424,1.75041167782527,0,0,0,26.676496723939,0,4.54666697103712,0,18.3972723620617,0.933226941334283,3.28418033351453,17.5834187923693,1.36407928194394,12.8469142521421,0.518232097294456,0,0,0,19.9909064021527,7.31696041824352,14.132079232794,0.943003925156628,2.78617128459181,8.26119958224823,3.53228589850649,12.1400343147613,2.52275378151596,0,0,0.333992031561167,6.63481311388869,11.3167254248163,0,0,12.516473984203,0,7.3826359852438,0,0.760847708783333,0.793007946358625,0,6.20871492704007,0,0.540697983529845,0,7.5619770180763,0
L1PA3_dup4393,chr6,99925837,99931990,-,6154,0,0,12.760263165753,0,0,6.32930756077755,19.3792371804161,4.53868552030621,14.3944648719428,6.83176662164751,53.8442110015275,0,0,0,22.1612004050615,23.1169709131241,0,12.6904846642332,81.2536585536583,332.679369284955,35.0404455392636,14.2108440492011,11.7356115031497,3.18266687972598,0,8.54159073952864,15.8648580026828,22.3324262678988,4.20473058078395,20.4611892291592,9.99204441833276,8.29171355671129,0,0,0,0,1.90877228302005,1.39004058027482,3.77201570062651,4.87579974803566,3.30447983289929,5.55073498336734,0,1.68183585434397,0,0,0.333992031561167,0.603164828535336,0,0,0,0,0,0,0,0,0,0,0.886959275291439,0,0,0,0,0
L1PA3_dup4401,chr6,100580587,100586736,-,6150,9.37360531581435,10.8401294491523,13.9202870899123,1.95808139063891,0,2.37349033529158,0,0.756447586717702,1.02817606228163,5.69313885137293,73.423924092992,5.63495419136016,0,23.2786211482682,0,11.5584854565621,12.6244466166276,3.06322043619423,0,0,43.1267022021705,2.49313053494757,0,0,0,9.19863618103084,0,24.3029344680075,5.73372351925085,9.54855497360761,1.42743491690468,0.518232097294456,0,97.013867183422,46.6993486887605,8.88484728984563,6.36257427673349,0,30.6476275675904,8.35851385377542,0,0.504612271215213,0.404667810492045,3.36367170868794,34.4240546399668,4.1060151042686,11.3557290730797,6.03164828535336,58.4697480282174,0,10.362339835974,0,31.7625904822128,5.36918980745004,0,5.706357815875,0,13.2198774050656,14.191348404663,0,46.5000265835667,1.7100661823289,0,59.5681092270802
L1PA3_dup4408,chr6,102088198,102094226,+,6029,0,10.8401294491523,0,11.0957945469538,54.6507476350678,22.1525764627214,0,2.26934276015311,1.02817606228163,11.3862777027459,0,11.9742776566403,0,0,3.16588577215165,7.70565697104138,0,0,58.9089024514023,0,0,0,0,20.9146680667707,0.65430636745256,0,2.79968082400285,14.4503934674639,0.382248234616723,0,0,2.07292838917782,0,0,18.971610404809,4.44242364492281,0,0.463346860091607,0,2.08962846344386,1.65223991644965,4.54151044093692,4.85601372590454,0,0,0,6.34584859966218,2.41265931414134,3.77224180827209,0,0,0,0,5.36918980745004,0,0,0,0,10.6435113034973,0,0,0,0,0
L1PA3_dup4487,chr6,124804503,124810643,+,6141,16.8724895684658,21.6802588983046,13.9202870899123,34.5927712346207,103.22918997735,18.9879226823326,36.8205506427906,4.53868552030621,10.2817606228163,7.9703943919221,68.5289958201259,0,0,0,0,15.4113139420828,0,19.254528456078,12.1880487830488,0,35.0404455392636,28.9203142053918,21.794707077278,21.3693347638744,7.19737004197816,13.7979542715463,5.5993616480057,16.4209016675726,18.3479152616027,15.0048721013834,2.85486983380936,0,13.2612886980451,8.81944247122018,4.3780639395713,7.77424137861492,11.770762411957,0.231673430045803,0.471501962578314,13.930856422959,3.30447983289929,3.53228589850649,2.02333905246022,3.36367170868794,4.21519036407757,0,8.68379282059035,6.63481311388869,20.7473299454965,0,0,0,0,10.7383796149001,0,31.1947560601166,14.2741430344552,9.5730146726337,40.8001266634062,9.39936343053255,30.8197850612012,53.0120516521958,19.6611402469984,37.2300682669251
L1PA3_dup4492,chr6,126326599,126332742,+,6144,46.8680265790717,43.3605177966091,35.9607416489402,46.9939533753338,207.976456277897,69.622383168553,52.3239403871235,79.4269966053587,58.6060355500527,45.5451108109834,14.6847848185984,17.6092318480005,303.436170842596,89.9401271637636,94.4489255358574,69.3509127393724,44.6711187972976,30.6322043619423,60.9402439152438,0,45.8221210898062,38.6435232916873,53.6485097286843,54.1053369553417,111.232082466935,67.6756804747269,167.980849440171,208.873869211524,29.4331140654877,42.2864577402623,41.3956125902357,123.857471253375,29.8378995706015,8.81944247122018,27.7277382839516,31.0969655144597,164.790673767397,174.913439684582,85.3418552266748,211.749017628977,343.665902621526,111.014699667347,131.112370599422,32.7957991597074,34.4240546399668,81.4359662346606,75.1482071012627,36.7930545406555,60.3558689323535,0,0,10.0131791873624,0,13.4229745186251,0,33.4772991864666,19.8251986589656,30.542475384117,61.2001899951093,4.69968171526627,20.0058253906043,0,7.94007586898012,2.12743247239572
L1PA3_dup4596,chr7,16378113,16384140,-,6028,0,0,0,0,0,0,17.4413134623745,0,1.02817606228163,0,0,4.93058491744014,0,0,3.69353340084359,0,13.5955578948297,10.0648671474953,0,0,0,0,0,0,0,0,1.86645388266857,0,0,8.18447569166366,0,0,16.5766108725564,20.5786990995138,26.2683836374278,6.66363546738422,2.86315842453007,0,0.471501962578314,0,0,3.02767362729128,0,0,0,0,0,0,0,0,0,0,9.52877714466384,0.671148725931255,0,12.1735633405333,0,0,0,0,0,0,5.29338391265341,0
L1PA3_dup4603,chr7,146928454,146934611,+,6158,9.37360531581435,39.7471413135584,25.5205263315059,8.48501935943527,1.51807632319633,32.4377012489849,25.1930083345409,6.80802828045932,14.3944648719428,11.3862777027459,4.89492827286613,0,107.953253088231,62.4290294430829,13.7188383459905,0,1.94222255640424,0.437602919456318,0,2.66143495427964,83.5579855167054,2.74244358844233,18.4416752192352,4.54666697103712,0,11.1697725055374,6.53258858933998,1.31367213340581,9.17395763080135,4.09223784583183,5.70973966761872,22.2839801836616,16.5766108725564,24.9884203351238,18.971610404809,1.1106059112307,3.18128713836675,0.231673430045803,0,2.08962846344386,0,1.00922454243043,0.404667810492045,0.840917927171986,9.83544418284766,0,4.34189641029518,1.20632965707067,0,0,0,0,0,14.7652719704876,0,30.814332205725,0,1.82343136621594,0,12.9241247169823,0,0,12.0991632289221,0
L1PA3_dup4668,chr7,23321059,23327074,+,6016,37.4944212632574,43.3605177966091,2.32004784831872,0,31.8796027871229,0,5.81377115412483,4.53868552030621,1.02817606228163,12.5249054730204,9.78985654573227,9.15680056096027,0,40.2085274379178,29.0206195780567,1.92641424276034,25.2488932332552,3.06322043619423,58.9089024514023,0,415.094508695891,4.98626106989514,60.3545734447698,0.454666697103712,3.2715318372628,11.1697725055374,1.86645388266857,1.31367213340581,4.9692270500174,30.0097442027668,18.5566539197608,20.7292838917782,165.766108725564,626.180415456633,27.7277382839516,25.5439359583062,2.22690099685672,10.4253043520612,2.82901177546988,2.78617128459181,13.2179193315972,3.53228589850649,11.7353665042693,15.9774406162677,21.0759518203878,13.6867170142287,13.0256892308855,25.3329227984841,0,0,33.6776044669155,8.76153178894209,0,0,0,6.46720552465833,6.344063570869,3.1910048908779,2.66087782587432,23.4984085763314,0,18.8107280056179,0.75619770180763,0
L1PA3_dup4687,chr7,31619617,31625782,+,6166,0,0,3.48007177247808,0,0,0,0,0.756447586717702,0,3.41588331082376,0,0,0,0,4.22118102953553,0,0,0.437602919456318,0,0,0,0,0,0,0,0,0,0,0,1.36407928194394,0,0,3.31532217451128,0,30.6464475769991,0,7.63508913208019,0,7.54403140125302,0.696542821147952,8.26119958224823,0,0,0,0,0,5.67786453653985,0,0,0,12.9529247949675,32.5428323589278,22.233813337549,10.0672308889688,0,22.4450074091083,0,15.4991666128355,13.3043891293716,0,10.8139596705969,58.1422501991825,6.80577931626867,0
L1PA3_dup4688,chr7,32081884,32088040,+,6157,0,0,13.9202870899123,0,22.7711448479449,3.95581722548597,0,7.56447586717702,5.14088031140813,3.41588331082376,0,7.04369273920021,0,0,0,0,0,3.93842627510687,0,0,0,12.9642787817274,10.0590955741283,7.7293338507631,0,5.91340897351982,5.5993616480057,3.28418033351453,0,0,1.42743491690468,0,0,33.807862806344,0,1.1106059112307,7.95321784591687,8.80359034174053,26.8756118669639,29.254798488214,28.9141985378688,12.6153067803803,4.85601372590454,0,7.72784900080887,23.9517547749002,1.66996015780584,5.42848345681802,0,0,0,1.2516473984203,0,14.0941232445564,0,31.1947560601166,11.1021112490207,0.455857841553986,20.4000633317031,10.5742838593491,0,0,1.51239540361526,0
L1PA3_dup4708,chr7,36552966,36559126,-,6161,1.87472106316287,0,4.64009569663744,0,0,0.791163445097193,9.68961859020805,0.756447586717702,5.14088031140813,13.663533243295,0,3.5218463696001,0,28.5692168637837,0,0,36.9022285716806,14.0032934226022,0,0,0,5.23557412338989,23.4712230062994,0,0,0,0,1.31367213340581,7.26271645771774,13.6407928194394,0,0,0,35.2777698848807,8.7561278791426,6.66363546738422,13.3614059811403,5.56016232109928,9.43003925156628,2.78617128459181,0,9.08302088187383,4.45134591541249,1.68183585434397,7.02531727346261,15.739724566363,1.0019760946835,3.01582414267668,0,0,0,7.50988439052179,0,0,0,12.1735633405333,0,0,1.77391855058288,0,33.5232749788504,18.8107280056179,4.15908735994197,21.2743247239572
L1PA3_dup4709,chr7,37163343,37169491,-,6149,65.6152372107004,93.9477885593197,26.6805502556653,4.56885657815745,173.060700844381,26.1083936882074,110.461651928372,3.02579034687081,15.4226409342244,15.9407887838442,78.3188523658581,27.4704016828808,35.0118658664534,50.7897188689488,8.44236205907105,26.9697993986448,16.5088917294361,26.2561751673791,0,0,156.334295482868,21.4409226005491,98.9144398122617,54.5600036524454,72.6280067872341,50.5924989956696,2.79968082400285,13.793557400761,1.14674470385017,9.54855497360761,5.70973966761872,10.3646419458891,53.0451547921805,0,122.585790307996,13.3272709347684,24.8140396792606,17.8388541135269,3.3005137380482,7.66197103262747,3.30447983289929,15.6429804076716,15.3773767986977,2.52275378151596,23.8860787297729,49.9565171019347,6.67984063122335,7.84114277095937,0,0,7.7717548769805,21.2780057731451,44.4676266750979,6.04033853338129,0,50.5963726340916,14.2741430344552,14.1315930881736,45.2349230398634,28.1980902915976,169.779166828371,152.195890227272,15.5020528870564,280.821086356235
L1PA3_dup4804,chr7,76728486,76734513,+,6028,0,0,6.96014354495616,1.95808139063891,51.6145949886751,37.9758453646653,0,10.5902662140478,2.05635212456325,0,0,4.22621564352012,0,3.1743574293093,5.80412391561135,1.92641424276034,0,3.06322043619423,0,226.22197111377,0,9.224582979306,0,26.825335129119,0,3.94227264901322,0,4.59785246692034,8.02721292695118,4.09223784583183,7.1371745845234,0,39.7838660941354,0,1.45935464652377,6.66363546738422,3.18128713836675,3.70677488073286,3.3005137380482,66.8681108302034,28.9141985378688,15.1383681364564,23.0660651980465,2.52275378151596,9.83544418284766,0.684335850711434,5.67786453653985,12.6664613992421,0,0,2.5905849589935,0,0,6.04033853338129,0,113.746732463108,71.3707151722762,2.73514704932391,0,10.5742838593491,12.9767516047163,1.7100661823289,3.40288965813434,232.953855727331
L1PA3_dup4884,chr7,91389494,91395509,-,6016,14.997768505303,18.0668824152538,5.8001196207968,0,0,16.6144323470411,34.882626924749,1.5128951734354,0,6.83176662164751,0,2.11310782176006,131.2944969992,1.0581191431031,10.0253049451469,0,0,7.43924963075741,2.03134146384146,0,48.5175399774418,0.249313053494757,20.1181911482566,15.9133343986299,20.9378037584819,1.31409088300441,5.5993616480057,14.4503934674639,7.26271645771774,5.45631712777578,9.99204441833276,0.518232097294456,13.2612886980451,0,21.8903196978565,1.1106059112307,10.4982475566103,13.2053855126108,4.71501962578314,6.96542821147952,4.13059979112411,4.0368981697217,6.47468496787271,2.52275378151596,14.7531662742715,0,0,0,0,0,0,0,0,1.34229745186251,0,1.141271563175,19.032190712607,0.455857841553986,0,0,31.360483044731,0,0,113.817637273171
L1PA3_dup4885,chr7,91476685,91482819,-,6135,20.6219316947916,0,4.64009569663744,0,69.831510867031,3.95581722548597,36.8205506427906,15.128951734354,15.4226409342244,2.27725554054917,97.8985654573226,12.6786469305604,64.1884207551645,0,4.22118102953553,0,0,1.31280875836895,38.5954878129877,0,35.0404455392636,3.4903827489266,20.1181911482566,5.91066706234825,23.5550292282921,17.0831814790573,12.1319502373457,6.56836066702906,13.760936446202,19.0971099472152,24.2663935873796,0,19.8919330470677,16.1689778639037,39.4025754561417,15.5484827572298,8.90760398742689,5.09681546100768,3.3005137380482,11.8412279595152,10.7395594569227,23.2121644758998,6.07001715738067,9.25009719889185,16.158229728964,0,0,0,54.6975062199454,0,0,6.25823699210149,38.1151085786553,3.35574362965627,0,37.661961584775,16.6531668735311,5.92615194020182,4.4347963764572,0,0,34.2013236465779,6.80577931626867,136.155678233326
L1PA3_dup4888,chr7,92183757,92189878,-,6122,26.2460948842802,39.7471413135584,15.0803110140717,32.6346898439818,27.3253738175339,25.3172302431102,9.68961859020805,50.6819883100861,53.4651552386445,39.8519719596105,0,26.7660324089608,0,68.7777443017015,22.6888480337535,26.9697993986448,33.0177834588721,26.2561751673791,8.12536585536583,364.616588736311,91.6442421796124,11.4684004607588,102.267471670304,27.2800018262227,39.2583820471536,34.1663629581145,55.993616480057,69.624623070508,39.3715681655225,19.0971099472152,28.5486983380936,5.70055307023901,179.027397423609,47.0370265131743,1.45935464652377,11.106059112307,54.718138779908,69.0386821536494,54.6942276590844,87.7643954646419,192.485950266384,121.611557362866,59.4861681423306,25.2275378151596,111.000012920709,46.5348378483775,22.7114581461594,15.0791207133834,7.54448361654419,0,0,6.25823699210149,0,15.4364206964189,0,48.3138295077416,20.6182066053242,13.6757352466196,44.347963764572,44.6469762950296,16.2209395058954,51.3019854698669,25.3326230105556,63.8229741718716
L1PA3_dup4891,chr7,93341965,93347980,+,6016,7.49888425265148,97.5611650423705,19.7204067107091,50.9101161566116,0,18.9879226823326,50.3860166690819,24.2063227749665,30.8452818684488,35.2974608785121,0,43.6708949830413,0,113.218748312032,23.7441432911373,46.2339418262483,64.09334436134,44.1978948650882,20.3134146384146,0,16.1725133258139,0.498626106989514,53.6485097286843,14.5493343073188,62.8134112754457,18.3972723620617,88.6565594267568,76.1929837375371,24.846135250087,5.45631712777578,29.9761332549983,0.518232097294456,49.7298326176692,161.689778639037,55.4554765679031,12.2166650235377,44.2198912232978,26.4107710252216,24.046600091494,50.8476259438005,73.5246762820092,64.085758444332,57.0581612793783,30.2730453781915,47.0696257321995,52.6938605047804,24.047426272404,28.3487469411608,9.43060452068023,0,62.174039015844,21.2780057731451,92.1115123984171,20.8056105038689,47.5138573532448,34.9989946040333,32.5133258007036,29.1749018594551,45.2349230398634,8.22444300171598,31.360483044731,10.2603970939734,26.4669195632671,67.0141228804652
L1PA3_dup4902,chr7,96579969,96585972,-,6004,3.74944212632574,0,0,0.652693796879636,0,0,1.93792371804161,0,1.02817606228163,10.2476499324713,0,0,2.91765548887111,11.6393105741341,2.11059051476776,9.63207121380172,0,0,0,0,48.5175399774418,0,15.0886433611925,0,0,0.657045441502203,0,0,0,1.36407928194394,0,0,66.3064434902256,14.699070785367,0,7.77424137861492,3.8175445660401,0.463346860091607,0.943003925156628,4.87579974803566,19.8268789973957,2.01844908486085,0.809335620984089,5.04550756303192,15.4556980016177,0,3.33992031561167,9.04747242803004,0,0,41.449359343896,11.2648265857827,34.9388495304341,0.671148725931255,0,4.18466239830833,0,0,1.77391855058288,0,0,11.9704632763023,1.89049425451908,70.2052715890588
L1PA3_dup4994,chr7,123445191,123451212,-,6022,103.109658473958,169.828694703386,70.7614593737209,184.059650720057,110.819571593332,303.015599472225,85.2686435938309,126.326746981856,136.747416283456,95.6447327030652,127.268135094519,285.973925211528,148.800429932427,230.669973196476,157.76664097889,287.035722171291,172.857807519978,70.4540700324673,257.980365907865,0,398.921995370077,52.8543673408885,152.562949540946,166.862677837062,268.265610655549,192.514314360145,207.176380976211,213.471721678444,116.585711558101,216.888605829087,218.397542286416,144.586755145153,288.433029182481,239.594853801482,90.4799880844735,86.6272610759948,167.971960905764,79.4639865057106,224.906436149856,274.437871532293,218.095668971353,91.3348210899535,79.7195586669328,158.092570308333,392.012703859214,131.392483336595,100.865593531473,172.505140961106,171.63700227638,0,183.931532088538,78.8537861004788,203.280579086162,65.772575141263,0,92.0625727627833,432.982338711809,133.110489733764,109.095990860847,90.4688730188758,462.837473901548,206.918008061797,70.7044851190134,265.929059049465
L1PA3_dup5047,chr7,137424399,137430564,+,6166,0,0,9.28019139327488,7.179631765676,0,3.16465378038877,0,8.32092345389472,0,0,0,2.81747709568008,0,0,2.11059051476776,0,0,20.567337214447,16.2507317107317,0,40.4312833145349,0.997252213979027,0,0,24.2093355957447,0,13.9984041200142,4.59785246692034,2.67573764231706,0,18.5566539197608,0,0,54.3865619058578,18.971610404809,1.1106059112307,8.27134655975354,0,28.7616197172771,4.87579974803566,22.3052388720702,4.54151044093692,0,0,52.6898795509696,27.3734340284574,8.01580875746802,3.61898897121201,0,0,33.6776044669155,0,0,8.05378471117506,0,0,0,0,2.66087782587432,1.17492042881657,0,10.2603970939734,0,0
L1PA3_dup5057,chr7,141980086,141986114,-,6029,0,0,0,0,0,5.53814411568035,0,0,0,0,0,0,0,0,0,0,0,0,0,0,0,0,0,7.7293338507631,0,0,0,22.3324262678988,0,13.6407928194394,0,0,0,0,0,0,0,0,0,0.696542821147952,0,0.504612271215213,0,0,0,0.684335850711434,0,0,5.65836271240814,0,2.5905849589935,0,0,0,0,0,0,0,0,21.1485677186982,0,0,1.89049425451908,0
L1PA3_dup5106,chr7,156909395,156915542,-,6148,0,0,0,0,0,7.91163445097193,0,0,5.14088031140813,2.27725554054917,63.6340675472597,0.70436927392002,0,0,0,21.1905566703638,0,0,0,0,0,0,0,6.82000045655567,0,0,6.53258858933998,3.94101640021744,0,1.36407928194394,194.131148699037,12.4375703350669,43.0991882686467,35.2777698848807,0,5.55302955615352,12.4070198396303,2.08506087041223,0.471501962578314,0,33.8709182872177,9.58763315308905,1.21400343147613,0.840917927171986,7.72784900080887,735.661039514791,0,0,0,0,0,0,0,0,0,7.98890094222499,0,0,0,0,0,265.060258260979,0,0
L1PA3_dup5121,chr8,98694366,98700518,-,6153,28.120815947443,21.6802588983046,24.3605024073466,0,0,15.8232689019439,34.882626924749,1.5128951734354,4.1127042491265,1.13862777027459,112.583350275921,23.9485553132807,0,0,3.16588577215165,44.3075275834879,43.7000075190955,2.62561751673791,42.6581707406706,0,0,18.6984790121068,62.0310893737912,8.18400054786681,0,0,4.66613470667141,7.88203280043487,7.26271645771774,2.72815856388789,0,6.21878516753347,0,14.699070785367,40.8619301026655,0,11.770762411957,10.656977782107,17.9170745779759,8.35851385377542,11.5656794151475,0.504612271215213,4.04667810492045,7.56826134454787,4.91772209142383,28.7421057298802,0,24.7297579699488,0,201.870834791309,25.905849589935,13.7681213826233,22.233813337549,4.02689235558753,0,18.6407688651917,26.9622701761932,8.20544114797174,16.8522262305373,0,12.9767516047163,119.704632763023,8.69627357078775,14.89202730677
L1PA3_dup5207,chr8,24839574,24845719,+,6146,0,0,1.16002392415936,0,18.2169158783559,7.12047100587474,0,5.29513310702392,15.4226409342244,1.13862777027459,0,0,0,0,7.38706680168717,7.70565697104138,4.85555639101061,1.75041167782527,0,0,0,5.73420023037941,0,2.27333348551856,28.1351738004601,21.0254541280705,14.9316310613485,20.3619180677901,10.7029505692682,47.742774868038,0,0,29.8378995706015,26.4583274136605,0,5.55302955615352,6.04444556289682,5.56016232109928,5.18652158836145,2.08962846344386,3.30447983289929,3.53228589850649,2.83267467344431,13.4546868347518,16.8607614563103,0,1.33596812624467,7.23797794242403,0,0,10.362339835974,6.25823699210149,0,7.3826359852438,0,1.52169541756667,0,15.4991666128355,0,30.5479311492308,1.62209395058954,1.7100661823289,2.26859310542289,0
L1PA3_dup5238,chr8,34214933,34221078,+,6146,3.74944212632574,0,0,11.0957945469538,1.51807632319633,11.8674516764579,0,7.56447586717702,0,0,4.89492827286613,0,0,20.1042637189589,0,3.85282848552069,39.815562406287,0,0,0,0,0.249313053494757,0,8.63866724497052,0,0,0,0,0.382248234616723,4.09223784583183,0,0,0,1.4699070785367,0,0,1.90877228302005,0,0,0,9.91343949869787,0.504612271215213,0,0,3.51265863673131,0,0,0,3.77224180827209,0,10.362339835974,0,0,0,0,0,0,7.74958330641776,0.886959275291439,0,0,0,0,1.06371623619786
L1PA3_dup527,chr1,172055830,172061861,+,6032,24.3713738211173,28.9070118644061,0,0,0,0,32.9447032067074,0.756447586717702,3.08452818684488,9.10902216219668,156.637704731716,29.5835095046409,0,2.1162382862062,13.1911907172985,13.4848996993224,0,6.56404379184477,775.972439187437,0,0,3.98900885591611,15.0886433611925,11.3666674275928,0,11.8268179470396,10.2654963546771,4.59785246692034,0,19.0971099472152,29.9761332549983,4.6640888756501,480.721715304136,49.9768406702477,61.2928951539982,4.44242364492281,5.72631684906014,2.54840773050384,5.18652158836145,2.08962846344386,8.26119958224823,1.00922454243043,2.42800686295227,5.04550756303192,23.1835470024266,33.5324566848603,13.0256892308855,15.6822855419187,0,0,49.2211142208765,0,25.4100723857702,4.69804108151878,0,15.2169541756667,0,1.36757352466196,7.98263347762295,0,52.9884023859249,35.9113898289068,24.1983264578442,20.2106084877594
L1PA3_dup529,chr1,172314247,172320395,+,6149,13.1230474421401,50.5872707627106,22.0404545590278,9.13771315631491,3.03615264639265,27.6907205784018,62.0135589773315,16.6418469077894,5.14088031140813,19.356672094668,0,26.7660324089608,0,52.905957155155,30.0759148354406,21.1905566703638,22.3355593986488,10.0648671474953,48.752195132195,0,102.425917730155,18.9477920656015,53.6485097286843,26.3706684320153,43.8385266193215,6.57045441502203,8.39904247200854,19.7050820010872,19.8769082000696,35.4660613305425,11.4194793352374,4.6640888756501,59.6757991412031,42.6273052775642,39.4025754561417,13.3272709347684,16.5426931195071,6.7185294713283,38.1916589688434,26.4686272036222,9.08731954047305,33.8090221714193,18.210051472142,8.40917927171986,39.3417767313906,35.5854642369946,25.0494023670876,9.65063725656537,0,0,25.905849589935,16.2714161794639,98.4640304948596,7.3826359852438,2769.37911430341,47.93340565335,39.6503973179312,20.0577450283754,52.3305972421949,8.22444300171598,114.627972508327,61.5623825638403,24.576425308748,134.02824576093
L1PA3_dup5337,chr8,62800634,62806816,+,6183,82.4877267791663,39.7471413135584,11.6002392415936,4.56885657815745,31.8796027871229,26.8995571333046,25.1930083345409,5.29513310702392,0,18.2180443243934,73.423924092992,35.218463696001,0,88.8820080206605,41.6841626666633,25.0433851558845,0.971111278202122,6.56404379184477,4.06268292768292,282.112105153642,167.115971033411,10.7204613002745,0,0,0,35.480453841119,2.79968082400285,8.53886886713778,9.55620586541808,38.1942198944304,8.56460950142808,0,79.5677321882707,89.6643317907385,2.91870929304753,14.4378768459991,11.770762411957,15.9854666731604,6.60102747609639,11.8412279595152,23.9574787885199,30.781348544128,13.7587055567295,29.4321274510195,67.4430458252411,24.6360906256116,12.023713136202,15.6822855419187,24.5195717537686,503.022408004574,67.355208933831,22.5296531715654,41.2913676268766,5.36918980745004,0,2.66296698074166,15.8601589271725,2.73514704932391,0.886959275291439,5.87460214408284,21.6279193411938,15.3905956409601,4.15908735994197,0
L1PA3_dup5355,chr8,68459801,68465948,+,6148,3.74944212632574,0,10.4402153174342,19.5808139063891,0,2.37349033529158,0,4.53868552030621,0,6.83176662164751,0,0,0,24.3367402913713,0,26.9697993986448,0,0.437602919456318,0,2.66143495427964,0,0,13.4121274321711,3.18266687972598,0,0,2.79968082400285,9.85254100054359,5.73372351925085,0,0,0,19.8919330470677,0,0,3.33181773369211,0,5.56016232109928,24.5181020540723,11.8412279595152,46.2627176605901,0.504612271215213,1.61867124196818,5.04550756303192,11.2405076375402,0,2.67193625248934,1.20632965707067,0,0,0,0,0,9.39608216303757,0,30.4339083513333,0,6.3820097817558,0,2.34984085763314,0,0,0,1.06371623619786
L1PA3_dup5358,chr8,68743354,68749398,+,6045,0,3.61337648305076,0,0,0,17.4055957921383,0,0,4.1127042491265,5.69313885137293,0,0,0,0,0,0,0,0,0,0,0,14.2108440492011,0,0,0,13.7979542715463,0,5.91152460032615,0,0,8.56460950142808,0,0,11.7592566282936,0,2.22121182246141,1.2725148553467,0,0,0,0,0,0.809335620984089,5.8864254902039,7.72784900080887,0,0,0,0,0,20.724679671948,0,0,0,678.76939076064,0,0,0,0,4.69968171526627,22.1686173247237,0,0,3.19114870859358
L1PA3_dup5363,chr8,69351386,69357434,-,6049,0,0,0,0,0,13.4497785666523,13.5654660262913,3.02579034687081,0,0,0,0,0,0,0,0,0,0,0,0,0,0,8.38257964510692,0,0,0,9.33226941334283,0,0,0,0,0,36.4685439196241,10.2893495497569,5.83741858609507,12.2166650235377,16.5426931195071,17.6071806834811,0,4.17925692688771,16.5223991644965,9.08302088187383,2.42800686295227,9.25009719889185,5.62025381877009,2.0530075521343,8.68379282059035,4.22215379974735,0,0,0,0,0,2.01344617779376,0,3.04339083513333,0,0,0,0,0,0,0.378098850903815,0
L1PA3_dup5418,chr8,79982277,79988432,+,6156,0,0,0,0,0,3.95581722548597,0,5.29513310702392,2.05635212456325,0,0,0,0,0,0,13.4848996993224,0,6.12644087238846,0,0,0,1.7451913744633,0,5.91066706234825,0,0,0,0,0,2.72815856388789,0,0,33.1532217451128,0,0,0,4.13567327987677,1.85338744036643,0,1.3930856422959,2.47835987467447,0,0,1.68183585434397,10.5379759101939,17.7927321184973,0,0,0,0,12.9529247949675,10.0131791873624,0,4.02689235558753,0,3.423814689525,0.793007946358625,0,11.5304705787887,0,0,10.2603970939734,0,21.2743247239572
L1PA3_dup5468,chr8,88854641,88860785,-,6145,7.49888425265148,0,1.16002392415936,0,0,23.7349033529158,0,9.07737104061243,27.7607536816039,2.27725554054917,0,2.81747709568008,0,0,12.6635430886066,0,11.6533353384255,14.0032934226022,0,0,0,0,10.0590955741283,14.5493343073188,0,14.4549997130485,14.9316310613485,6.56836066702906,7.26271645771774,9.54855497360761,0,0.518232097294456,39.7838660941354,0,0,5.55302955615352,11.4526336981203,0,10.3730431767229,20.8962846344386,6.60895966579858,7.06457179701298,4.45134591541249,4.20458963585993,14.0506345469252,0,1.66996015780584,3.61898897121201,0,0,0,0,0,2.01344617779376,0,3.423814689525,8.72308740994487,0,0,0,0,8.55033091164448,4.53718621084578,71.2689878252567
L1PA3_dup5510,chr8,97039489,97045633,-,6145,5.62416318948861,0,0,6.52693796879636,0,15.0321054568467,7.75169487216644,4.53868552030621,1.02817606228163,23.9111831757663,4.89492827286613,7.74806201312023,2.91765548887111,79.3589357327326,9.49765731645494,32.7490421269258,0,17.0665138587964,0,0,0,0,30.1772867223849,0.454666697103712,0,0,2.79968082400285,7.22519673373196,6.49821998848429,0,0,0.518232097294456,26.5225773960902,4.40972123561009,14.5935464652377,7.77424137861492,16.2245644056704,5.32848889105348,25.4611059792289,0,4.95671974934894,3.02767362729128,3.6420102944284,10.9319330532358,13.348102819579,28.7421057298802,7.68181672590685,20.5076041702014,0,0,0,0,0,4.69804108151878,0,0,0,7.74958330641776,0.886959275291439,0,0,0,0,0
L1PA3_dup5514,chr8,98584098,98590122,-,6025,0,0,13.9202870899123,2.61077518751854,0,15.8232689019439,11.6275423082497,5.29513310702392,0,4.55451108109834,234.956557097574,4.93058491744014,0,32.8016934361961,7.91471443037911,23.1169709131241,79.631124812574,1.75041167782527,0,0,0,3.73969580242135,65.384121231834,20.0053346725633,71.319394052329,13.7979542715463,10.2654963546771,11.1662131339494,0.382248234616723,10.9126342555516,1.42743491690468,0,49.7298326176692,5.87962831414679,13.1341918187139,21.1015123133834,12.4070198396303,10.4253043520612,0,4.87579974803566,10.7395594569227,7.06457179701298,5.66534934688862,10.0910151260638,24.5886104571191,22.5830830734773,8.01580875746802,1.80949448560601,0,1.65467897369926,12.9529247949675,0,28.5863314339915,8.72493343710631,0,0,9.5160953563035,0.455857841553986,23.9479004328689,15.2739655746154,64.3430600400516,35.9113898289068,13.2334597816335,31.9114870859358
L1PA3_dup5534,chr8,105789090,105795234,-,6145,1.87472106316287,0,4.64009569663744,0,0,17.4055957921383,31.0067794886658,3.02579034687081,32.901633993012,20.4952998649425,0,5.63495419136016,0,1.0581191431031,20.0506098902938,21.1905566703638,0.971111278202122,8.75205838912637,2.03134146384146,0,0,5.98351328387416,0,19.5506679754596,5.88875730707304,0,5.5993616480057,13.793557400761,15.2899293846689,23.189347793047,32.8310030888077,1.03646419458891,162.450786551053,26.4583274136605,18.971610404809,15.5484827572298,13.3614059811403,7.64522319151151,5.65802355093977,6.96542821147952,4.95671974934894,25.2306135607606,14.5680411777136,39.5231425770833,0,29.4264415805917,0,3.61898897121201,0,0,0,7.50988439052179,38.1151085786553,4.69804108151878,0,28.9122129337666,21.4112145516829,0,12.4174298540801,39.9472945797633,0,1.7100661823289,7.18387816717249,49.9946631012994
L1PA3_dup5540,chr8,107240609,107246613,+,6005,0,0,6.96014354495616,0,0,0,0,3.02579034687081,0,0,0,0,0,0,13.1911907172985,3.85282848552069,0,5.68883795293214,0,0,0,0,0,0.454666697103712,0,0,0,3.94101640021744,0.382248234616723,0,0,0.518232097294456,0,0,0,0,14.633920836487,0,0.471501962578314,2.08962846344386,0,0,4.45134591541249,0,0,11.6337094620944,5.67786453653985,0,0,0,18.1340947129545,1.2516473984203,0,10.7383796149001,0,0,0,21.8811763945913,0,0,0,0,0,0
L1PA3_dup5544,chr8,107889881,107895907,-,6027,0,36.1337648305076,9.28019139327488,0,0,0,21.3171608984577,1.5128951734354,24.676225494759,0,0,4.22621564352012,5.83531097774223,0,6.85941917299523,0,0,10.940072986408,0,0,0,4.23832190941087,0,4.0920002739334,21.5921101259345,10.5127270640352,0,20.3619180677901,9.9384541000348,4.09223784583183,9.99204441833276,0.518232097294456,46.4145104431579,0,1.45935464652377,0,0.636257427673349,3.70677488073286,0.471501962578314,0.696542821147952,2.47835987467447,6.05534725458256,0,0,0.702531727346261,0,0.333992031561167,0,0,0,0,0,0,50.3361544448441,0,11.41271563175,0,0,0.886959275291439,0,0,0,44.993763257554,0
L1PA3_dup5594,chr8,119456202,119462359,-,6158,0,25.2936353813553,0,0,97.1568846845649,0,0,0,3.08452818684488,0,0,0,61.2707652662934,2.1162382862062,2.11059051476776,0,0,0,0,0,48.5175399774418,0,5.02954778706415,0,0,0,9.33226941334283,0,0,4.09223784583183,1.42743491690468,0,0,0,1.45935464652377,0,0,0.231673430045803,0.471501962578314,0,0,1.00922454243043,0,0,11.9430393648864,1.36867170142287,0,0,1.88612090413605,0,0,0,0,0,0,2.66296698074166,0,0,0,0,0,0,4.53718621084578,72.3327040614545
L1PA3_dup561,chr1,183658068,183664223,+,6156,5.62416318948861,39.7471413135584,4.64009569663744,3.91616278127782,0,1.58232689019439,44.5722455149571,0.756447586717702,5.14088031140813,5.69313885137293,137.057991640252,9.15680056096027,105.03559759936,24.3367402913713,2.11059051476776,9.63207121380172,52.4400090229146,2.18801459728159,2.03134146384146,0,83.5579855167054,3.24106969543184,16.7651592902138,0,0,42.7079536976432,0,5.91152460032615,1.52899293846689,9.54855497360761,0,14.5104987242448,159.135464376541,0,18.971610404809,13.3272709347684,3.49941585220342,2.08506087041223,4.71501962578314,9.75159949607133,0.826119958224823,1.51383681364564,5.66534934688862,2.52275378151596,50.5822843689308,45.8505019976661,1.33596812624467,4.22215379974735,22.6334508496326,0,0,0,12.7050361928851,8.05378471117506,0,16.3582257388417,0,0,3.54783710116576,0,18.3837314400147,6.84026472931559,10.9648666762106,75.5238527700481
L1PA3_dup5680,chr9,91225552,91231568,-,6017,20.6219316947916,7.22675296610152,10.4402153174342,4.56885657815745,101.711113654154,7.91163445097193,15.5033897443329,6.05158069374162,10.2817606228163,13.663533243295,0,3.5218463696001,0,16.9299062896496,12.6635430886066,21.1905566703638,0,3.06322043619423,24.3760975660975,0,72.7763099661628,0.997252213979027,51.9719937996629,6.36533375945196,1.30861273490512,42.7079536976432,7.46581553067426,11.8230492006523,8.02721292695118,12.2767135374955,2.85486983380936,16.5834271134226,39.7838660941354,0,32.1058022235229,8.88484728984563,8.90760398742689,2.31673430045803,29.2331216798555,17.4135705286988,3.30447983289929,7.06457179701298,23.8754008190306,1.68183585434397,25.9936739118117,3.42167925355717,7.01383266278451,1.80949448560601,20.7473299454965,0,20.724679671948,0,9.52877714466384,4.02689235558753,0,14.4561064668833,0,7.74958330641776,6.20871492704007,0,4.32558386823876,78.6630443871293,2.26859310542289,107.435339855984
L1PA3_dup5745,chr9,14870657,14876831,-,6175,3.74944212632574,54.2006472457614,1.16002392415936,11.7484883438335,0,7.91163445097193,7.75169487216644,5.29513310702392,3.08452818684488,0,0,0,0,4.2324765724124,10.5529525738388,23.1169709131241,0,0,6.09402439152438,0,56.6037966403488,13.7122179422116,28.5007707933635,5.00133366814083,0,13.1409088300441,8.39904247200854,19.0482459343843,0,0,8.56460950142808,6.73701726482792,0,0,0,0,11.4526336981203,7.64522319151151,3.77201570062651,4.17925692688771,2.47835987467447,7.56918406822819,0,10.9319330532358,32.316459457928,15.739724566363,0,0,0,0,0,0,34.9388495304341,2.01344617779376,0,10.271444068575,7.13707151722762,1.36757352466196,12.4174298540801,2.34984085763314,34.0639729623803,1.7100661823289,19.2830413960946,0
L1PA3_dup5825,chr9,26249771,26255795,+,6025,13.1230474421401,10.8401294491523,0,0,0,0,0,0,0,0,0,0,0,0,2.11059051476776,0,0,0,0,0,0,0,0,0,0.65430636745256,0.657045441502203,0.933226941334283,0,0,0,1.42743491690468,0,0,0,0,0,0,0,0,0,0,0,0,0,0,0,0,0,0,0,0,0,0,0,0,0,0,0,0,0,0,0,0,0
L1PA3_dup5866,chr9,34761699,34767854,-,6156,0,0,5.8001196207968,3.26346898439818,0,8.70279789606913,0,0.756447586717702,6.16905637368975,0,0,5.63495419136016,75.8590427106489,14.8136680034434,0,13.4848996993224,113.620019549648,2.62561751673791,0,0,26.9541888763566,0.249313053494757,10.0590955741283,4.54666697103712,0,16.4261360375551,10.2654963546771,0,3.05798587693378,46.3786955860941,1.42743491690468,0.518232097294456,0,16.1689778639037,26.2683836374278,0,5.09005942138679,0,0.943003925156628,2.08962846344386,1.65223991644965,6.55995952579777,4.85601372590454,0,0,2.0530075521343,0,1.80949448560601,0,0,18.1340947129545,0,0,0,0,0,46.7874688351589,5.01443625709384,11.5304705787887,0,0.540697983529845,3.42013236465779,7.94007586898012,0
L1PA3_dup5886,chr9,41149959,41155994,+,6036,1.87472106316287,0,5.8001196207968,0.652693796879636,0,0.791163445097193,0,2.26934276015311,10.2817606228163,7.9703943919221,0,0,0,30.6854551499899,0,0,0,7.43924963075741,18.2820731745731,0,0,1.99450442795805,0,4.54666697103712,0,0,15.8648580026828,11.1662131339494,1.91124117308362,0,1.42743491690468,0,0,0,0,1.1106059112307,0.954386141510024,0,0,4.87579974803566,1.65223991644965,0.504612271215213,2.02333905246022,0,0,0,0,0.603164828535336,0,0,0,0,0,0,0,6.46720552465833,19.032190712607,0,0,1.17492042881657,0,0,0,0
L1PA3_dup5927,chr9,65306104,65312178,+,6075,7.49888425265148,0,0,0,21.2530685247486,0,1.93792371804161,0,9.25358456053463,17.0794165541188,0,0,0,0,3.69353340084359,0,10.6822240602233,6.56404379184477,12.1880487830488,0,0,0.249313053494757,0,0,0,0,10.2654963546771,0,3.44023411155051,1.36407928194394,0,10.3646419458891,0,0,4.3780639395713,2.22121182246141,2.86315842453007,5.09681546100768,0,0,0.826119958224823,9.58763315308905,5.26068153639658,0,0,0,2.003952189367,0,0,0,0,0,3.17625904822128,1.34229745186251,0,0.760847708783333,1.58601589271725,2.27928920776993,0,0,0,0,2.26859310542289,0
L1PA3_dup5928,chr9,65709352,65715424,-,6073,31.8702580737688,10.8401294491523,20.8804306348685,17.6227325157502,54.6507476350678,34.0200281391793,15.5033897443329,31.0143510554258,44.2115706781099,78.5653161489464,0,9.86116983488029,0,9.52307228792791,29.5482672067487,69.3509127393724,99.0533503766164,43.3226890261755,93.4417073367071,71.8587437655504,0,26.676496723939,0,82.2946721757718,3.92583820471536,5.91340897351982,57.8600703627255,15.7640656008697,29.8153623001044,36.8301406124865,7.1371745845234,98.4640984859466,49.7298326176692,1.4699070785367,71.5083776796646,28.8757536919983,19.4058515440372,12.5103652224734,8.95853728898796,41.7925692688771,0.826119958224823,21.1937153910389,15.3773767986977,76.5235313726507,31.6139277305818,17.7927321184973,44.4209401976353,18.6981096845954,0,0,36.268189425909,56.3241329289134,12.7050361928851,14.0941232445564,0,17.119073447625,47.5804767815175,9.5730146726337,23.9479004328689,113.967281595207,12.9767516047163,5.13019854698669,12.4772620798259,0
L1PA3_dup6002,chr9,92082240,92088398,-,6159,54.3669108317232,54.2006472457614,9.28019139327488,0,168.506471874792,4.74698067058316,54.2618641051651,7.56447586717702,12.3381127473795,5.69313885137293,19.5797130914645,13.3830162044804,0,7.40683400172171,5.80412391561135,26.9697993986448,33.9888947370743,9.627264228039,48.752195132195,0,2.69541888763566,6.48213939086368,45.2659300835774,26.825335129119,20.2834973910293,0.657045441502203,27.0635812986942,30.8712951350366,0,8.18447569166366,15.7017840859515,3.10939258376673,16.5766108725564,54.3865619058578,46.6993486887605,0,2.5450297106934,6.02350918119089,10.3730431767229,14.627399244107,14.8701592480468,13.1199190515955,14.5680411777136,5.04550756303192,30.2088642758892,5.47468680569147,5.34387250497868,25.9360876270194,26.4056926579047,264.748635791881,31.087019507922,30.0395375620872,44.4676266750979,20.1344617779376,0,40.7053524199083,16.6531668735311,2.27928920776993,32.8174931857832,0,111.924482590678,44.4617207405513,18.9049425451908,51.0583793374973
L1PA3_dup6008,chr9,94020342,94026495,-,6154,1.87472106316287,0,31.3206459523027,0.652693796879636,0,13.4497785666523,0,71.8625207381817,35.9861621798569,12.5249054730204,0,20.4267089436806,0,0,38.5182768945117,15.4113139420828,21.3644481204467,68.2660554351857,0,0,0,17.7012267981277,25.1477389353208,2.72800018262227,0,0,46.6613470667141,42.6943443356889,12.6141917423519,0,15.7017840859515,9.84640984859466,16.5766108725564,1.4699070785367,0,48.8666600941509,125.024584537813,125.566999084825,51.8652158836145,110.750308562524,304.83826458496,158.952865432792,53.4161509849499,77.3644492998227,18.9683566383491,10.9493736113829,56.4446533338373,30.1582414267668,0,0,0,0,0,8.72493343710631,0,16.7386495932333,20.6182066053242,0,14.191348404663,29.3730107204142,18.9244294235446,0,3.40288965813434,0
L1PA3_dup6036,chr9,102217910,102223924,-,6015,58.116352958049,0,32.4806698764621,10.4431007500742,107.783418946939,60.9195852724839,65.8894064134148,15.8853993210717,16.450816996506,29.6043220271392,0,24.6529245872007,87.5296646661334,6.3487148586186,11.0806002025308,0,0,0,40.6268292768292,0,45.8221210898062,3.98900885591611,0,32.7360021914672,41.8756075169638,0,7.46581553067426,13.793557400761,28.2863693616375,12.2767135374955,12.8469142521421,3.62762468106119,46.4145104431579,22.0486061780505,62.752249800522,4.44242364492281,1.90877228302005,8.80359034174053,4.24351766320482,6.26888539033157,24.7835987467447,4.54151044093692,11.7353665042693,10.9319330532358,16.158229728964,40.3758151919746,10.3537529783962,15.6822855419187,9.43060452068023,0,38.8587743849025,46.310953741551,0,4.02689235558753,0,9.13017250539999,0.793007946358625,108.038308448295,57.6523528939435,25.8482494339645,34.0639729623803,20.5207941879468,10.9648666762106,32.9752033221337
L1PA3_dup6112,chr9,122590145,122596170,-,6026,7.49888425265148,0,2.32004784831872,12.4011821407131,34.9157554335155,3.16465378038877,0,0,0,0,0,0,0,0,0,0,0,0,0,0,0,0,0,0,0.65430636745256,0,0.933226941334283,4.59785246692034,0,0,0,9.84640984859466,0,0,0,0,2.22690099685672,0.231673430045803,0,0.696542821147952,2.47835987467447,8.07379633944341,4.04667810492045,3.36367170868794,14.7531662742715,0,0,0,0,0,0,0,0,0.671148725931255,0,0,0,0,0.886959275291439,0,20.0058253906043,0,2.64669195632671,0
L1PA3_dup6147,chrX,115080437,115086611,-,6175,9.37360531581435,43.3605177966091,3.48007177247808,24.8023642814262,48.5784423422825,81.4898348450109,36.8205506427906,8.32092345389472,16.450816996506,6.83176662164751,39.1594261829291,21.1310782176006,0,0,30.0759148354406,19.2641424276034,20.3933368422446,6.12644087238846,69.0656097706096,0,32.3450266516279,11.4684004607588,0,18.1866678841485,28.1351738004601,11.8268179470396,6.53258858933998,11.1662131339494,16.8189223231358,1.36407928194394,0,33.6850863241396,3.31532217451128,14.699070785367,0,19.9909064021527,13.0432772673037,20.1555884139849,8.48703532640965,28.558255667066,46.2627176605901,24.7260012895454,15.7820446091897,6.72734341737589,38.6392450040444,16.4240604170744,14.027665325569,20.5076041702014,0,0,7.7717548769805,26.2845953668263,22.233813337549,9.39608216303757,0,68.8567176448916,11.1021112490207,8.66129898952573,0.886959275291439,14.0990451457988,37.8488588470892,23.9409265526046,9.45247127259538,0
L1PA3_dup6160,chrX,7587593,7593752,-,6160,0,25.2936353813553,0,0,0,2.37349033529158,0,3.02579034687081,1.02817606228163,0,0,4.93058491744014,0,20.1042637189589,3.69353340084359,0,0,0,0,0,0,0,0,0,41.2213011495113,6.57045441502203,2.79968082400285,5.25468853362325,10.7029505692682,0,0,10.3646419458891,0,19.1087920209771,0,2.22121182246141,0.318128713836675,0,0,0,0,0,8.90269183082498,1.68183585434397,0,17.1083962677858,0,0,0,0,0,0,0,0,0,0,0,0,0,0,0,0,0,0
L1PA3_dup6317,chrX,46655358,46661385,+,6028,20.6219316947916,7.22675296610152,18.5603827865498,5.22155037503709,89.5665030685833,22.1525764627214,0,13.6160565609186,3.08452818684488,2.27725554054917,0,11.2699083827203,0,0,10.0253049451469,53.9395987972896,0.971111278202122,8.75205838912637,0,0,24.2587699887209,3.73969580242135,8.38257964510692,12.2760008218002,27.4808674330075,17.7402269205595,29.863262122697,15.1072295341668,6.11597175386757,10.9126342555516,28.5486983380936,16.0651950161281,16.5766108725564,19.1087920209771,26.2683836374278,12.2166650235377,52.1731090692146,18.5338744036643,27.3471138295422,29.9513413093619,23.131358830295,10.5968576955195,13.3540377462375,5.04550756303192,16.158229728964,0,30.7272669036274,27.7455821126254,22.6334508496326,0,31.087019507922,15.0197687810436,98.4640304948596,9.39608216303757,0,20.1624642827583,0,13.2198774050656,0,17.6238064322485,10.2732616870671,0,1.51239540361526,69.1415553528609
L1PA3_dup6347,chrX,51644759,51650770,+,6012,0,0,3.48007177247808,3.26346898439818,0,1.58232689019439,1.93792371804161,6.80802828045932,8.225408498253,0,63.6340675472597,6.33932346528018,0,0,1.58294288607582,0,0,0,0,0,0,0.249313053494757,8.38257964510692,7.7293338507631,12.4318209815986,14.4549997130485,11.1987232960114,4.59785246692034,1.52899293846689,0,0,10.3646419458891,6.63064434902256,0,0,3.33181773369211,7.63508913208019,4.86514203096187,26.8756118669639,5.57234256918361,14.044039289822,0,0,8.40917927171986,14.0506345469252,41.060151042686,7.34782469434568,6.03164828535336,18.8612090413605,0,41.449359343896,0,0,5.36918980745004,0,7.22805323344166,30.1343019616277,5.47029409864783,7.98263347762295,0,38.389556830619,0,2.64669195632671,0
L1PA3_dup638,chr1,205400698,205406859,-,6162,0,0,0,0,0,5.53814411568035,0,0,4.1127042491265,0,0,14.0873854784004,0,0,0,0,0,0,0,2.66143495427964,0,0,1.67651592902138,0,0,0,0,5.91152460032615,6.88046822310101,0,0,0,0,0,0,0,3.49941585220342,0.463346860091607,0.943003925156628,0,0,0,1.21400343147613,5.8864254902039,0.702531727346261,0,0,0,0,0,15.543509753961,0,0,0.671148725931255,0,28.531789079375,0,5.01443625709384,0,0,0,0,1.13429655271145,1.06371623619786
L1PA3_dup6385,chrX,56129154,56135710,+,6557,31.8702580737688,234.869471398299,12.760263165753,6.52693796879636,444.796362696524,28.481884023499,65.8894064134148,4.53868552030621,16.450816996506,17.0794165541188,332.855122554897,23.9485553132807,776.096360039716,23.2786211482682,5.80412391561135,119.437683051141,55.3533428575209,24.9433664090101,28.4387804937804,0,137.466363269419,6.23282633736892,97.2379238832403,13.6400009131113,17.0119655537666,36.7945447241234,9.33226941334283,22.9892623346017,23.3171423116201,34.1019820485986,4.28230475071404,3.10939258376673,116.036276107895,95.5439601048853,59.8335405074744,15.5484827572298,14.9520495503237,28.0324850355422,8.48703532640965,5.57234256918361,31.3925584125433,20.1844908486085,10.1166952623011,6.72734341737589,58.3101333697397,1.36867170142287,10.019760946835,9.65063725656537,33.9501762744488,0,72.536378851818,8.76153178894209,76.2302171573107,1.34229745186251,712.707860298672,21.3037358459333,38.8573893715726,30.0866175425631,26.6087782587432,16.448886003432,57.8546842376935,58.1422501991825,3.40288965813434,92.5433125492139
L1PA3_dup6387,chrX,56183881,56190030,+,6150,11.2483263789772,0,8.12016746911552,6.52693796879636,1.51807632319633,4.74698067058316,5.81377115412483,1.5128951734354,0,14.8021610135696,0,5.63495419136016,0,22.2205020051651,0,25.0433851558845,27.1911157896594,0,0,0,2.69541888763566,12.4656526747378,3.35303185804277,0,0,0,0.933226941334283,4.59785246692034,5.35147528463412,10.9126342555516,0,0,0,22.0486061780505,51.0774126283318,0,0,0,41.9636746694699,0,0,8.07379633944341,0,0,0,0,0,0,0,0,20.724679671948,15.0197687810436,0,1.34229745186251,0,0,0,0,1.77391855058288,0,24.331409258843,0,0,1.06371623619786
L1PA3_dup6434,chrX,64131879,64137907,-,6029,0,21.6802588983046,3.48007177247808,0,1.51807632319633,1.58232689019439,46.5101692329987,8.32092345389472,3.08452818684488,0,78.3188523658581,2.11310782176006,0,0,3.16588577215165,1.92641424276034,0,26.6937780868354,0,50.5672641313132,0,0.249313053494757,23.4712230062994,5.00133366814083,27.4808674330075,11.1697725055374,13.9984041200142,9.19570493384068,3.82248234616723,10.9126342555516,7.1371745845234,9.84640984859466,23.207255221579,24.9884203351238,0,4.44242364492281,7.95321784591687,1.85338744036643,0.471501962578314,26.4686272036222,7.4350796240234,7.06457179701298,15.7820446091897,0.840917927171986,0.702531727346261,0,1.66996015780584,0,1.88612090413605,0,0,0,0,6.71148725931255,0,14.836530321275,0,0,6.20871492704007,19.9736472898817,0.540697983529845,15.3905956409601,0.378098850903815,21.2743247239572
L1PA3_dup6436,chrX,64252346,64258375,-,6030,9.37360531581435,7.22675296610152,3.48007177247808,7.179631765676,16.6988395551596,7.12047100587474,5.81377115412483,5.29513310702392,6.16905637368975,12.5249054730204,0,1.40873854784004,0,25.3948594344744,3.69353340084359,19.2641424276034,32.04667218067,3.93842627510687,40.6268292768292,0,5.39083777527132,3.4903827489266,1.67651592902138,1.36400009131113,21.5921101259345,8.54159073952864,8.39904247200854,2.62734426681162,5.73372351925085,8.18447569166366,1.42743491690468,0,16.5766108725564,11.7592566282936,1.45935464652377,1.1106059112307,12.4070198396303,2.54840773050384,3.3005137380482,4.87579974803566,21.4791189138454,19.6798785773933,13.3540377462375,10.0910151260638,11.2405076375402,0.684335850711434,19.3715378305477,13.8727910563127,0,0,0,13.7681213826233,12.7050361928851,4.02689235558753,6.7876939076064,5.32593396148333,0,0,0,0,1.08139596705969,0,0,2.12743247239572
L1PA3_dup6457,chrX,65224383,65230547,+,6165,0,18.0668824152538,5.8001196207968,0,118.409953209313,8.70279789606913,11.6275423082497,6.05158069374162,5.14088031140813,9.10902216219668,0,18.3136011219205,0,48.6734805827426,2.11059051476776,25.0433851558845,30.1044496242658,0,40.6268292768292,0,32.3450266516279,19.6957312260858,57.0015415867271,6.36533375945196,15.7033528188614,14.4549997130485,5.5993616480057,9.19570493384068,3.05798587693378,5.45631712777578,7.1371745845234,27.4663011566061,13.2612886980451,89.6643317907385,0,3.33181773369211,12.0888911257936,6.25518261123669,31.590631492747,9.05505667492337,7.4350796240234,17.1568172213172,7.68868839934885,15.1365226890957,7.72784900080887,110.178071964541,34.7351712823614,23.5234283128781,26.4056926579047,0,0,13.7681213826233,28.5863314339915,6.04033853338129,0,16.7386495932333,0,0,8.86959275291439,16.448886003432,57.3139862541636,23.9409265526046,7.94007586898012,0
L1PA3_dup6523,chrX,69822697,69828728,-,6032,0,0,0,0,0,0,0,0,1.02817606228163,0,0,0,0,0,0.527647628691941,1.92641424276034,0,0.875205838912637,0,0,0,0,0,0,0,0,0,0,0,15.0048721013834,17.1292190028562,0,0,0,0,5.55302955615352,0,0,0,0,9.91343949869787,0.504612271215213,0,0.840917927171986,0,0,2.003952189367,0,0,0,0,3.75494219526089,0,0,0,0,0,0,0,0,0,0,6.42768046536486,0
L1PA3_dup6550,chrX,74872994,74879015,-,6022,11.2483263789772,0,1.16002392415936,11.0957945469538,0,11.8674516764579,27.1309320525826,0,3.08452818684488,4.55451108109834,0,38.0359407916811,52.51779879968,0,16.3570764894502,0,0,1.31280875836895,20.3134146384146,0,35.0404455392636,3.98900885591611,33.5303185804277,1.81866678841485,20.9378037584819,0,10.2654963546771,7.22519673373196,1.91124117308362,0,0,0,19.8919330470677,0,0,5.55302955615352,3.8175445660401,1.85338744036643,5.18652158836145,2.08962846344386,5.78283970757376,9.58763315308905,1.61867124196818,13.4546868347518,51.2848160962771,31.479449132726,0,7.23797794242403,15.0889672330884,0,2.5905849589935,5.00658959368119,25.4100723857702,4.69804108151878,0,10.271444068575,34.8923496397795,0,0,0,0,0,0,25.5291896687487
L1PA3_dup6573,chrX,76068804,76074837,+,6034,16.8724895684658,10.8401294491523,2.32004784831872,0,37.9519080799082,9.49396134116632,0,3.78223793358851,1.02817606228163,13.663533243295,63.6340675472597,9.15680056096027,0,0,21.1059051476776,0,5.82666766921273,5.68883795293214,12.1880487830488,0,0,0,18.4416752192352,2.72800018262227,19.6291910235768,17.0831814790573,2.79968082400285,0,0,4.09223784583183,12.8469142521421,9.84640984859466,13.2612886980451,0,0,14.4378768459991,11.4526336981203,0,3.3005137380482,2.08962846344386,7.4350796240234,8.07379633944341,14.1633733672216,15.1365226890957,19.6708883656953,17.1083962677858,14.3616573571302,5.42848345681802,11.3167254248163,0,0,5.00658959368119,22.233813337549,0.671148725931255,0,7.98890094222499,31.720317854345,10.4847303557417,16.8522262305373,0,0.540697983529845,0,0.378098850903815,0
L1PA3_dup6584,chrX,76660278,76666402,-,6125,0,0,0,0,0,20.570249572527,0,3.02579034687081,0,0,0,11.9742776566403,0,0,2.11059051476776,0,0,3.93842627510687,0,0,0,1.99450442795805,0,4.54666697103712,0,0,8.39904247200854,5.91152460032615,0,10.9126342555516,1.42743491690468,0,16.5766108725564,0,0,0,3.8175445660401,0,0,3.48271410573976,0.826119958224823,1.00922454243043,6.07001715738067,0,0,1.36867170142287,0,3.61898897121201,0,0,0,13.7681213826233,25.4100723857702,2.68459490372502,0,23.966702826675,0,0,0,0,0.540697983529845,0,0,29.7840546135401
L1PA3_dup6692,chrX,85788749,85795179,-,6431,9.37360531581435,21.6802588983046,8.12016746911552,7.179631765676,60.7230529278531,5.53814411568035,5.81377115412483,9.07737104061243,9.25358456053463,4.55451108109834,4.89492827286613,6.33932346528018,23.3412439109689,7.40683400172171,17.940019375526,3.85282848552069,1.94222255640424,3.06322043619423,34.5328048853048,0,29.6496077639922,9.224582979306,1.67651592902138,9.54800063917794,0,8.54159073952864,3.73290776533713,13.1367213340581,8.79170939618463,8.18447569166366,11.4194793352374,16.5834271134226,0,4.40972123561009,0,2.22121182246141,4.77193070755012,9.49861063187794,24.9896040166506,7.66197103262747,24.7835987467447,17.1568172213172,9.30735964131703,4.20458963585993,27.3987373665042,1.36867170142287,14.6956493886914,2.41265931414134,28.2918135620407,0,0,10.0131791873624,0,2.01344617779376,6.7876939076064,16.7386495932333,33.3063337470622,9.11715683107972,8.86959275291439,1.17492042881657,32.4418790117907,22.2308603702757,1.51239540361526,0
L1PA3_dup6730,chrX,92215062,92221212,+,6151,0,0,4.64009569663744,1.95808139063891,44.0242133726935,13.4497785666523,0,4.53868552030621,3.08452818684488,0,0,0,0,0,0,0,0,0,0,0,0,7.72870465833746,5.02954778706415,0,0,0,0,0,0,0,15.7017840859515,5.18232097294456,43.0991882686467,13.2291637068303,7.29677323261883,0,0,0,7.54403140125302,2.78617128459181,3.30447983289929,0,0,8.40917927171986,5.62025381877009,12.3180453128058,5.34387250497868,4.82531862828269,0,0,0,11.2648265857827,0,0,0,0,7.13707151722762,0.455857841553986,0,0,0,0,3.02479080723052,0
L1PA3_dup683,chr1,223366543,223372687,-,6145,0,0,9.28019139327488,15.6646511251113,0,8.70279789606913,3.87584743608322,6.05158069374162,0,0,0,26.0616631350408,0,0,0,0,0,0,0,0,0,0.249313053494757,0,0,0,0,0,0,0.764496469233446,0,1.42743491690468,0,0,0,0,0,21.3146238270572,43.3229314185653,2.82901177546988,11.1446851383672,54.5239172428383,8.57840861065862,60.7001715738067,54.6596652661791,0.702531727346261,8.21203020853721,28.0553306511381,6.03164828535336,0,0,0,0,0,0,20.3630817228192,0,0.793007946358625,0,0,1.17492042881657,0,0,0,0
L1PA3_dup6871,chrX,112502040,112508065,+,6026,0,0,0,0,0,0.791163445097193,0,1.5128951734354,1.02817606228163,0,0,0,0,1.0581191431031,0.527647628691941,0,0,0,0,0,0,0,1.67651592902138,0,0,0,0,0.656836066702906,0.382248234616723,0,0,1.03646419458891,3.31532217451128,0,0,0,0,0.231673430045803,0,0,0.826119958224823,0,0,0,0,0,6.67984063122335,0,13.2028463289523,0,12.9529247949675,0,0,0,0,14.4561064668833,0.793007946358625,0,0,0,0,0,0,0
L1PA3_dup6884,chrX,114700577,114706720,+,6144,5.62416318948861,0,6.96014354495616,6.52693796879636,63.7592055742457,3.16465378038877,23.2550846164993,7.56447586717702,0,1.13862777027459,112.583350275921,45.7840028048013,0,0,9.49765731645494,13.4848996993224,0,5.68883795293214,0,0,0,0.249313053494757,3.35303185804277,0,0,0,0,0,0,1.36407928194394,0,5.70055307023901,53.0451547921805,0,0,24.4333300470755,35.3122872358709,32.4342802064125,32.5336354179037,16.0204848864029,52.8716773263886,48.9473903078757,41.2761166701886,36.1594708683954,61.822792006471,11.6337094620944,13.0256892308855,17.4917800275247,20.7473299454965,0,0,0,0,0.671148725931255,0,8.36932479661666,0,7.29372546486377,0,0,0,1.7100661823289,0,0
L1PA3_dup6929,chrX,121877357,121883520,+,6164,5.62416318948861,36.1337648305076,4.64009569663744,9.79040695319454,0,0,9.68961859020805,14.3725041476363,21.5916973079141,10.2476499324713,0,0,52.51779879968,0,1.05529525738388,21.1905566703638,1.94222255640424,6.56404379184477,0,367.278023690591,18.8679322134496,10.9697743537693,16.7651592902138,6.82000045655567,0,1.31409088300441,25.1971274160256,52.5468853362325,9.17395763080135,9.54855497360761,0,24.3569085728394,19.8919330470677,0,0,2.22121182246141,4.77193070755012,12.0470183623818,0,2.08962846344386,40.4798779530163,17.6614294925325,2.42800686295227,4.20458963585993,11.9430393648864,0,3.00592828405051,0.603164828535336,0,0,0,0,0,0,0,8.36932479661666,0,0,3.54783710116576,0,0,27.3610589172624,9.45247127259538,0
L1PA3_dup6966,chrX,124751494,124757642,-,6149,13.1230474421401,7.22675296610152,0,0,0,0,11.6275423082497,0,0,2.27725554054917,0,14.7917547523204,0,7.40683400172171,3.69353340084359,0,0,0,0,0,13.4770944381783,0,0,0,0,0,0,2.62734426681162,0,21.8252685111031,0,0,16.5766108725564,1.4699070785367,24.809028990904,0,2.86315842453007,0,10.8445451393012,2.78617128459181,0,0,0.404667810492045,0,8.43038072815514,0.684335850711434,0,0.603164828535336,0,357.41065831904,0,0,25.4100723857702,0,0,0,0,0,8.86959275291439,4.69968171526627,0,0,0,0
L1PA3_dup7237,chrY,13909275,13915419,+,6145,0,0,0,9.79040695319454,0,23.7349033529158,0,0,10.2817606228163,0,0,35.922832969921,29.1765548887111,35.9760508655054,10.5529525738388,0,0,0,0,0,13.4770944381783,2.49313053494757,10.0590955741283,7.27466715365938,43.1842202518689,3.28522720751101,0,21.6755902011959,0,0,0,0,0,30.8680486492706,0,9.99545320107633,0,0,8.48703532640965,40.3994836265812,33.0447983289929,0,0,0,30.9113960032355,0,0,30.7614062553021,0,0,0,11.2648265857827,0,0,0,16.7386495932333,0,10.9405881972957,0,0,24.331409258843,0,0,15.9557435429679
L1PA3_dup7288,chrY,16985043,16991073,+,6031,14.997768505303,25.2936353813553,0,0,33.3976791103192,0,0,0,2.05635212456325,0,0,0,0,19.0461445758558,0,0,0,0,2.03134146384146,0,0,0,0,0,0,0,0,0,0,6.82039640971972,0,0,0,0,0,0,3.18128713836675,0,0,0,0,0,0,0,2.10759518203878,0,0,0,0,0,0,12.516473984203,0,0,0,0,0,0,0,0,0,0,0.378098850903815,0
L1PA3_dup7316,chrY,20380426,20386697,-,6272,0,0,0,0,0,0,0,0,0,0,0,10.5655391088003,0,0,3.16588577215165,0,0,0,0,0,0,0,0,14.5493343073188,0,12.4838633885419,0,0,0,0,0,0,0,0,0,0,0,6.02350918119089,0,1.3930856422959,6.60895966579858,0,0,0,0,0,0,0,0,0,0,17.5230635778842,0,0,0,10.271444068575,0,0,0,0,0,0,0,0
L1PA3_dup7432,chr10,18627419,18633448,+,6030,0,0,0,5.22155037503709,3.03615264639265,5.53814411568035,23.2550846164993,0,1.02817606228163,3.41588331082376,0,14.0873854784004,0,0,2.6382381434597,13.4848996993224,0,7.43924963075741,0,0,0,1.7451913744633,0,8.63866724497052,0,9.19863618103084,4.66613470667141,9.85254100054359,4.9692270500174,0,0,4.14585677835565,36.4685439196241,0,14.5935464652377,1.1106059112307,4.13567327987677,4.17012174082446,11.3160471018795,4.87579974803566,2.47835987467447,4.54151044093692,0,0,0,0,0,10.856966913636,0,0,0,0,3.17625904822128,12.0806770667626,0,14.4561064668833,0,0,5.32175565174863,0,0,0,8.69627357078775,0
L1PA3_dup7470,chr10,31469211,31475223,+,6013,33.7449791369317,7.22675296610152,9.28019139327488,0,15.1807632319633,8.70279789606913,13.5654660262913,5.29513310702392,8.225408498253,15.9407887838442,137.057991640252,11.9742776566403,2.91765548887111,30.6854551499899,11.0806002025308,53.9395987972896,0,17.0665138587964,0,0,40.4312833145349,2.24381748145281,40.2363822965132,8.18400054786681,86.3684405037379,17.0831814790573,5.5993616480057,4.59785246692034,15.6721776192856,31.3738234847107,15.7017840859515,17.6198913080115,26.5225773960902,32.3379557278073,110.910953135806,1.1106059112307,7.31696041824352,6.02350918119089,30.1761256050121,8.35851385377542,19.8268789973957,1.51383681364564,4.45134591541249,5.04550756303192,44.9620305501607,64.3275699668748,4.67588844185634,11.4601317421714,13.2028463289523,0,28.4964345489285,27.5362427652466,60.3489219162043,14.0941232445564,0,10.6518679229667,47.5804767815175,0,16.8522262305373,8.22444300171598,25.9535032094326,54.7221178345247,28.3574138177861,135.091961997128
L1PA3_dup7472,chr10,32558678,32564814,+,6137,18.7472106316287,0,3.48007177247808,17.6227325157502,0,2.37349033529158,40.6963980788738,6.80802828045932,0,3.41588331082376,0,19.0179703958406,0,1.0581191431031,5.80412391561135,0,16.5088917294361,7.87685255021373,0,0,0,0,10.0590955741283,3.63733357682969,18.9748846561242,16.4261360375551,5.5993616480057,6.56836066702906,10.3207023346515,0,5.70973966761872,1.03646419458891,13.2612886980451,0,49.6180579818081,9.99545320107633,8.27134655975354,10.656977782107,24.046600091494,7.66197103262747,24.7835987467447,8.57840861065862,9.71202745180907,2.52275378151596,14.7531662742715,0,19.7055298621089,6.63481311388869,0,0,0,0,9.52877714466384,5.36918980745004,271.507756304256,34.23814689525,7.93007946358625,15.9550244543895,10.6435113034973,15.2739655746154,68.1279459247605,46.1717869228802,4.53718621084578,0
L1PA3_dup748,chr1,248067513,248073636,+,6124,11.2483263789772,25.2936353813553,5.8001196207968,0,24.2892211711412,23.7349033529158,0,0,5.14088031140813,10.2476499324713,68.5289958201259,33.105355874241,0,61.3709102999798,0,0,0,14.0032934226022,0,484.381161678895,2.69541888763566,4.98626106989514,21.794707077278,0,35.9868502098908,28.2529539845947,0.933226941334283,4.59785246692034,4.9692270500174,6.82039640971972,31.403568171903,12.4375703350669,29.8378995706015,0,0,0,2.5450297106934,0.463346860091607,0.471501962578314,3.48271410573976,0,6.55995952579777,2.42800686295227,1.68183585434397,73.0632996440112,11.6337094620944,6.01185656810101,10.856966913636,0,0,0,5.00658959368119,0,6.04033853338129,0,11.41271563175,0,10.0288725141877,0,9.39936343053255,20.5465233741341,6.84026472931559,7.18387816717249,0
L1PA3_dup7550,chr10,52730356,52736527,-,6172,14.997768505303,18.0668824152538,0,0.652693796879636,0,4.74698067058316,0,0,7.19723243597138,0,34.2644979100629,20.4267089436806,145.882774443556,33.8598125792992,1.05529525738388,3.85282848552069,10.6822240602233,9.18966130858268,0,0,72.7763099661628,0,0,0.909333394207423,0,0,0,0,0,6.82039640971972,0,0,0,67.6157256126881,21.8903196978565,1.1106059112307,11.4526336981203,0,1.41450588773494,0,0,0,0.404667810492045,1.68183585434397,7.72784900080887,0,3.00592828405051,3.01582414267668,0,0,7.7717548769805,21.2780057731451,95.2877714466384,3.35574362965627,0,4.5650862527,0,0,8.86959275291439,0,14.5988455553058,18.8107280056179,18.9049425451908,0
L1PA3_dup7605,chr10,64120284,64126312,+,6029,14.997768505303,0,0,0,0,0,23.2550846164993,1.5128951734354,18.5071691210693,2.27725554054917,141.952919913118,11.9742776566403,0,7.40683400172171,0,0,0,1.75041167782527,0,279.450670199362,2.69541888763566,7.23007855134795,10.0590955741283,1.81866678841485,16.357659186314,0,0,2.62734426681162,18.3479152616027,9.54855497360761,9.99204441833276,0,0,0,0,7.77424137861492,2.5450297106934,5.09681546100768,16.502568690241,3.48271410573976,18.1746390809461,0,5.66534934688862,14.2956047619238,84.3038072815514,29.4264415805917,9.35177688371269,53.0785049111095,18.8612090413605,0,0,0,0,1.34229745186251,0,0,0,0,0,0,0,0,4.9152850617496,0
L1PA3_dup761,chr2,42989476,42995502,+,6027,39.3691423264203,0,23.2004784831872,57.437054125408,116.891876886117,100.477757527344,40.6963980788738,26.4756655351196,225.170557639676,52.3768774326309,0,54.9408033657616,192.565262265493,30.6854551499899,107.640116253156,36.6018706124465,4.85555639101061,94.5222306025648,127.974512222012,0,48.5175399774418,107.703239109735,58.6780575157485,126.397341794832,15.7033528188614,79.5024984217665,222.108012037559,179.973082276596,68.8046822310101,35.4660613305425,18.5566539197608,170.498360009876,66.3064434902256,16.1689778639037,0,52.198477827843,28.9497129591374,24.789057014901,23.1035961663374,43.185654911173,68.5679565326603,64.085758444332,41.6807844806806,21.8638661064716,12.6455710922327,10.2650377606715,25.7173864302099,6.63481311388869,32.0640553703128,0,59.5834540568505,10.0131791873624,0,126.175960475076,0,261.731611821466,52.3385244596692,46.4974998385065,148.12219897367,59.920941869645,10.2732616870671,71.8227796578137,109.270567911203,69.1415553528609
L1PA3_dup7637,chr10,74216881,74223021,+,6141,26.2460948842802,3.61337648305076,3.48007177247808,1.95808139063891,0,0,13.5654660262913,3.02579034687081,5.14088031140813,4.55451108109834,0,7.04369273920021,0,23.2786211482682,0,19.2641424276034,0.971111278202122,7.43924963075741,26.407439029939,0,29.6496077639922,12.2163396212431,0,14.0946676102151,0,0,6.53258858933998,6.56836066702906,3.82248234616723,19.0971099472152,0,0,62.9911213157143,0,0,13.3272709347684,3.8175445660401,0.926693720183214,8.48703532640965,6.96542821147952,9.91343949869787,13.1199190515955,10.9260308832852,1.68183585434397,33.7215229126205,12.3180453128058,0.333992031561167,15.0791207133834,0,0,0,0,15.8812952411064,1.34229745186251,0,11.41271563175,0,0,7.09567420233151,0,4.86628185176861,0,3.40288965813434,0
L1PA3_dup7792,chr10,120910960,120916983,+,6024,0,0,3.48007177247808,0,0,11.0762882313607,0,3.02579034687081,0,2.27725554054917,0,2.81747709568008,0,1.0581191431031,0,0,0,14.0032934226022,0,0,5.39083777527132,0.997252213979027,1.67651592902138,2.27333348551856,1.30861273490512,1.31409088300441,0,0,0,5.45631712777578,0,0,16.5766108725564,0,16.0529011117614,1.1106059112307,0.636257427673349,14.5954260928856,0,8.35851385377542,2.47835987467447,5.55073498336734,0.404667810492045,0,2.10759518203878,0.684335850711434,8.68379282059035,2.41265931414134,0,0,0,0,0,4.69804108151878,0,4.94551010709166,26.1692622298346,2.73514704932391,0,0,1.62209395058954,0,0,1.06371623619786
L1PA3_dup7821,chr11,19135061,19141079,+,6019,13.1230474421401,14.453505932203,13.9202870899123,18.9281201095095,4.55422896958898,15.0321054568467,42.6343217969154,7.56447586717702,3.08452818684488,3.41588331082376,205.586987460378,40.1490486134412,0,39.1504082948147,18.9953146329099,15.4113139420828,0,8.75205838912637,10.1567073192073,2.66143495427964,67.3854721908914,14.7094701561907,38.5598663674918,20.9146680667707,0,0.657045441502203,21.4642196506885,1.31367213340581,0,15.0048721013834,15.7017840859515,3.62762468106119,49.7298326176692,2.93981415707339,0,0,21.6327525408939,19.2288946938017,2.35750981289157,16.7170277075508,31.3925584125433,10.0922454243043,10.9260308832852,10.9319330532358,29.506332548543,44.4818302962432,0.333992031561167,9.04747242803004,11.3167254248163,0,2.5905849589935,25.032947968406,12.7050361928851,6.71148725931255,0,43.7487432550416,0,0.455857841553986,3.54783710116576,29.3730107204142,42.7151406988578,10.2603970939734,15.5020528870564,0
L1PA3_dup7840,chr11,6948756,6954881,-,6126,14.997768505303,0,1.16002392415936,0,0,37.1846819195681,0,0,4.1127042491265,9.10902216219668,0,0,0,0,11.0806002025308,13.4848996993224,0.971111278202122,6.12644087238846,0,0,0,0,0,24.0973349464967,0,0.657045441502203,23.3306735333571,9.85254100054359,8.79170939618463,6.82039640971972,5.70973966761872,9.84640984859466,3.31532217451128,0,0,1.1106059112307,6.36257427673349,4.17012174082446,0,29.9513413093619,9.91343949869787,9.08302088187383,12.9493699357454,5.8864254902039,0.702531727346261,0,6.01185656810101,0,0,0,0,0,0,0,0,9.89102021418333,0,0,0,22.3234881475148,0,0,0,0
L1PA3_dup7862,chr11,14661316,14667447,+,6132,3.74944212632574,10.8401294491523,1.16002392415936,0,0,0.791163445097193,32.9447032067074,3.02579034687081,13.3662888096611,7.9703943919221,0,29.5835095046409,0,10.581191431031,1.58294288607582,36.6018706124465,0,10.940072986408,8.12536585536583,0,24.2587699887209,6.98076549785319,80.4727645930265,6.36533375945196,0,21.6824995695727,8.39904247200854,1.97050820010872,6.88046822310101,0,19.9840888366655,0,72.9370878392482,29.3981415707339,42.3212847491892,2.22121182246141,14.633920836487,3.93844831077866,0.471501962578314,6.26888539033157,2.47835987467447,15.6429804076716,0.404667810492045,14.2956047619238,25.9936739118117,57.4842114597604,4.34189641029518,9.65063725656537,0,0,0,23.7813005699857,63.5251809644256,10.7383796149001,0,20.54288813715,0,4.55857841553986,12.4174298540801,14.0990451457988,104.35471082126,68.4026472931559,17.0144482906717,35.1026357945294
L1PA3_dup7864,chr11,14844352,14850498,+,6147,46.8680265790717,86.7210355932182,55.6811483596493,80.9340308130749,86.5303504221906,90.19263274108,87.2065673118725,44.6304076163444,130.578359909766,52.3768774326309,0,51.4189569961615,0,39.1504082948147,139.298973974672,82.8358124386948,51.4688977447124,203.047754627732,34.5328048853048,130.410312759703,67.3854721908914,51.3584890199199,45.2659300835774,97.2986731801943,88.9856659735481,68.9897713577313,236.106416157574,71.5951312706167,92.8863210118637,40.9223784583183,49.9602220916638,35.239782616023,66.3064434902256,0,2.91870929304753,13.3272709347684,40.7204753710944,13.6687323727024,22.6320942037591,22.9859130978824,43.7843577859156,24.7260012895454,29.9454179764113,21.0229481792997,21.0759518203878,28.0577698791688,3.00592828405051,21.1107689987368,16.9750881372244,0,12.9529247949675,162.714161794639,31.7625904822128,1161.08729586107,0,382.325973663625,17.4461748198897,181.88727878004,60.3132307198179,129.241247169823,71.9128318094695,51.3019854698669,987.972297411669,263.801626577069
L1PA3_dup7893,chr11,22646926,22652945,-,6020,0,3.61337648305076,0,0,34.9157554335155,1.58232689019439,0,0,0,6.83176662164751,0,0,0,10.581191431031,0,0,5.82666766921273,5.68883795293214,0,0,0,0,0,2.27333348551856,0,1.31409088300441,0,0,0,0,1.42743491690468,0,16.5766108725564,0,0,7.77424137861492,0.636257427673349,4.86514203096187,2.82901177546988,3.48271410573976,0,0.504612271215213,7.68868839934885,0,0,0.684335850711434,0,1.20632965707067,0,0,2.5905849589935,0,0,0,67.876939076064,15.5973780300583,0,0,0,0,0.540697983529845,1.7100661823289,1.13429655271145,5.3185811809893
L1PA3_dup7947,chr11,30051208,30057234,-,6027,1.87472106316287,32.5203883474568,4.64009569663744,0,1.51807632319633,0,25.1930083345409,9.07737104061243,1.02817606228163,0,0,0,0,3.1743574293093,8.44236205907105,0,0,5.25123503347582,0,130.410312759703,21.5633511010853,0,0,5.00133366814083,0,0,20.5309927093542,1.31367213340581,13.3786882115853,2.72815856388789,0,7.77348145941683,36.4685439196241,0,0,17.7696945796913,9.86199012893691,2.31673430045803,1.88600785031326,0,27.2619586214191,7.56918406822819,5.26068153639658,0.840917927171986,11.2405076375402,0,2.67193625248934,0,11.3167254248163,0,0,10.0131791873624,19.0575542893277,3.35574362965627,0,3.80423854391666,0,0,0,0,0,0,0.378098850903815,0
L1PA3_dup7951,chr11,31544011,31550144,+,6134,11.2483263789772,57.8140237288121,5.8001196207968,6.52693796879636,37.9519080799082,0,21.3171608984577,2.26934276015311,2.05635212456325,9.10902216219668,29.3695696371968,11.9742776566403,0,38.0922891517116,18.4676670042179,25.0433851558845,0,0,0,0,13.4770944381783,6.48213939086368,78.7962486640051,5.91066706234825,0,0,0,0,0.764496469233446,8.18447569166366,5.70973966761872,0,29.8378995706015,19.1087920209771,1.45935464652377,0,7.31696041824352,14.3637526628398,13.2020549521928,9.75159949607133,0,0,1.21400343147613,10.0910151260638,45.664562277507,69.1179209218548,0,8.4443075994947,0,0,31.087019507922,0,22.233813337549,6.71148725931255,0,0,0.793007946358625,0,48.7827601410291,0,14.5988455553058,0,2.64669195632671,0
L1PA3_dup7963,chr11,35702779,35708923,+,6145,5.62416318948861,21.6802588983046,4.64009569663744,0.652693796879636,0,2.37349033529158,9.68961859020805,6.05158069374162,1.02817606228163,1.13862777027459,0,5.63495419136016,58.3531097774223,8.46495314482481,11.0806002025308,30.8226278841655,0,0,0,0,59.2992155279845,4.73694801640038,0,0,0,11.1697725055374,0,0.656836066702906,3.05798587693378,5.45631712777578,0,0,19.8919330470677,0,40.8619301026655,0,7.95321784591687,0,8.48703532640965,3.48271410573976,0,5.55073498336734,5.26068153639658,1.68183585434397,16.158229728964,0,4.34189641029518,4.22215379974735,0,0,0,1.2516473984203,19.0575542893277,1.34229745186251,0,12.553987194925,36.4783655324967,0,1.77391855058288,0,68.6686439082904,37.6214560112357,5.29338391265341,0
L1PA3_dup8007,chr11,43095012,43101151,-,6140,1.87472106316287,79.4942826271167,6.96014354495616,28.718527062704,0,0,5.81377115412483,15.128951734354,0,3.41588331082376,0,47.1927413526414,0,15.8717871465465,14.2464859746824,0,14.5666691730318,14.8784992615148,52.8148780598779,0,207.547254347946,2.99175664193708,6.70606371608554,10.4573340333854,60.850492173088,3.28522720751101,22.3974465920228,5.91152460032615,1.91124117308362,42.2864577402623,38.5407427564264,10.8828740431836,19.8919330470677,36.7476769634174,43.780639395713,3.33181773369211,18.1333366886905,4.17012174082446,41.9636746694699,5.57234256918361,14.8701592480468,5.55073498336734,6.07001715738067,4.20458963585993,136.993686832521,69.8022567725663,12.3577051677632,68.7607904530283,0,0,7.7717548769805,2.5032947968406,120.697843832409,1.34229745186251,0,9.89102021418333,0,17.3225979790515,0.886959275291439,7.04952257289941,0,0,45.7499609593616,0
L1PA3_dup8117,chr11,63072956,63079111,-,6156,0,14.453505932203,1.16002392415936,0,0,4.74698067058316,0,6.05158069374162,0,6.83176662164751,0,16.2004933001605,0,17.9880254327527,3.69353340084359,0,0,0,0,0,0,0,0,0,0,0,9.33226941334283,0.656836066702906,0,1.36407928194394,0,0,0,0,0,1.1106059112307,9.86199012893691,15.290446383023,24.5181020540723,13.2343136018111,69.3940764908851,5.55073498336734,0,6.72734341737589,21.7784835477341,0,7.34782469434568,0,0,0,0,0,0,0,0,9.51059635979166,0,0,0,0,0,0,5.29338391265341,2.12743247239572
L1PA3_dup8173,chr11,86824479,86830636,-,6158,163.10073249517,46.9738942796599,84.6817464636333,105.083701297621,69.831510867031,320.421195264363,69.765253849498,81.6963393655118,258.072191632688,39.8519719596105,58.7391392743936,7.74806201312023,0,5.2905957155155,198.923156016862,102.099954866298,104.880018045829,191.670078721867,235.635609805609,154.363227348219,40.4312833145349,219.395487075386,75.4432168059623,571.061371562262,0,72.2749985652423,273.435493810945,236.460984013046,78.743136331045,68.2039640971972,229.817021621654,217.139248766377,414.41527181391,110.243030890252,37.9432208096179,73.2999901412264,141.56727765732,182.558662876093,80.6268356008917,246.576158686375,219.747908887803,78.214902038358,100.357617002027,55.5005831933511,166.500019381064,67.0649133697205,64.1264700597441,25.3329227984841,92.4199243026663,107.554133290452,64.7646239748375,36.2977745541886,123.87410288063,66.4437238671942,0,315.371375290691,35.6853575861381,59.2615194020182,48.7827601410291,24.6733290051479,0,32.491257464249,23.0640299051327,0
L1PA3_dup8310,chr11,127363162,127369219,+,6058,3.74944212632574,32.5203883474568,2.32004784831872,0,27.3253738175339,3.95581722548597,0,6.05158069374162,6.16905637368975,9.10902216219668,68.5289958201259,15.4961240262405,0,0,0.527647628691941,0,1.94222255640424,5.25123503347582,0,0,37.7358644268992,0,0,2.72800018262227,0,0.657045441502203,0,1.31367213340581,6.49821998848429,6.82039640971972,1.42743491690468,0,0,0,16.0529011117614,0,0.318128713836675,8.57191691169473,7.07252943867471,2.78617128459181,0.826119958224823,1.51383681364564,17.4007158511579,0.840917927171986,13.348102819579,11.6337094620944,3.33992031561167,3.61898897121201,0,0,0,0,3.17625904822128,0,0,0,26.1692622298346,0,0,0,0,0,0,14.89202730677
L1PA3_dup8313,chr11,129173932,129179956,+,6025,16.8724895684658,36.1337648305076,0,0,0,1.58232689019439,0,0,5.14088031140813,1.13862777027459,0,0,0,14.8136680034434,0,0,0,0,0,0,0,0.249313053494757,0,0,7.19737004197816,0,0,0,1.91124117308362,0,0,0,0,44.0972123561009,2.91870929304753,0,0,0.231673430045803,0,0,0,7.06457179701298,0,0,0,0,0,0,0,0,0,0,3.17625904822128,0,0,0.380423854391666,0,0,0,0,0,0,1.13429655271145,0
L1PA3_dup8328,chr12,43906482,43912505,+,6024,0,0,2.32004784831872,0,0,5.53814411568035,15.5033897443329,1.5128951734354,2.05635212456325,18.2180443243934,0,19.0179703958406,0,0,7.38706680168717,17.3377281848431,0,0,0,0,0,0,15.0886433611925,0,0,0,0,3.28418033351453,1.91124117308362,19.0971099472152,0,0,29.8378995706015,0,62.752249800522,0,0.636257427673349,0,0,6.26888539033157,2.47835987467447,0,0,0,11.9430393648864,31.479449132726,0,2.41265931414134,0,0,0,20.0263583747248,0,2.68459490372502,0,14.0756826124917,0,5.01443625709384,0,0,0,11.9704632763023,0,0
L1PA3_dup840,chr2,21903320,21909344,-,6025,13.1230474421401,32.5203883474568,0,0,0,0,0,0.756447586717702,0,0,0,4.22621564352012,0,1.0581191431031,0,0,0,2.18801459728159,0,0,0,0,0,7.7293338507631,0,0,0.933226941334283,1.97050820010872,0,0,0,0,3.31532217451128,0,0,6.66363546738422,0,0,0,0.696542821147952,7.4350796240234,6.05534725458256,0,0,9.1329124555014,0,0.333992031561167,0,0,0,0,0,0,0,0,0,0,0,0,4.69968171526627,0,0,0,0
L1PA3_dup8420,chr12,29406311,29412472,-,6162,3.74944212632574,0,23.2004784831872,26.1077518751854,48.5784423422825,29.2730474685962,21.3171608984577,99.8510814467367,39.0706903667018,7.9703943919221,0,34.514094422081,116.706219554845,21.162382862062,17.4123717468341,61.645255768331,10.6822240602233,39.821865670525,0,0,45.8221210898062,8.97526992581125,0,45.9213364074749,10.468901879241,22.9965904525771,66.2591128347341,53.8605574696383,41.6650575732228,13.6407928194394,0,4.14585677835565,36.4685439196241,14.699070785367,42.3212847491892,25.5439359583062,157.791842062991,180.241928575635,45.2641884075181,190.156190173391,514.672733974064,299.235076830621,147.703750829596,35.3185529412234,50.5822843689308,24.6360906256116,79.4901035115578,22.3170986558074,0,0,28.4964345489285,0,6.35251809644256,14.7652719704876,0,36.1402661672083,0,1.82343136621594,11.5304705787887,8.22444300171598,0,20.5207941879468,9.45247127259538,0
L1PA3_dup8506,chr12,41973168,41979337,-,6170,5.62416318948861,3.61337648305076,24.3605024073466,189.281201095095,33.3976791103192,62.5019121626783,0,9.83381862733013,37.0143382421385,11.3862777027459,0,1.40873854784004,0,0,12.6635430886066,19.2641424276034,0.971111278202122,32.8202189592239,36.5641463491463,0,0,71.80215940649,36.8833504384705,75.4746717192161,0.65430636745256,30.8811357506035,14.9316310613485,19.0482459343843,14.5254329154355,20.4611892291592,11.4194793352374,41.9767998808509,13.2612886980451,0,0,16.6590886684605,40.7204753710944,8.80359034174053,127.305529896145,44.5787405534689,50.3933174517142,15.6429804076716,15.7820446091897,10.0910151260638,54.7974747330084,3.42167925355717,17.7015776727419,21.7139338272721,0,0,0,3.75494219526089,19.0575542893277,74.4975085783693,0,29.67306064255,127.674279363739,12.7640195635116,22.173981882286,16.448886003432,28.6569931270818,0,46.1280598102654,0
L1PA3_dup8520,chr12,44681418,44687432,-,6015,20.6219316947916,97.5611650423705,10.4402153174342,3.26346898439818,0,7.91163445097193,3.87584743608322,2.26934276015311,3.08452818684488,6.83176662164751,39.1594261829291,0.70436927392002,0,0,15.3017812320663,34.6754563696862,0,3.93842627510687,2.03134146384146,0,0,3.4903827489266,72.0901849479195,20.460001369667,7.85167640943072,14.4549997130485,1.86645388266857,7.22519673373196,9.17395763080135,13.6407928194394,18.5566539197608,3.10939258376673,79.5677321882707,17.6388849424404,0,3.33181773369211,0,4.63346860091607,8.01553336383133,1.3930856422959,9.91343949869787,3.02767362729128,0,4.20458963585993,0,19.8457396706316,2.33794422092817,4.22215379974735,0,0,0,15.0197687810436,0,0.671148725931255,0,0,0,0,0,0,0,0,10.5867678253068,0
L1PA3_dup8522,chr12,45370847,45376865,+,6019,26.2460948842802,86.7210355932182,20.8804306348685,7.179631765676,145.735327026847,59.3372583822895,102.709957056205,7.56447586717702,1.02817606228163,29.6043220271392,205.586987460378,60.5757575571218,207.153539709849,29.6273360068868,53.292410497886,88.6150551669758,15.5377804512339,18.3793226171654,44.6895122045121,0,234.501443224302,13.7122179422116,45.2659300835774,9.54800063917794,26.1722546981024,51.2495444371718,25.1971274160256,22.3324262678988,3.82248234616723,39.5582991763744,17.1292190028562,13.9922666269503,26.5225773960902,60.2661902200046,271.439964253421,49.9772660053816,9.86199012893691,17.1438338233895,12.7305529896145,2.78617128459181,5.78283970757376,17.1568172213172,10.1166952623011,9.25009719889185,41.4493719134294,219.67180807837,16.031617514936,14.4759558848481,33.9501762744488,0,98.442228441753,25.032947968406,76.2302171573107,1.34229745186251,352.960083195533,34.9989946040333,64.2336436550486,9.5730146726337,15.9652669552459,21.1485677186982,103.2733148542,56.4321840168536,17.0144482906717,124.45479963515
L1PA3_dup8525,chr12,46617498,46623643,+,6146,11.2483263789772,0,0,0,0,0,0,3.78223793358851,5.14088031140813,9.10902216219668,97.8985654573226,7.74806201312023,55.4354542885511,53.9640762982581,21.1059051476776,77.0565697104138,0,7.00164671130109,0,2.66143495427964,8.08625666290697,0.249313053494757,51.9719937996629,5.00133366814083,13.7404337165038,0,0,5.91152460032615,0,2.72815856388789,0,6.21878516753347,0,13.2291637068303,0,13.3272709347684,6.04444556289682,1.85338744036643,4.71501962578314,9.05505667492337,15.6962792062716,2.01844908486085,4.45134591541249,3.36367170868794,14.7531662742715,28.0577698791688,13.6936732940079,0,0,0,7.7717548769805,0,9.52877714466384,6.71148725931255,0,18.2603450108,19.032190712607,5.01443625709384,6.20871492704007,15.2739655746154,22.7093153082535,0,9.07437242169156,0
L1PA3_dup8571,chr12,59751113,59757266,+,6154,5.62416318948861,97.5611650423705,6.96014354495616,0,0,0,27.1309320525826,0.756447586717702,4.1127042491265,7.9703943919221,53.8442110015275,0,0,8.46495314482481,4.74882865822747,25.0433851558845,0,2.62561751673791,0,0,0,20.4436703865701,53.6485097286843,4.0920002739334,0,0,7.46581553067426,0.656836066702906,9.17395763080135,19.0971099472152,22.8389586704749,0,9.94596652353384,0,48.1587033352843,0,2.5450297106934,5.09681546100768,5.65802355093977,6.96542821147952,0,6.55995952579777,0,5.04550756303192,9.1329124555014,21.8987472227659,2.33794422092817,3.01582414267668,1.88612090413605,0,0,0,95.2877714466384,0.671148725931255,0,23.5862789722833,0,0,3.54783710116576,23.4984085763314,13.5174495882461,11.9704632763023,16.2582505888641,123.391083398952
L1PA3_dup8663,chr12,77653965,77660122,+,6158,52.4921897685603,115.628047457624,40.6008373455776,1.95808139063891,138.144945410866,25.3172302431102,71.7031775675396,5.29513310702392,29.8171058061671,40.9905997298851,274.115983280503,19.0179703958406,35.0118658664534,85.7076505913512,30.0759148354406,96.3207121380172,0,21.8801459728159,26.407439029939,2.66143495427964,148.248038819961,47.120167110509,254.83042121125,7.7293338507631,96.1830360155263,67.0186350332247,44.7948931840456,28.9007869349279,21.7881493731532,31.3738234847107,28.5486983380936,28.5027653511951,39.7838660941354,1.4699070785367,103.614179903187,13.3272709347684,13.679534694977,9.03526377178634,18.3885765405542,7.66197103262747,33.0447983289929,28.7628994592671,7.2840205888568,29.4321274510195,99.0569735558229,107.440728561695,32.3972270614332,47.6500214542915,73.5587152613058,0,33.6776044669155,1.2516473984203,63.5251809644256,4.69804108151878,0,27.3905175162,80.0938025822211,0,32.8174931857832,0,185.459408350737,35.9113898289068,0,15.9557435429679
L1PA3_dup872,chr2,33170014,33176199,+,6186,22.4966527579544,57.8140237288121,49.8810287388525,22.8442828907873,56.1688239582641,48.2609701509288,29.0688557706242,22.6934276015311,32.901633993012,44.4064830407088,39.1594261829291,28.1747709568008,166.306362865653,56.0803145844643,48.0159342109666,44.3075275834879,1.94222255640424,24.9433664090101,52.8148780598779,15.9686097256779,88.9488232919767,10.4711482467798,36.8833504384705,33.1906688885709,50.3815902938471,37.4515901656256,39.1955315360399,32.8418033351453,10.7029505692682,21.8252685111031,54.2425268423779,61.6696195780402,43.0991882686467,16.1689778639037,21.8903196978565,29.986359603229,39.129831801911,79.000639645619,66.0102747609639,32.7375125939537,40.4798779530163,54.498125291243,18.6147192826341,31.1139633053635,39.3417767313906,50.6408529526461,30.3932748720662,15.0791207133834,0,236.619093238994,36.268189425909,8.76153178894209,152.460434314621,30.2016926669065,61.0892451684576,24.7275505354583,61.0616118696141,56.5263723526942,81.6002533268124,21.1485677186982,89.7558652659543,64.9825149284981,34.0288965813434,86.1610151320267
L1PA3_dup8872,chr13,25637152,25643226,+,6075,43.118584452746,93.9477885593197,18.5603827865498,5.22155037503709,133.590716441277,13.4497785666523,79.4548724397061,9.83381862733013,9.25358456053463,35.2974608785121,34.2644979100629,23.9485553132807,218.824161665333,55.0221954413612,75.9812585316395,11.5584854565621,0,7.43924963075741,107.661097583597,0,102.425917730155,32.6600100078131,98.9144398122617,25.4613350378078,0,51.2495444371718,6.53258858933998,16.4209016675726,41.2828093386061,46.3786955860941,67.08944109452,33.1668542268452,56.3604769666918,17.6388849424404,77.3457962657596,11.106059112307,5.40818813522347,7.64522319151151,50.4507099958796,0,10.7395594569227,10.0922454243043,13.3540377462375,14.2956047619238,61.1202602791247,60.9058907133176,5.34387250497868,33.1740655694435,75.4448361654419,4.96403692109777,2.5905849589935,18.7747109763045,0,4.69804108151878,1092.81871912463,14.0756826124917,0,12.7640195635116,6.20871492704007,0,20.5465233741341,25.6509927349335,18.1487448433831,25.5291896687487
L1PA3_dup8891,chr13,37250341,37256381,+,6041,35.6197002000945,7.22675296610152,4.64009569663744,0,60.7230529278531,0,17.4413134623745,0,0,17.0794165541188,141.952919913118,3.5218463696001,0,0,2.11059051476776,0,56.3244541357231,0,77.1909756259754,0,21.5633511010853,0,0,2.27333348551856,0,0.657045441502203,0,3.94101640021744,0,9.54855497360761,0,13.9922666269503,0,0,0,0,0,0.231673430045803,0.943003925156628,0,4.13059979112411,6.55995952579777,0.404667810492045,7.56826134454787,0.702531727346261,22.5830830734773,0,5.42848345681802,0,0,28.4964345489285,0,3.17625904822128,0,0,0,0,0,0,0,15.1395435388357,0,0,0
L1PA3_dup8896,chr13,37822275,37828299,-,6025,16.8724895684658,28.9070118644061,0,4.56885657815745,10.6265342623743,1.58232689019439,0,0.756447586717702,1.02817606228163,0,0,5.63495419136016,0,13.7555488603403,2.11059051476776,0,0,0,0,0,0,0.249313053494757,16.7651592902138,0,8.50598277688328,0,0,0,0,0,0,0,3.31532217451128,0,0,0,1.90877228302005,0.231673430045803,0,0,0,2.01844908486085,4.45134591541249,0,11.2405076375402,0,0,3.61898897121201,0,0,0,1.2516473984203,0,0,0,9.13017250539999,0,0,0,0,3.78488588470892,10.2603970939734,0,0
L1PA3_dup8903,chr13,40864572,40870598,-,6027,71.239400400189,68.6541531779644,109.04224887098,84.1974997974731,40.9880607263008,141.618256672398,187.978600650036,142.212146302928,140.860120532583,87.6743383111431,97.8985654573226,121.151515114244,0,180.93837347063,92.8659826497816,104.026369109059,149.551136843127,140.908140064935,197.040121992621,138.394617622541,239.892280999574,68.5610897110581,13.4121274321711,257.341350560701,293.129252618747,37.4515901656256,172.646984146842,137.278737940907,91.7395763080135,80.4806776346927,69.9443109283293,84.9900639562907,145.874175678496,91.1342388692752,96.3174066705686,119.945438412916,290.133387019047,216.38298366278,203.217345871253,289.761813597548,457.670456856552,305.795036356419,104.404295106948,148.842473109442,281.715222665851,143.02619279869,188.70549783206,171.901976132571,20.7473299454965,549.353419268154,145.072757703636,41.3043641478698,212.809356230826,115.437580860176,0,176.897092292125,210.940113731394,46.0416419969526,117.965583613761,44.6469762950296,207.628025675461,37.6214560112357,89.2313288133004,127.645948343743
L1PA3_dup9021,chr13,74235945,74241970,-,6026,0,36.1337648305076,33.6406938006214,0.652693796879636,320.314104194425,22.9437399078186,15.5033897443329,6.05158069374162,13.3662888096611,38.7133441893359,39.1594261829291,26.7660324089608,134.212152488071,25.3948594344744,77.5642014177153,52.0131845545293,18.4511142858403,36.3210423148744,81.2536585536583,180.977576891016,59.2992155279845,0,51.9719937996629,0.909333394207423,41.8756075169638,3.94227264901322,17.7313118853514,50.5763771361238,78.3608880964282,43.6505370222062,67.08944109452,19.1745875998949,36.4685439196241,27.9282344921972,132.801272833663,13.3272709347684,16.8608218333438,2.31673430045803,10.3730431767229,0,6.60895966579858,17.1568172213172,2.42800686295227,7.56826134454787,7.72784900080887,22.5830830734773,12.6916971993244,7.84114277095937,20.7473299454965,0,0,3.75494219526089,0,0,0,3.423814689525,37.2713734788554,25.5280391270232,15.0783076799545,9.39936343053255,2.16279193411938,73.5328458401426,7.18387816717249,0
L1PA3_dup907,chr2,43542870,43549021,-,6152,18.7472106316287,0,8.12016746911552,0,0,9.49396134116632,3.87584743608322,2.26934276015311,4.1127042491265,4.55451108109834,73.423924092992,0,0,6.3487148586186,0,13.4848996993224,10.6822240602233,7.00164671130109,0,0,0,0,5.02954778706415,23.1880015522893,1.96291910235768,4.59931809051542,16.7980849440171,6.56836066702906,9.55620586541808,12.2767135374955,0,6.21878516753347,3.31532217451128,0,0,9.99545320107633,4.77193070755012,2.31673430045803,0,36.2202266996935,20.6529989556206,5.55073498336734,7.2840205888568,4.20458963585993,9.83544418284766,25.3204264763231,1.0019760946835,0,0,0,12.9529247949675,3.75494219526089,19.0575542893277,3.35574362965627,0,23.2058551178917,17.4461748198897,0,18.6261447811202,0,30.2790870776713,10.2603970939734,9.07437242169156,0
L1PA3_dup9095,chr13,92752476,92758488,+,6013,43.118584452746,93.9477885593197,9.28019139327488,13.7065697344724,7.59038161598163,3.95581722548597,3.87584743608322,6.05158069374162,6.16905637368975,2.27725554054917,435.648616285086,2.11310782176006,0,56.0803145844643,10.0253049451469,7.70565697104138,0,3.93842627510687,22.344756102256,0,48.5175399774418,8.22733076532698,1.67651592902138,6.36533375945196,0.65430636745256,0,24.2639004746913,7.88203280043487,2.67573764231706,13.6407928194394,29.9761332549983,11.9193382377725,182.34271959812,66.1458185341514,106.532889196235,18.880300490922,41.3567327987677,45.4079922889775,51.8652158836145,19.5031989921427,68.5679565326603,23.716776747115,61.1048393842987,14.2956047619238,134.886091650482,67.7492492204319,40.0790437873401,20.5076041702014,1.88612090413605,0,49.2211142208765,47.5626011399713,41.2913676268766,5.36918980745004,0,20.1624642827583,21.4112145516829,19.6018871868214,29.2696560846175,12.9241247169823,10.2732616870671,34.2013236465779,13.9896574834412,0
L1PA3_dup9202,chr14,25771320,25777467,-,6148,0,0,0,0,15.1807632319633,0,0,0.756447586717702,1.02817606228163,1.13862777027459,0,0,0,0,5.80412391561135,0,0,10.0648671474953,0,0,0,9.47389603280076,6.70606371608554,1.81866678841485,27.4808674330075,10.5127270640352,12.1319502373457,3.28418033351453,4.58697881540068,5.45631712777578,18.5566539197608,12.4375703350669,0,0,0,0,0,0,0,0,0,0,0.809335620984089,0,0,2.0530075521343,3.67391234717284,0.603164828535336,0,0,0,7.50988439052179,19.0575542893277,1.34229745186251,0,0,0,0,0,0,0,3.42013236465779,7.18387816717249,0
L1PA3_dup9255,chr14,36142657,36148690,-,6034,0,0,0,0,1.51807632319633,0,0,0,0,0,0,0,0,17.9880254327527,0,0,0,0,0,0,0,0,0,0,0,0,0,0,0,0,0,0,0,0,0,0,3.49941585220342,0.231673430045803,0,0,0.826119958224823,7.56918406822819,0,0,0,0,0,0,0,0,20.724679671948,0,44.4676266750979,0,0,0,0,0.455857841553986,0,0,15.6802415223655,6.84026472931559,0,0
L1PA3_dup9256,chr14,36184550,36190694,+,6145,24.3713738211173,10.8401294491523,6.96014354495616,0,31.8796027871229,0.791163445097193,15.5033897443329,3.02579034687081,3.08452818684488,6.83176662164751,78.3188523658581,4.22621564352012,0,88.8820080206605,7.38706680168717,3.85282848552069,0.971111278202122,0.875205838912637,56.8775609875608,0,0,30.1668794728656,87.178828309112,3.63733357682969,13.0861273490512,1.31409088300441,0,0,5.35147528463412,9.54855497360761,5.70973966761872,0,29.8378995706015,4.40972123561009,94.8580520240448,8.88484728984563,12.4070198396303,13.4370589426566,29.7046236424338,2.78617128459181,1.65223991644965,9.58763315308905,11.7353665042693,6.72734341737589,28.1012690938505,11.6337094620944,21.7094820514759,13.8727910563127,0,0,18.1340947129545,23.7813005699857,104.816548591302,7.3826359852438,0,37.661961584775,62.6476277623314,18.2343136621594,47.8958008657377,10.5742838593491,227.093153082535,49.591919287538,44.993763257554,89.3521638406203
L1PA3_dup9280,chr14,39655917,39662030,+,6114,26.2460948842802,0,10.4402153174342,3.91616278127782,0,3.95581722548597,40.6963980788738,6.05158069374162,3.08452818684488,2.27725554054917,141.952919913118,7.04369273920021,0,51.8478380120519,6.85941917299523,67.424498496612,81.5733473689782,9.627264228039,20.3134146384146,0,145.552619932326,2.24381748145281,78.7962486640051,5.00133366814083,18.3205782886717,12.4838633885419,0.933226941334283,3.28418033351453,6.88046822310101,36.8301406124865,5.70973966761872,0,391.208016592331,0,23.3496743443803,18.880300490922,25.450297106934,9.26693720183214,16.0310667276627,10.4481423172193,20.6529989556206,23.716776747115,4.04667810492045,13.4546868347518,87.1139341909364,36.9541359384174,23.0454501777205,9.65063725656537,5.65836271240814,0,36.268189425909,17.5230635778842,0,6.71148725931255,0,18.2603450108,26.1692622298346,5.92615194020182,0,4.69968171526627,13.5174495882461,41.0415883758935,20.417337948806,15.9557435429679
L1PA3_dup9373,chr14,57338083,57344117,-,6035,35.6197002000945,0,4.64009569663744,0.652693796879636,0,0,7.75169487216644,12.1031613874832,13.3662888096611,0,58.7391392743936,21.1310782176006,0,13.7555488603403,1.58294288607582,15.4113139420828,0,15.3161021809711,0,0,94.339661067248,0,0,3.63733357682969,10.468901879241,19.7113632450661,13.9984041200142,34.812311535254,8.79170939618463,0,0,9.84640984859466,13.2612886980451,42.6273052775642,17.5122557582852,9.99545320107633,9.22573270126356,6.25518261123669,3.3005137380482,13.2343136018111,10.7395594569227,5.04612271215213,2.42800686295227,4.20458963585993,14.7531662742715,12.3180453128058,12.3577051677632,10.856966913636,0,0,0,0,0,14.7652719704876,0,22.0645835547167,0,0,9.75655202820583,0,0.540697983529845,0,9.07437242169156,6.38229741718716
L1PA3_dup9430,chr14,79767759,79773791,+,6033,13.1230474421401,14.453505932203,38.2807894972589,24.1496704845465,147.253403350044,35.6023550293737,58.1377115412483,22.6934276015311,21.5916973079141,33.020205337963,0,31.6966173264009,0,24.3367402913713,73.8706680168717,0,0.971111278202122,19.6921313755343,10.1567073192073,212.914796342371,35.0404455392636,16.9532876376435,67.0606371608554,14.5493343073188,0,79.5024984217665,32.6629429466999,33.4986394018482,55.0437457848081,45.0146163041501,52.8150919254732,11.401106140478,49.7298326176692,17.6388849424404,51.0774126283318,62.1939310289194,38.4935743742376,24.0940367247636,41.4921727068916,11.8412279595152,31.3925584125433,31.7905730865584,29.1360823554272,29.4321274510195,24.5886104571191,36.269800087706,21.7094820514759,7.84114277095937,18.8612090413605,0,0,17.5230635778842,0,34.8997337484252,366.535471010746,27.3905175162,18.2391827662484,21.8811763945913,35.4783710116576,10.5742838593491,63.2616640729919,3.42013236465779,33.2726988795357,54.2495280460909
L1PA3_dup9473,chr15,38136666,38142840,-,6175,14.997768505303,0,10.4402153174342,27.4131394689447,27.3253738175339,7.12047100587474,17.4413134623745,12.1031613874832,7.19723243597138,120.694543649106,19.5797130914645,7.74806201312023,0,7.40683400172171,8.44236205907105,7.70565697104138,0,0,0,0,67.3854721908914,7.47939160484271,5.02954778706415,1.81866678841485,0,3.28522720751101,7.46581553067426,3.28418033351453,1.14674470385017,85.9369947624685,15.7017840859515,4.14585677835565,13.2612886980451,8.81944247122018,56.9148312144269,28.8757536919983,10.4982475566103,13.2053855126108,26.8756118669639,2.78617128459181,3.30447983289929,18.1660417637477,18.210051472142,43.7277322129433,13.348102819579,35.5854642369946,8.68379282059035,12.6664613992421,0,0,25.905849589935,1.2516473984203,31.7625904822128,10.7383796149001,0,8.74974865100833,28.5482860689105,32.821764591887,27.4957375340346,45.8218967238462,38.389556830619,35.9113898289068,48.3966529156883,0
L1PA3_dup9702,chr15,89043904,89049907,-,6004,0,0,6.96014354495616,0,0,0,17.4413134623745,3.02579034687081,4.1127042491265,9.10902216219668,156.637704731716,0,122.541530532587,32.8016934361961,3.16588577215165,28.8962136414052,67.9777894741485,4.37602919456318,24.3760975660975,0,0,0,0,0,1.30861273490512,0,2.79968082400285,0.656836066702906,6.49821998848429,19.0971099472152,4.28230475071404,0.518232097294456,0,0,0,2.22121182246141,4.77193070755012,10.656977782107,2.35750981289157,5.57234256918361,2.47835987467447,2.01844908486085,0,0.840917927171986,0,0,2.67193625248934,0.603164828535336,0,0,0,0,0,7.3826359852438,0,0,24.5832463371174,0,0,7.04952257289941,0.540697983529845,0,2.26859310542289,0
L1PA3_dup9722,chr15,97289926,97296313,-,6388,0,25.2936353813553,0,0,57.6869002814604,1.58232689019439,0,0.756447586717702,5.14088031140813,0,0,0,0,0,0,0,0,0,0,0,0,0.249313053494757,0,0,0,0,0,21.6755902011959,0,6.82039640971972,0,0,0,0,0,2.22121182246141,0,0.231673430045803,0,0,0,0,0,0,0,0,0.333992031561167,0,0,0,0,0,0,0,0,0,0,0,0,0,0,0,0,0
L1PA3_dup9734,chr16,47182758,47188783,+,6026,0,3.61337648305076,0,14.359263531352,0,9.49396134116632,17.4413134623745,26.4756655351196,46.2679228026731,4.55451108109834,0,0,0,8.46495314482481,15.8294288607582,0,13.5955578948297,24.9433664090101,6.09402439152438,0,0,9.224582979306,21.794707077278,34.5546689798821,0,42.050908256141,27.0635812986942,30.2144590683337,11.4674470385017,1.36407928194394,0,23.838676475545,9.94596652353384,0,0,5.55302955615352,18.4514654025271,13.6687323727024,0.471501962578314,27.8617128459181,44.6104777441404,16.1475926788868,8.09335620984089,12.6137689075798,18.9683566383491,0,12.6916971993244,4.22215379974735,30.1779344661767,0,0,8.76153178894209,6.35251809644256,6.71148725931255,0,16.3582257388417,0,3.1910048908779,0,19.9736472898817,13.5174495882461,0,4.9152850617496,0
L1PA3_dup978,chr2,66206330,66212369,+,6040,24.3713738211173,21.6802588983046,0,9.13771315631491,0,3.95581722548597,29.0688557706242,5.29513310702392,6.16905637368975,2.27725554054917,225.166700551842,0,0,27.5110977206806,4.74882865822747,0,0,0,0,0,24.2587699887209,10.221835193285,11.7356115031497,0,12.4318209815986,0,31.7297160053656,11.1662131339494,10.3207023346515,0,31.403568171903,9.84640984859466,59.6757991412031,29.3981415707339,0,7.77424137861492,25.450297106934,9.73028406192375,20.2745843908675,1.3930856422959,4.13059979112411,9.58763315308905,8.90269183082498,6.72734341737589,38.6392450040444,50.6408529526461,13.0256892308855,12.6664613992421,0,0,2.5905849589935,11.2648265857827,6.35251809644256,0.671148725931255,0,11.41271563175,0,0,0.886959275291439,0,0,32.491257464249,17.3925471415755,74.4601365338502
L1PA3_dup9840,chr16,56154515,56160662,+,6148,0,0,13.9202870899123,10.4431007500742,0,17.4055957921383,3.87584743608322,37.0659317491674,0,2.27725554054917,53.8442110015275,18.3136011219205,14.5882774443556,20.1042637189589,4.22118102953553,0,0,3.93842627510687,0,0,0,4.98626106989514,0,0,0.65430636745256,0,0,4.59785246692034,9.17395763080135,1.36407928194394,0,0,9.94596652353384,8.81944247122018,0,0,38.175445660401,0,45.7356903700964,11.1446851383672,18.1746390809461,14.6337558652412,3.23734248393636,2.52275378151596,68.1455775525874,16.4240604170744,17.7015776727419,14.4759558848481,0,0,0,6.25823699210149,3.17625904822128,8.72493343710631,0,3.423814689525,43.6154370497244,15.9550244543895,38.1392488375319,0,26.4942011929624,0,5.67148276355723,0
L1PA3_dup9856,chr16,62992369,62998492,-,6124,9.37360531581435,0,0,0.652693796879636,0,0,0,6.05158069374162,1.02817606228163,1.13862777027459,0,0.70436927392002,0,5.2905957155155,5.80412391561135,0,35.9311172934785,0,0,0,0,0,8.38257964510692,0.909333394207423,0,0,28.9300351813628,13.1367213340581,0.764496469233446,2.72815856388789,0,0,33.1532217451128,0,0,25.5439359583062,7.31696041824352,87.8042299873595,13.6735569147711,15.3239420652549,102.438874819878,39.3597571547866,29.9454179764113,11.7728509804078,4.91772209142383,17.1083962677858,2.003952189367,5.42848345681802,0,0,0,7.50988439052179,25.4100723857702,5.36918980745004,0,7.98890094222499,0,0,5.32175565174863,0,0,0,0,45.739798156508
L1PA3_dup9866,chr16,65551128,65557278,+,6151,0,18.0668824152538,0,0,0,11.0762882313607,0,0,0,7.9703943919221,0,0,0,0,7.91471443037911,0,0,0,0,0,2.69541888763566,5.23557412338989,0,2.72800018262227,0,0,9.33226941334283,0,0,0,0,0,3.31532217451128,0,0,4.44242364492281,0,0,0,0,0,0,0,0,0,0,0,0,0,0,0,0,0,0,0,0,0,0,0,0,0,0,0,0
L1PA3_dup9946,chr17,34083022,34089185,-,6164,44.9933055159089,43.3605177966091,13.9202870899123,0,206.4583799547,2.37349033529158,3.87584743608322,3.02579034687081,16.450816996506,0,367.11962046496,8.45243128704025,204.235884220978,0,24.7994385485212,13.4848996993224,0.971111278202122,28.4441897646607,0,0,64.6900533032558,54.5995587153517,102.267471670304,3.63733357682969,89.6399723410007,15.1120451545507,10.2654963546771,9.85254100054359,7.26271645771774,65.4758055333093,22.8389586704749,14.5104987242448,92.8290208863159,0,0,17.7696945796913,16.2245644056704,10.656977782107,31.1191295301687,1.3930856422959,6.60895966579858,13.1199190515955,9.30735964131703,6.72734341737589,63.2278554611635,105.387721009561,5.00988047341751,9.04747242803004,92.4199243026663,0,0,0,0,0,0,4.18466239830833,0,0.455857841553986,17.7391855058288,0,0,13.6805294586312,5.29338391265341,0
L1PA3_dup9998,chr17,56380302,56386508,+,6207,0,10.8401294491523,13.9202870899123,7.83232556255563,0,9.49396134116632,36.8205506427906,3.78223793358851,0,0,0,0,0,9.52307228792791,1.58294288607582,0,0,10.5024700669516,0,0,0,0,10.0590955741283,12.2760008218002,0.65430636745256,3.28522720751101,4.66613470667141,3.28418033351453,0.764496469233446,0,1.42743491690468,5.70055307023901,0,0,1.45935464652377,0,6.04444556289682,11.815344932336,9.90154121414459,11.8412279595152,21.4791189138454,5.55073498336734,2.02333905246022,2.52275378151596,19.6708883656953,15.739724566363,11.3557290730797,17.4917800275247,0,0,0,2.5032947968406,76.2302171573107,6.71148725931255,0,4.94551010709166,82.472826421297,7.29372546486377,0.886959275291439,0,57.3139862541636,0,6.04958161446104,27.6566221411444
