Geneid,Chr,Start,End,Strand,Length,ASAP186_ctrl_NP16-119_AMY_bulk,ASAP188_ctrl_NP16-293_AMY_bulk,ASAP189_ctrl_NP18-148_AMY_bulk,ASAP199_ctrl_NP19-218_AMY_bulk,ASAP200_ctrl_NP22-37_AMY_bulk,ASAP201_ctrl_NP22-75_AMY_bulk,ASAP185_PD_NP21-217_AMY_bulk,ASAP190_PD_NP21-57_AMY_bulk,ASAP191_PD_NP21-208_AMY_bulk,ASAP195_PD_NP22-55_AMY_bulk,ASAP196_PD_NP16-285_AMY_bulk,ASAP202_PD_NP19-137_AMY_bulk,ASAP204_PD_NP21-04_AMY_bulk,ASAP207_PD_NP23-21_AMY_bulk,ASAP159_ctrl_16-119_PFC_bulk,ASAP160_ctrl_NP17-216_PFC_bulk,ASAP161_ctrl_NP18-46_PFC_bulk,ASAP162_ctrl_NP18-148_PFC_bulk,ASAP165_ctrl_NP16-284_PFC_bulk,ASAP166_ctrl_NP16-293_PFC_bulk,ASAP167_ctrl_NP17-20_PFC_bulk,ASAP221_ctrl_NP19-218_PFC_bulk,ASAP223_ctrl_NP22-37_PFC_bulk,ASAP224_ctrl_NP22-75_PFC_bulk,ASAP229_ctrl_NP19-137_PFC_bulk,ASAP231_ctrl_NP23-21_PFC_bulk,ASAP156_PD_NP21-57_PFC_bulk,ASAP157_PD_NP21-208_PFC_bulk,ASAP158_PD_NP21-217_PFC_bulk,ASAP192_PD_NP22-55_PFC_bulk,ASAP227_PD_NP17-232_PFC_bulk,ASAP228_PD_NP19-91_PFC_bulk,ASAP168_ctrl_NP16-284_PUT_bulk,ASAP170_ctrl_NP17-20_PUT_bulk,ASAP172_ctrl_NP18-46_PUT_bulk,ASAP174_ctrl_NP16-119_PUT_bulk,ASAP176_ctrl_NP18-148_PUT_bulk,ASAP217_ctrl_NP19-218_PUT_bulk,ASAP218_ctrl_NP22-37_PUT_bulk,ASAP219_ctrl_NP22-75_PUT_bulk,ASAP163_PD_NP21-208_PUT_bulk,ASAP164_PD_NP21-217_PUT_bulk,ASAP173_PD_NP21-57_PUT_bulk,ASAP193_PD_NP22-55_PUT_bulk,ASAP214_PD_NP16-285_PUT_bulk,ASAP215_PD_NP17-232_PUT_bulk,ASAP216_PD_NP19-91_PUT_bulk,ASAP220_PD_NP19-137_PUT_bulk,ASAP222_PD_NP21-04_PUT_bulk,ASAP225_PD_NP23-21_PUT_bulk,ASAP175_ctrl_NP16-284_SN_bulk,ASAP180_ctrl_NP16-119_SN_bulk,ASAP181_ctrl_NP16-293_SN_bulk,ASAP184_ctrl_NP18-148_SN_bulk,ASAP203_ctrl_NP19-218_SN_bulk,ASAP206_ctrl_NP22-75_SN_bulk,ASAP177_PD_NP21-57_SN_bulk,ASAP178_PD_NP21-208_SN_bulk,ASAP179_PD_NP21-217_SN_bulk,ASAP194_PD_NP22-55_SN_bulk,ASAP208_PD_NP16-285_SN_bulk,ASAP209_PD_NP17-232_SN_bulk,ASAP211_PD_NP19-137_SN_bulk,ASAP212_PD_NP21-04_SN_bulk
HERV_dup1,chr10,100380920,100388398,+,7479,2339.65188682726,4556.46774512701,1866.47849397241,1140.9087569456,3631.23856508561,673.280091777712,3075.48494053204,1113.49084764846,484.270925334646,2686.02291007775,2839.05839826236,3040.05778623881,3714.17543733293,3986.99293121248,1242.08251794083,1585.43892179176,1741.2025218164,745.23777183411,1291.93317100317,1423.86770053961,1355.79570048074,2355.26041636497,3011.02260852241,286.894685872442,1906.64875475676,1837.75609988166,669.123716936681,669.972788036964,921.982741895536,1549.59406428832,1376.04725989611,1433.94821321376,1147.1014723809,2345.97169734457,2518.84611990002,1593.71948261606,1062.54990421449,1719.94354466005,1820.46907751487,481.311089413235,649.330287164711,1544.11354991855,1148.85191398691,1461.51535742491,1407.17104987456,3107.56909808062,2510.28410921373,2768.52656297719,2259.57284315498,10962.2482007576,1800.45654650048,4412.05707943155,4675.45331898172,1090.61667963829,2871.19452291751,661.557082787108,3450.37757460638,3256.64842006167,2743.36503847642,2657.67000998308,4843.03183847683,3350.01965118231,3565.47216402298,2150.83422959207
HERV_dup1000,chr16,2660262,2670537,-,10276,322.452022864014,469.738942796599,1060.26186668165,402.712072674736,1389.03983572464,859.994664820649,1377.86376352759,1133.91493248984,976.767259167544,781.098650408366,220.271772278976,712.821705207061,761.508082595361,358.702389511951,838.959729620186,487.382803418367,320.4667218067,1318.93519924134,418.45634155134,923.517929135036,291.105239864651,259.036262581052,734.313976911366,758.384050768991,883.313596060956,527.607489526269,1428.77044718279,1269.66411693672,1494.972845586,641.117262513654,709.435153701626,736.926042352716,434.307204860978,377.766119183931,380.891562742703,787.419591062569,1560.73947008273,839.1211636259,1455.52655847925,1512.89100753335,1825.72510767686,2831.88406605977,1324.07307592997,886.327495239273,1051.68999583735,623.429959998116,708.731090972797,688.211069358818,886.476824943942,694.965168953688,137.301002826655,377.99751432293,244.571946713038,666.450684849736,33.938469538032,989.482445272724,798.559001983135,683.786762330979,1487.43070466374,616.833225128698,656.407352005232,408.705817576606,414.396340590581,838.208394123914
HERV_dup1001,chr1,62753981,62762193,+,8213,35.6197002000945,97.5611650423705,12.760263165753,8.48501935943527,138.144945410866,5.53814411568035,44.5722455149571,9.83381862733013,11.3099366850979,31.8815775676884,357.329763919228,33.105355874241,93.3649756438756,176.705896898218,42.2118102953553,173.377281848431,59.2377879703294,18.8169255366217,0,737.217482335461,94.339661067248,0,57.0015415867271,6.82000045655567,80.4796831966648,7.22749985652423,25.1971274160256,24.9597705347104,14.1431846808188,75.0243605069169,48.5327871747591,22.2839801836616,152.504820027519,205.786990995138,302.08641183042,51.0878719166123,21.3146238270572,7.64522319151151,73.554306162217,4.87579974803566,4.95671974934894,17.1568172213172,9.30735964131703,23.5457019608156,146.126599288022,128.65513993375,15.0296414202525,52.4753400825742,60.3558689323535,0,173.569192252564,46.310953741551,25.4100723857702,3.35574362965627,352.960083195533,22.4450074091083,38.064381425214,16.8667401374975,33.7044524610747,0,20.0058253906043,107.734169486721,13.2334597816335,184.02290886223
HERV_dup1002,chr16,2925620,2937013,+,11394,209.968759074241,307.137001059315,298.126148508955,95.2932943444269,320.314104194425,154.276871793953,430.219065405238,366.877079558086,187.128043335256,316.538520136335,460.123257649416,121.151515114244,268.424304976142,204.216994618898,209.476108590701,273.550822471969,155.377804512339,187.294049527304,97.50439026439,141.056052576821,105.121336617791,103.963543307314,224.653134488866,133.217342251387,179.934251049454,165.575451258555,229.573827568234,159.611164208806,299.682615939511,298.733362745724,177.00192969618,197.446429069188,361.37011702173,77.9050751624449,160.529011117614,192.134822642912,305.085436569371,136.223976866932,257.911573530338,351.754124679716,285.837505545789,294.693566389684,407.905152975981,201.820302521277,183.360780837374,231.989853391176,267.193625248934,252.12289832777,382.882543539617,233.309735291595,199.475041842499,214.031705129871,260.453241954145,232.888607898145,2443.56980673831,113.746732463108,226.007264712208,197.84230323443,271.40953823918,390.073582367101,231.418736950774,213.758272791112,128.553609307297,452.079400384091
HERV_dup1003,chr16,29709080,29719547,+,10468,0,0,0,0,0,0,11.6275423082497,0,1.02817606228163,1.13862777027459,4.89492827286613,0,0,1.0581191431031,0,0,0,0,0,0,0,4.48763496290562,0,0,0,1.97113632450661,0,14.4503934674639,0,0,0,1.55469629188337,0,0,0,0,0.318128713836675,0,0,0,0,0,0,0,0,0,0,0,0,0,0,0,0,0,0,0,0,1.82343136621594,0,21.1485677186982,15.6802415223655,0,0,53.185811809893
HERV_dup1004,chr16,30096902,30104164,+,7263,121.856869105587,296.296871610162,220.404545590278,161.21536782927,379.519080799082,321.21235870946,201.544066676328,190.624791852861,303.31193837308,186.734954325032,171.322489550315,314.148696168329,195.482917754365,450.758754961921,218.973765907155,296.667793385093,224.32670526469,254.247296204121,225.478902486402,577.531385078683,123.98926883124,391.172180933273,434.217625616539,388.28535932657,248.636419631973,377.801128863767,373.290776533713,271.930131615003,195.711096123762,160.961355269385,252.655980292128,533.779060213289,139.243531329474,114.652752125862,269.980609606897,177.696945796913,200.102961003268,164.951482192612,140.036082885759,286.975642312956,215.617309096679,211.432541639174,205.975915540451,225.366004482092,232.538001751613,259.363287419633,269.197577438301,337.772303979788,477.18858874642,853.814350428817,303.098440202239,215.283352528291,101.640289543081,178.525561097714,1255.72337290718,346.9465552052,192.700930965146,320.923920454006,299.792235048506,224.409801903965,417.959541268571,258.219993531663,311.931551995647,253.164464215091
HERV_dup1005,chr16,30541069,30546762,-,5694,18.7472106316287,0,3.48007177247808,7.179631765676,0,20.570249572527,29.0688557706242,9.07737104061243,0,29.6043220271392,0,21.8354474915206,0,8.46495314482481,24.7994385485212,9.63207121380172,0,10.940072986408,44.6895122045121,0,0,18.449165958612,0,1.36400009131113,0.65430636745256,29.5670448675991,8.39904247200854,13.1367213340581,25.6106317193204,12.2767135374955,7.1371745845234,0,23.207255221579,0,14.5935464652377,18.880300490922,12.725148553467,19.6922415538933,11.7875490644578,16.0204848864029,4.95671974934894,11.6060822379499,12.5447021252534,31.1139633053635,16.8607614563103,0,5.34387250497868,16.8886151989894,26.4056926579047,0,0,6.25823699210149,0,9.39608216303757,0,20.9233119915417,0,12.7640195635116,15.9652669552459,4.69968171526627,1.08139596705969,0,10.208668974403,3.19114870859358
HERV_dup1007,chr16,3073187,3081318,-,8132,22.4966527579544,7.22675296610152,80.0416507669958,24.1496704845465,1.51807632319633,31.6465378038877,77.5169487216644,14.3725041476363,22.6198733701958,33.020205337963,29.3695696371968,61.2801268310418,0,23.2786211482682,54.8753533839619,75.1301554676534,84.4866812035846,98.4606568776716,0,130.410312759703,64.6900533032558,1.49587832096854,35.2068345094491,61.3800041090011,51.6902030287522,8.54159073952864,61.5929781280626,47.9490328693121,37.8425752270556,81.8447569166366,8.56460950142808,23.838676475545,29.8378995706015,97.013867183422,49.6180579818081,34.4287832481518,148.884238075564,11.815344932336,39.1346628940001,66.1715680090554,38.8276380365667,48.9473903078757,72.435538078076,34.4776350140514,25.2911421844654,18.4770679692087,44.0869481660741,70.5702849386343,28.2918135620407,0,155.43509753961,60.0790751241743,114.345325735966,136.914340089976,970.640228787716,65.0524791009749,177.633779984332,61.5408086097881,46.1218823151548,30.5479311492308,14.5988455553058,63.2724487461692,39.7003793449006,68.0778391166631
HERV_dup1013,chr16,34411564,34420449,-,8886,0,0,2.32004784831872,0,83.494197775798,0,0,9.83381862733013,0,0,0,0.70436927392002,2.91765548887111,0,0,0,0,6.12644087238846,0,0,0,0,0,0,0,0.657045441502203,12.1319502373457,1.31367213340581,0,19.0971099472152,0,0,0,0,0,6.66363546738422,12.0888911257936,0,7.54403140125302,5.57234256918361,3.30447983289929,0,4.45134591541249,0,0,0,4.00790437873401,0,0,0,0,0,0,2.01344617779376,0,0.380423854391666,0,0,0,0,0,0,7.18387816717249,0
HERV_dup1014,chr16,34991392,35000358,+,8967,13.1230474421401,0,13.9202870899123,3.91616278127782,0,0,0,2.26934276015311,0,2.27725554054917,0,0,0,0,1.05529525738388,0,0,0,0,0,0,0,0,0,0,7.22749985652423,0,0,0,12.2767135374955,0,0,0,0,0,0,9.86199012893691,24.0940367247636,7.54403140125302,0.696542821147952,0,3.02767362729128,5.66534934688862,10.9319330532358,6.32278554611635,0,0,0,15.0889672330884,0,0,0,0,6.04033853338129,0,6.08678167026666,0,0,0,0,0,0,0,61.6955416994759
HERV_dup1017,chr16,35516772,35524442,+,7671,20.6219316947916,32.5203883474568,11.6002392415936,93.9879067506676,33.3976791103192,140.035929782203,52.3239403871235,59.7593593506985,13.3662888096611,28.4656942568646,279.01091155337,96.4985905270428,227.577128131947,152.369156606847,37.4629816371278,53.9395987972896,25.2488932332552,19.254528456078,148.287926860426,0,16.1725133258139,3.98900885591611,23.4712230062994,177.774678567551,183.205782886717,20.3684086865683,66.2591128347341,34.1554754685511,5.73372351925085,124.131214656899,31.403568171903,9.84640984859466,89.5136987118046,0,40.8619301026655,14.4378768459991,4.77193070755012,10.656977782107,11.7875490644578,44.5787405534689,8.26119958224823,13.1199190515955,42.0854522911726,30.2730453781915,18.2658249110028,17.7927321184973,23.3794422092817,104.950680165148,67.9003525488977,0,12.9529247949675,1.2516473984203,73.0539581090894,6.04033853338129,0,298.632725697458,185.563859447918,71.5696811239758,20.4000633317031,23.4984085763314,3.78488588470892,44.4617207405513,75.2416713298592,124.45479963515
HERV_dup1029,chr1,6560514,6570438,-,9925,11.2483263789772,14.453505932203,5.8001196207968,13.7065697344724,0,18.1967592372354,29.0688557706242,15.8853993210717,0,4.55451108109834,0,7.74806201312023,0,20.1042637189589,5.80412391561135,0,0.971111278202122,5.68883795293214,0,0,32.3450266516279,0,11.7356115031497,0,0,13.1409088300441,4.66613470667141,0.656836066702906,0,6.82039640971972,0,0,0,0,0,21.1015123133834,8.27134655975354,4.40179517087027,14.1450588773494,40.3994836265812,0,11.6060822379499,18.210051472142,2.52275378151596,4.21519036407757,0,4.34189641029518,10.856966913636,0,0,0,7.50988439052179,22.233813337549,4.02689235558753,0,31.9556037689,0,8.20544114797174,5.32175565174863,0,56.2325902871039,1.7100661823289,0,0
HERV_dup1036,chr16,62977783,62986249,-,8467,41.2438633895831,7.22675296610152,0,0,385.591386091867,3.16465378038877,0,12.1031613874832,5.14088031140813,0,0,26.7660324089608,0,0,20.5782575189857,17.3377281848431,0,15.3161021809711,60.9402439152438,0,134.770944381783,18.9477920656015,82.1492805220478,0.454666697103712,60.1961858056355,0,17.7313118853514,4.59785246692034,11.4674470385017,17.7330306652713,14.2743491690468,57.0055307023901,421.045916162933,32.3379557278073,274.358673546468,143.268162548761,162.245644056704,82.2440676662602,513.937139210362,10.4481423172193,61.1328769086369,93.3532701748144,71.6262024570919,92.5009719889185,160.879765562294,361.329329175637,31.0612589351886,79.014592538129,160.320276851564,0,0,153.952630005697,9.52877714466384,0,6197.16453764465,10.6518679229667,43.6154370497244,26.4397548101312,18.6261447811202,5.87460214408284,0,0,4.15908735994197,192.532638751813
HERV_dup1038,chr16,65227197,65235363,-,8167,0,0,3.48007177247808,1.95808139063891,0,0,0,0,0,4.55451108109834,107.688422003055,0,0,0,11.0806002025308,61.645255768331,369.993396995008,6.12644087238846,8.12536585536583,585.515689941521,18.8679322134496,0,26.8242548643422,0,0,0,0,1408.25652701103,0,0,0,0,19.8919330470677,5.87962831414679,0,3.33181773369211,0.954386141510024,3.70677488073286,0,0,3.30447983289929,4.0368981697217,0,0,0,0,0,0,13.2028463289523,0,25.905849589935,0,3.17625904822128,0,0,0,0,7.29372546486377,0,0,17.8430334564849,0,0.378098850903815,0
HERV_dup1046,chr16,86739329,86747655,-,8327,73.1141214633519,213.189212499995,20.8804306348685,3.91616278127782,236.819906418627,12.6586151215551,17.4413134623745,27.988560708555,13.3662888096611,52.3768774326309,132.163063367386,11.9742776566403,148.800429932427,51.8478380120519,28.4929719493648,13.4848996993224,0,21.8801459728159,0,138.394617622541,8.08625666290697,14.9587832096854,92.2083760961762,12.2760008218002,28.1351738004601,37.4515901656256,12.1319502373457,11.1662131339494,26.7573764231706,90.0292326083003,49.9602220916638,15.0287308215392,19.8919330470677,10.2893495497569,0,11.106059112307,45.1742773648078,37.762769097466,70.7252943867471,3.48271410573976,23.131358830295,9.58763315308905,35.2060995128079,13.4546868347518,50.5822843689308,91.7010039953321,21.0414979883535,35.5867248835848,99.9644079192105,87.6979856060607,0,0,0,0,149.329265967341,0,17.4461748198897,3.1910048908779,10.6435113034973,0,8.11046975294768,0,0.378098850903815,18.0831760153636
HERV_dup1047,chr16,8833027,8836708,-,3682,5.62416318948861,0,2.32004784831872,0,0,10.2851247862635,0,9.83381862733013,2.05635212456325,7.9703943919221,0,0,55.4354542885511,0,14.2464859746824,32.7490421269258,0,4.8136321140195,0,0,0,0.498626106989514,1.67651592902138,10.0026673362817,0,8.54159073952864,0,2.62734426681162,8.79170939618463,4.09223784583183,0,0,3.31532217451128,1.4699070785367,0,12.2166650235377,0,7.41354976146571,5.65802355093977,21.5928274555865,14.044039289822,8.07379633944341,16.1867124196818,4.20458963585993,4.91772209142383,0,0,0.603164828535336,0,0,0,3.75494219526089,0,0,0,4.18466239830833,20.6182066053242,0,15.0783076799545,0,12.4360536211864,5.13019854698669,0,0
HERV_dup1048,chr16,8837971,8845472,-,7502,76.8635635896777,187.895577118639,76.5615789945177,26.1077518751854,59.2049766046567,32.4377012489849,168.59936346962,62.0287021108516,18.5071691210693,220.89378743327,34.2644979100629,288.087033033288,329.695070242436,446.526278389508,80.202439561175,294.741379142333,211.702258648062,18.3793226171654,67.0342683067681,82.5044835826689,326.145685403915,52.1064281804042,160.945529186053,26.3706684320153,107.960550629672,147.835224337996,31.7297160053656,63.7130984701819,50.8390152040242,151.412800295778,9.99204441833276,40.940335686262,265.225773960902,230.775411330261,118.207726368425,163.259068950913,185.469040166781,141.32079232794,225.377938112434,183.190761961911,256.92330700792,102.940903327903,152.559764555501,338.049006723138,122.943052285596,182.717672139953,236.466358345306,232.82162381464,364.021334498257,360.720016266438,85.4893036467855,105.138381467305,66.7014400126469,20.1344617779376,0,26.249245953025,58.6825880305382,68.8345340746519,45.2349230398634,76.369827873077,188.162898268386,44.4617207405513,54.0681356792456,108.499056092182
HERV_dup1049,chr16,9668891,9677042,-,8152,0,0,1.16002392415936,3.26346898439818,0,2.37349033529158,0,3.78223793358851,8.225408498253,3.41588331082376,24.4746413643307,5.63495419136016,0,2.1162382862062,8.970009687763,3.85282848552069,52.4400090229146,7.43924963075741,0,7.98430486283893,2.69541888763566,9.97252213979027,0,6.36533375945196,0,0,62.5262050693969,382.935426887794,6.11597175386757,1.36407928194394,4.28230475071404,4.14585677835565,0,13.2291637068303,8.7561278791426,1.1106059112307,7.31696041824352,3.70677488073286,0,2.08962846344386,2.47835987467447,8.07379633944341,4.04667810492045,0.840917927171986,0,0,0,0,0,0,0,0,0,0,0,1.90211927195833,0,1.82343136621594,7.98263347762295,0,0,0,4.9152850617496,0
HERV_dup1050,chr1,70366862,70372373,+,5512,1008.59993198162,1065.94606249997,1021.9810771844,603.741762113664,658.845124267206,337.826791056502,616.259742337232,674.75124735219,481.186397147801,987.190276828066,748.924025748518,1402.39922437476,533.930954463414,1266.56861429441,914.940988151826,1388.94466903021,1544.06693234137,634.086630292205,1253.33768319018,806.414791146732,1412.39949712108,767.136265603367,1394.86125294579,301.898686876864,939.583943661876,1160.99929513439,645.793043403324,518.900492695296,728.565135179474,766.612556452496,1130.52845418851,1067.55812042658,1246.56113761624,2015.24260467381,1333.85014692272,865.162004848718,845.904250091718,690.386821536494,1348.96711493656,385.188180094817,665.852686329207,786.690530824517,781.008874249646,935.94165294242,1662.8925986286,2012.63173694233,1266.16379164839,1241.31321712572,1027.93589275415,3044.60931160663,1139.85738195714,1369.30225387181,1807.29139843791,757.055762850455,1099.60641303224,313.088832164341,1566.98370200464,1064.42806002856,1121.11652396838,1360.55785656959,1629.12302437542,1787.0191605337,1006.12104225505,1059.46137125307
HERV_dup1052,chr17,11971744,11977338,+,5595,95.6107742213063,198.735706567792,105.562177098502,150.119573282316,0,77.5340176195249,187.978600650036,183.816763572402,27.7607536816039,179.903187703385,239.85148537044,263.434108446088,0,111.102510025826,82.8406777046347,57.7924272828103,148.580025564925,71.7668787908362,146.256585396585,0,97.0350799548837,21.9395487075386,36.8833504384705,24.0973349464967,48.4186711914894,47.9643172296608,77.4578361307454,34.812311535254,99.384541000348,114.582659683291,57.0973966761872,38.8674072970842,112.720953933384,114.652752125862,312.301894356086,92.1802906321484,192.467871871188,62.3201526823211,191.429796806795,78.7093387897186,156.136672104491,87.802535191447,167.532473543706,169.865421288741,322.462062851934,152.60689470865,179.019728916786,234.631118300246,186.725969509469,354.101300371641,49.2211142208765,195.256994153566,177.870506700392,96.6454165341007,0,68.8567176448916,574.137753163644,125.360906427346,386.714244027067,212.660597615799,327.662978019086,206.918008061797,127.419312754586,170.194597791658
HERV_dup1064,chr17,28230769,28239311,-,8543,20.6219316947916,10.8401294491523,10.4402153174342,0,0,16.6144323470411,17.4413134623745,5.29513310702392,5.14088031140813,17.0794165541188,0,0,0,13.7555488603403,31.1312100928245,0,0,3.50082335565055,20.3134146384146,0,0,24.1833661889914,30.1772867223849,11.8213341246965,15.7033528188614,10.5127270640352,18.6645388266857,11.1662131339494,1.14674470385017,16.3689513833273,15.7017840859515,17.101659210717,0,0,1.45935464652377,7.77424137861492,9.86199012893691,7.87689662155732,0,4.17925692688771,2.47835987467447,4.0368981697217,4.04667810492045,6.72734341737589,0,0,14.3616573571302,3.61898897121201,0,0,0,15.0197687810436,0,0.671148725931255,0,15.97780188445,0,22.3370342361453,0,15.2739655746154,0,47.8818531052091,8.69627357078775,2.12743247239572
HERV_dup1071,chr17,32964050,32974333,+,10284,0,0,16.240334938231,1.30538759375927,0,15.8232689019439,17.4413134623745,1.5128951734354,0,103.615127094987,68.5289958201259,4.22621564352012,0,31.743574293093,5.80412391561135,9.63207121380172,55.3533428575209,6.12644087238846,18.2820731745731,0,8.08625666290697,32.6600100078131,13.4121274321711,18.1866678841485,8.50598277688328,11.1697725055374,7.46581553067426,8.53886886713778,0,46.3786955860941,1.42743491690468,20.7292838917782,13.2612886980451,17.6388849424404,84.6425694983785,18.880300490922,20.0421089717105,41.9328908382904,23.1035961663374,8.35851385377542,9.08731954047305,16.1475926788868,0.809335620984089,26.0684557423316,7.72784900080887,26.0047623270345,44.0869481660741,16.8886151989894,0,329.281115766152,0,35.0461271557683,28.5863314339915,1.34229745186251,298.658531934682,9.51059635979166,18.2391827662484,9.5730146726337,7.98263347762295,25.8482494339645,28.6569931270818,11.9704632763023,12.0991632289221,22.3380409601551
HERV_dup1073,chr17,35304803,35321153,+,16351,3.74944212632574,14.453505932203,24.3605024073466,7.83232556255563,0,0,46.5101692329987,17.3982944945072,14.3944648719428,9.10902216219668,9.78985654573227,33.809725148161,72.9413872217778,57.1384337275674,8.970009687763,90.5414694097362,31.0755609024679,11.8152788253206,12.1880487830488,0,21.5633511010853,7.72870465833746,10.0590955741283,3.63733357682969,34.0239311075331,40.0797719316344,12.1319502373457,21.6755902011959,21.4059011385365,55.9272505597017,14.2743491690468,18.1381234053059,49.7298326176692,4.40972123561009,32.1058022235229,2.22121182246141,22.5871386824039,3.70677488073286,6.60102747609639,16.7170277075508,10.7395594569227,1.51383681364564,8.09335620984089,20.1820302521277,25.9936739118117,26.6890981777459,4.34189641029518,16.8886151989894,30.1779344661767,0,28.4964345489285,0,22.233813337549,18.1210156001439,0,8.74974865100833,21.4112145516829,13.2198774050656,23.0609411575774,54.0463397255622,23.2500132917834,37.6214560112357,13.2334597816335,125.518515871348
HERV_dup1079,chr17,43160044,43167807,-,7764,1122.95791683456,1091.23969788133,763.295742096859,413.15517342481,1507.44978893395,757.934580403111,850.748512220267,1283.69155465994,1246.14938748533,1131.79600365294,1458.68862531411,1060.07575724963,793.602292972943,1095.15331311171,1607.74232462434,1911.00292881826,1316.82689324208,1162.27335407598,1779.45512232512,1147.07846529453,1644.20552145775,606.329346099249,673.959403466597,911.606727692942,1230.09597081081,1095.29475098417,1560.35544591092,1698.57806849371,1048.12465931905,1490.93865516473,1607.29171643467,942.14595288132,1985.87798253226,1293.51822911229,1168.94307186554,1341.61194076669,1595.73362860476,1246.86640050651,1454.11205259152,1772.70147982154,2902.98553320203,1638.98065690701,1465.70680960219,1463.19719327926,1721.90526372569,1539.75566410073,1105.1796324359,1351.08921591915,607.330931131807,372.302769082333,797.900167369998,817.325751168455,574.902887728051,538.932426922798,597.317063869364,995.569226942991,852.483542335522,894.39308512892,632.401963282796,1169.04582667249,761.843458793552,1157.71480543666,694.945687961212,641.42089042731
HERV_dup108,chr10,86635827,86644397,-,8571,3.74944212632574,83.1076591101675,20.8804306348685,0,60.7230529278531,35.6023550293737,17.4413134623745,5.29513310702392,0,18.2180443243934,0,7.74806201312023,0,30.6854551499899,14.2464859746824,0,1.94222255640424,3.93842627510687,0,0,0,17.9505398516225,30.1772867223849,0.454666697103712,0,3.94227264901322,0.933226941334283,3.94101640021744,3.82248234616723,0,9.99204441833276,4.6640888756501,9.94596652353384,0,59.8335405074744,11.106059112307,32.1310000975041,22.2406492843971,35.3626471933735,18.1101133498467,33.8709182872177,39.3597571547866,45.322794775109,5.04550756303192,0,11.6337094620944,14.3616573571302,4.82531862828269,0,0,0,10.0131791873624,28.5863314339915,16.7787181482814,0,15.97780188445,20.6182066053242,18.6901715037134,39.0262081128233,70.4952257289941,3.78488588470892,87.2133752987737,1.89049425451908,22.3380409601551
HERV_dup1080,chr17,43323144,43334322,-,11179,0,0,5.8001196207968,0,88.0484267453869,2.37349033529158,1.93792371804161,5.29513310702392,0,4.55451108109834,0,2.81747709568008,0,24.3367402913713,0.527647628691941,19.2641424276034,0,0,0,0,10.7816755505426,0.249313053494757,0,0,18.9748846561242,11.8268179470396,0,0,14.1431846808188,0,0,47.6773529510899,0,16.1689778639037,13.1341918187139,0,0,12.7420386525192,16.502568690241,3.48271410573976,0,1.51383681364564,1.21400343147613,1.68183585434397,2.81012690938505,0,5.67786453653985,0.603164828535336,28.2918135620407,0,0,0,0,0.671148725931255,6.7876939076064,0.380423854391666,0,0,15.0783076799545,0,0,3.42013236465779,0,0
HERV_dup1081,chr17,43338416,43349017,-,10602,3.74944212632574,112.014670974574,19.7204067107091,62.0059107035654,212.530685247486,2.37349033529158,34.882626924749,18.1547420812249,15.4226409342244,13.663533243295,0,19.0179703958406,29.1765548887111,42.324765724124,29.5482672067487,159.892382149109,43.7000075190955,24.5057634895538,0,127.748877805423,61.9946344156201,32.1613839008236,15.0886433611925,9.09333394207423,27.4808674330075,150.463406104004,37.3290776533713,31.5281312017395,69.1869304656269,21.8252685111031,4.28230475071404,162.206646453165,0,92.6041459478119,77.3457962657596,13.3272709347684,50.9005942138679,97.7661874793291,85.8133571892531,32.7375125939537,44.6104777441404,120.097720549221,24.6847364400147,23.5457019608156,42.1519036407757,1.36867170142287,116.229226983286,28.3487469411608,103.736649727483,64.5324799742711,0,35.0461271557683,47.6438857233192,32.2151388447002,13.5753878152128,6.46720552465833,40.4434052642899,8.66129898952573,41.6870859386976,18.7987268610651,58.9360802047532,27.3610589172624,41.9689724503235,126.582232107545
HERV_dup1082,chr17,43352787,43357982,-,5196,0,0,2.32004784831872,5.87424417191673,0,0,7.75169487216644,8.32092345389472,3.08452818684488,11.3862777027459,0,2.11310782176006,0,13.7555488603403,3.16588577215165,55.86601304005,0,0,0,0,0,6.23282633736892,0,11.3666674275928,27.4808674330075,34.1663629581145,3.73290776533713,0,11.4674470385017,0,1.42743491690468,12.9558024323614,0,0,10.2154825256664,1.1106059112307,3.18128713836675,1.62171401032062,1.88600785031326,9.05505667492337,0,2.52306135607606,2.42800686295227,5.8864254902039,4.91772209142383,23.2674189241888,18.035569704303,10.856966913636,13.2028463289523,0,0,0,6.35251809644256,2.68459490372502,0,5.706357815875,6.344063570869,9.11715683107972,15.9652669552459,0,0,0,0.378098850903815,0
HERV_dup1089,chr17,50396807,50405707,-,8901,41.2438633895831,0,13.9202870899123,6.52693796879636,0,12.6586151215551,1.93792371804161,18.9111896679426,20.5635212456325,17.0794165541188,4.89492827286613,11.9742776566403,113.788564065973,12.6974297172372,5.27647628691941,9.63207121380172,33.0177834588721,11.3776759058643,0,0,24.2587699887209,25.1806184029704,23.4712230062994,15.4586677015262,18.3205782886717,7.88454529802643,11.1987232960114,14.4503934674639,29.4331140654877,46.3786955860941,18.5566539197608,0,26.5225773960902,23.5185132565872,21.8903196978565,23.3227241358448,25.450297106934,21.7773024243055,8.48703532640965,21.5928274555865,4.95671974934894,20.1844908486085,16.1867124196818,8.40917927171986,18.2658249110028,6.1590226564029,23.7134342408429,33.7772303979788,13.2028463289523,51.295048184677,23.3152646309415,7.50988439052179,9.52877714466384,26.1748003113189,0,15.2169541756667,13.4811350880966,20.0577450283754,9.75655202820583,44.6469762950296,0.540697983529845,46.1717869228802,12.8553609307297,15.9557435429679
HERV_dup1090,chr17,50412891,50420349,-,7459,0,21.6802588983046,23.2004784831872,0,0,7.91163445097193,0,12.8596089742009,0,2.27725554054917,0,13.3830162044804,0,0,0,1.92641424276034,0.971111278202122,10.5024700669516,0,0,43.1267022021705,0,0,11.3666674275928,16.357659186314,15.7690905960529,6.53258858933998,5.25468853362325,4.9692270500174,4.09223784583183,5.70973966761872,16.0651950161281,0,4.40972123561009,0,0,13.679534694977,4.40179517087027,18.3885765405542,13.930856422959,9.91343949869787,0,2.42800686295227,6.72734341737589,18.9683566383491,19.1614038199201,8.68379282059035,5.42848345681802,0,0,2.5905849589935,2.5032947968406,0,4.02689235558753,183.267735505373,9.13017250539999,33.3063337470622,12.3081617219576,2.66087782587432,0,0,0,3.78098850903815,0
HERV_dup1093,chr1,75377086,75384951,+,7866,14.997768505303,43.3605177966091,0,5.22155037503709,0,0,0,5.29513310702392,9.25358456053463,1.13862777027459,73.423924092992,9.86116983488029,0,0,8.970009687763,0,0,0,30.4701219576219,0,0,23.1861139750124,10.0590955741283,7.27466715365938,31.4067056377229,7.22749985652423,0.933226941334283,7.22519673373196,0,9.54855497360761,1.42743491690468,0.518232097294456,13.2612886980451,1.4699070785367,0,14.4378768459991,5.40818813522347,4.63346860091607,0,2.08962846344386,2.47835987467447,6.05534725458256,13.7587055567295,6.72734341737589,0,0.684335850711434,4.00790437873401,4.82531862828269,0,0,0,3.75494219526089,0,3.35574362965627,0,26.249245953025,0,7.29372546486377,7.98263347762295,0,0,0,0,0
HERV_dup1099,chr17,55008205,55018612,-,10408,0,0,1.16002392415936,0,0,7.12047100587474,0,3.02579034687081,0,6.83176662164751,0,9.15680056096027,0,0,0,0,0,0,0,0,0,0,0,0.454666697103712,0,0,5.5993616480057,5.91152460032615,8.02721292695118,0,25.6938285042843,38.3491751997897,0,0,0,2.22121182246141,9.54386141510024,8.34024348164893,1.88600785031326,2.08962846344386,0,0,2.83267467344431,3.36367170868794,0,0,0.667984063122335,13.2696262277774,0,0,0,0,0,0,0,0,0,0,0,0,0,0,0,0
HERV_dup110,chr10,89284720,89290889,+,6170,114.357984852935,7.22675296610152,74.241531146199,58.7424417191673,27.3253738175339,18.1967592372354,137.592583980954,108.172004900631,227.226909764239,120.694543649106,225.166700551842,38.0359407916811,157.55339639904,37.0341700086085,269.10029063289,346.754563696862,71.862234586957,43.3226890261755,158.444634179634,0,10.7816755505426,251.307557922715,186.093268121374,34.5546689798821,97.4916487504314,58.477044293696,295.832940402968,48.605868936015,272.92523951634,353.296534023481,175.574494779276,343.06964840893,0,51.4467477487844,80.2645055588072,61.0833251176887,30.2222278144841,35.4460347970079,59.4092472848675,28.558255667066,27.2619586214191,94.3624947172448,61.9141750052828,76.5235313726507,40.7468401860832,51.3251888033575,26.7193625248934,63.3323069962103,52.8113853158093,0,12.9529247949675,105.138381467305,41.2913676268766,51.0073031707754,0,27.0100936618083,11.8951191953794,125.8167642689,112.643827962013,482.89229624361,64.8837580235814,92.3435738457604,126.663115052778,11.7008785981765
HERV_dup1102,chr17,6874881,6881552,-,6672,367.445328379922,505.872707627106,244.765047997625,212.125483985882,713.495871902274,419.316625901512,467.039616048028,366.877079558086,162.451817840497,437.233063785441,523.757325196676,339.50599002945,218.824161665333,371.399819229188,685.941917299523,183.009353062233,309.784497746477,263.87456043216,979.106585571583,620.114344347157,409.70367092062,272.249854416274,439.247173403603,326.450688520465,504.470209305924,490.155899360643,607.530738808618,470.294623759281,352.050624082002,447.418004477614,550.989877925207,396.965786527553,696.217656647369,268.992995372216,617.307015479553,423.140852178898,496.598922299049,659.805928770448,668.589782936049,669.377651123182,781.509480480682,635.811461731168,806.098278500153,478.48230056086,520.57600996358,327.796872490777,544.741003476264,321.486853609334,605.444810227671,397.122953687822,246.105571104382,578.261098070178,403.384899124102,163.760289127226,0,172.332006039425,574.137753163644,371.068283024944,528.627728073698,173.888223464852,460.674681967428,312.942111366188,189.049425451908,223.380409601551
HERV_dup1103,chr1,76894794,76900406,-,5613,0,0,1.16002392415936,5.87424417191673,0,10.2851247862635,11.6275423082497,3.78223793358851,8.225408498253,20.4952998649425,0,0,0,12.6974297172372,24.7994385485212,0,0,2.62561751673791,0,0,18.8679322134496,0,0,5.00133366814083,0.65430636745256,0,18.6645388266857,1.97050820010872,21.0236529039198,1.36407928194394,0,4.14585677835565,0,0,0,21.1015123133834,7.31696041824352,2.54840773050384,17.9170745779759,2.78617128459181,14.8701592480468,12.1106945091651,8.49802402033294,6.72734341737589,24.5886104571191,0,0,0,0,0,0,0,0,0,0,0,0,13.6757352466196,6.20871492704007,0,0,0,0,0
HERV_dup1107,chr17,75023738,75028744,+,5007,24.3713738211173,101.174541525421,38.2807894972589,50.9101161566116,37.9519080799082,14.2409420117495,62.0135589773315,37.0659317491674,33.9298100552936,36.4360886487867,68.5289958201259,74.6631430355222,154.635740910169,141.787965175815,66.4836012151845,104.026369109059,4.85555639101061,53.8251590931272,162.507317107317,13.3071747713982,59.2992155279845,31.1641316868446,57.0015415867271,38.1920025567118,115.157920671651,124.181588443916,36.395850712037,24.9597705347104,21.0236529039198,62.7476469694214,49.9602220916638,67.8884047455737,79.5677321882707,57.3263760629312,40.8619301026655,43.3136305379974,35.6304159497076,37.0677488073286,56.5802355093977,17.4135705286988,28.088078579644,48.4427780366604,56.6534934688862,50.4550756303192,88.5189976456289,28.7421057298802,41.4150119135847,92.2842187659064,50.9252644116733,155.53982352773,38.8587743849025,57.5757803273337,47.6438857233192,29.5305439409752,0,39.5640808567333,91.9889217776005,64.275955659112,35.4783710116576,86.9441117324261,134.633797898932,64.9825149284981,32.8946000286319,0
HERV_dup1108,chr17,75252632,75258297,+,5666,0,0,0,11.0957945469538,0,3.16465378038877,11.6275423082497,4.53868552030621,0,4.55451108109834,0,0,0,0,7.91471443037911,7.70565697104138,0,1.31280875836895,10.1567073192073,0,0,0,8.38257964510692,0.454666697103712,0,26.2818176600881,0.933226941334283,2.62734426681162,5.35147528463412,16.3689513833273,1.42743491690468,0,13.2612886980451,41.1573981990275,74.4270869727121,19.9909064021527,2.5450297106934,3.01175459059545,3.77201570062651,8.35851385377542,0.826119958224823,8.07379633944341,14.9727089882057,25.2275378151596,21.7784835477341,11.6337094620944,10.6877450099574,1.20632965707067,0,0,18.1340947129545,11.2648265857827,0,1.34229745186251,0,0,0,15.0433087712815,0.886959275291439,0,0,0,0,0
HERV_dup1112,chr17,80399794,80408186,+,8393,5.62416318948861,0,16.240334938231,2.61077518751854,91.0845793917796,0,32.9447032067074,0.756447586717702,6.16905637368975,37.5747164190613,244.746413643307,101.429175444483,8.75296646661334,39.1504082948147,25.3270861772132,84.7622266814551,33.9888947370743,6.56404379184477,22.344756102256,0,32.3450266516279,8.97526992581125,46.9424460125988,5.00133366814083,54.961734866015,36.1374992826211,1.86645388266857,5.25468853362325,2.29348940770034,27.2815856388789,17.1292190028562,16.5834271134226,23.207255221579,55.8564689843945,0,25.5439359583062,7.95321784591687,14.3637526628398,69.3107884990121,0,7.4350796240234,6.55995952579777,19.0193870931261,27.7502915966755,92.0316562823602,8.21203020853721,22.3774661145982,99.5221967083304,0,441.799285977702,31.087019507922,16.2714161794639,19.0575542893277,6.04033853338129,0,0,0,40.5713478983047,0,27.0231698627811,120.575650327156,10.2603970939734,44.2375655557464,73.3964202976524
HERV_dup1114,chr17,80537010,80552020,-,15011,5.62416318948861,0,1.16002392415936,10.4431007500742,0,18.1967592372354,0,8.32092345389472,28.7889297438855,6.83176662164751,0,0.70436927392002,0,1.0581191431031,10.5529525738388,3.85282848552069,0,7.00164671130109,0,0,2.69541888763566,4.48763496290562,0,12.7306675189039,1.30861273490512,0.657045441502203,7.46581553067426,11.1662131339494,6.11597175386757,5.45631712777578,0,2.07292838917782,13.2612886980451,8.81944247122018,1.45935464652377,26.6545418695369,13.679534694977,13.2053855126108,5.65802355093977,9.05505667492337,4.13059979112411,12.6153067803803,16.9960480406659,15.9774406162677,0.702531727346261,0,4.34189641029518,3.61898897121201,0,0,2.5905849589935,25.032947968406,0,19.4633130520064,0,35.379418458425,39.6503973179312,7.29372546486377,1.77391855058288,43.472055866213,1.08139596705969,0,20.7954367997098,3.19114870859358
HERV_dup112,chr10,89406295,89417471,+,11177,305.579533295548,285.45674216101,255.205263315059,380.520483580828,294.506806700087,375.01147297607,424.405294251113,422.097753388478,358.833445736287,251.636737230683,264.326126734771,354.29774478177,924.896789972143,289.92464521025,172.013126953573,568.292201614301,447.682299251178,424.912434792085,276.262439082438,53.2286990855929,366.576968718449,110.694995751672,119.032630960518,359.186690711932,380.151999489937,243.106813355815,291.166805696296,239.745164346561,389.893199309058,414.680101710959,338.302075306409,173.089520496348,165.766108725564,286.631880314656,91.9393427309973,357.615103416286,323.218773258061,217.541350813009,276.300150070892,372.650409314154,240.400907843423,249.278461980315,166.723137922722,340.571760504654,303.493706213585,171.083962677858,102.201561657717,357.676743321454,267.829168387319,0,124.348078031688,111.396618459407,73.0539581090894,493.294313559472,0,633.025293707733,247.418479263891,295.395881326983,182.713610710036,227.934563190414,286.569931270818,160.746221138916,292.648510599553,272.311356466652
HERV_dup1129,chr18,15308329,15316530,-,8202,0,0,3.48007177247808,7.83232556255563,0,30.0642109136933,0,6.80802828045932,10.2817606228163,0,0,0.70436927392002,0,0,0,0,0,7.43924963075741,0,0,0,5.23557412338989,0,0,41.8756075169638,0,0,9.85254100054359,8.79170939618463,0,9.99204441833276,0,0,0,0,3.33181773369211,11.1345049842836,8.34024348164893,9.90154121414459,20.8962846344386,31.3925584125433,16.1475926788868,12.9493699357454,2.52275378151596,4.91772209142383,0,0,30.1582414267668,0,0,0,0,0,21.4767592298002,0,6.46720552465833,0,0,18.6261447811202,0,0,0,60.1177172937066,0
HERV_dup1131,chr18,23283957,23291811,+,7855,0,3.61337648305076,3.48007177247808,0,1.51807632319633,13.4497785666523,0,1.5128951734354,4.1127042491265,1.13862777027459,0,0,0,0,0,11.5584854565621,0,0,0,0,0,4.48763496290562,0,0,0,12.4838633885419,3.73290776533713,0,6.49821998848429,13.6407928194394,0,0,0,0,10.2154825256664,2.22121182246141,2.22690099685672,3.01175459059545,0,1.3930856422959,11.5656794151475,6.05534725458256,0,5.04550756303192,0,10.2650377606715,3.33992031561167,0,0,0,0,3.75494219526089,0,10.0672308889688,0,0,0,14.1315930881736,19.5131040564117,7.04952257289941,0,0,0.75619770180763,32.9752033221337
HERV_dup1146,chr18,33560623,33566943,-,6321,0,0,1.16002392415936,0,0,7.91163445097193,0,0.756447586717702,8.225408498253,3.41588331082376,0,0,0,0,5.80412391561135,9.63207121380172,0,1.31280875836895,0,0,32.3450266516279,1.99450442795805,0,4.54666697103712,0,17.0831814790573,11.1987232960114,19.0482459343843,0,0,0,19.1745875998949,9.94596652353384,0,0,4.44242364492281,0,0,0,0,0,3.02767362729128,0,1.68183585434397,0,0,0,0,0,0,0,1.2516473984203,0,0,0,3.423814689525,0.793007946358625,0,0,0,0,13.6805294586312,0,0
HERV_dup115,chr10,90294974,90300740,+,5767,5.62416318948861,18.0668824152538,10.4402153174342,0,0,5.53814411568035,15.5033897443329,13.6160565609186,4.1127042491265,3.41588331082376,0,32.4009866003209,0,12.6974297172372,0,0,3.88444511280849,13.1280875836895,22.344756102256,0,0,0,11.7356115031497,0,1.30861273490512,17.7402269205595,15.8648580026828,15.7640656008697,0,10.9126342555516,4.28230475071404,0,0,0,0,0,14.9520495503237,0,0,8.35851385377542,13.2179193315972,7.56918406822819,10.1166952623011,5.04550756303192,6.32278554611635,0,2.67193625248934,34.9835600550495,0,0,0,20.0263583747248,0,6.04033853338129,0,0,0,21.4253185530373,4.4347963764572,2.34984085763314,0,0,27.9793149668823,0
HERV_dup1156,chr18,42737085,42742654,+,5570,5.62416318948861,0,53.3611005113305,0,6.07230529278531,0,15.5033897443329,10.5902662140478,10.2817606228163,3.41588331082376,0,7.04369273920021,0,0,0.527647628691941,0,0,18.8169255366217,0,0,0,0,0,3.63733357682969,0,3.28522720751101,21.4642196506885,9.85254100054359,12.9964399769686,4.09223784583183,12.8469142521421,23.838676475545,0,0,37.9432208096179,2.22121182246141,57.2631684906014,20.3872618440307,26.4041099043856,5.57234256918361,23.131358830295,9.08302088187383,8.49802402033294,4.20458963585993,6.32278554611635,0,49.0968286394916,4.22215379974735,20.7473299454965,0,0,0,0,14.0941232445564,0,0,9.5160953563035,12.3081617219576,26.6087782587432,0,0,27.3610589172624,3.02479080723052,43.6123656841123
HERV_dup1172,chr18,56415417,56421450,+,6034,0,0,0,0,0,0,0,0,0,1.13862777027459,0,0,0,0,0,0,6.79777894741485,0.875205838912637,0,0,0,0,0,0,0,0,0,32.8418033351453,11.085198803885,0,0,0,0,0,0,0,0,0,0,0,0,0,0,5.8864254902039,0,0,0.667984063122335,0,0,0,0,0,0,0,0,0,0,0,0.886959275291439,0,0,0,3.40288965813434,0
HERV_dup118,chr10,91301346,91307220,-,5875,14.997768505303,155.375188771183,15.0803110140717,47.6466471722134,0,30.8553743587905,48.4480929510403,27.988560708555,18.5071691210693,0,53.8442110015275,22.5398167654407,0,70.8939825879077,28.4929719493648,1.92641424276034,70.8911233087549,22.7553518117286,36.5641463491463,0,10.7816755505426,16.454661530654,28.5007707933635,30.008002008845,0,0,8.39904247200854,32.1849672684424,33.6378446462716,17.7330306652713,44.2504824240451,14.5104987242448,19.8919330470677,24.9884203351238,0,15.5484827572298,12.725148553467,23.1673430045803,81.09833756347,30.6478841305099,9.91343949869787,35.8274712562801,16.5913802301738,10.0910151260638,163.689892471679,82.8046379360835,66.4644142806723,31.9677359123728,28.2918135620407,0,49.2211142208765,71.343901709957,212.809356230826,22.8190566816627,0,22.4450074091083,194.286946857863,44.2182106307366,79.8263347762295,12.9241247169823,84.8895834141857,85.5033091164448,8.69627357078775,63.8229741718716
HERV_dup1182,chr18,64681718,64687158,+,5441,0,0,6.96014354495616,0,0,0,11.6275423082497,0,0,5.69313885137293,0,6.33932346528018,0,0,2.6382381434597,3.85282848552069,0,0,0,0,0,0,0,0,0,0,0,0,0,10.9126342555516,25.6938285042843,0,0,0,0,0,0,0,0,0,0,6.55995952579777,2.42800686295227,3.36367170868794,0,0,0.333992031561167,9.65063725656537,0,259.784598870783,0,0,0,2.01344617779376,0,0,0,0.455857841553986,0,0,0,0,4.15908735994197,0
HERV_dup1184,chr1,86801833,86809633,-,7801,11.2483263789772,7.22675296610152,0,0,0,7.91163445097193,0,2.26934276015311,0,2.27725554054917,0,0,0,0,11.6082478312227,7.70565697104138,12.6244466166276,0,0,0,21.5633511010853,0,21.794707077278,3.18266687972598,0,6.57045441502203,0,1.31367213340581,0,0,0,0,72.9370878392482,7.34953539268349,7.29677323261883,2.22121182246141,6.04444556289682,0,0,11.8412279595152,0,0,0,1.68183585434397,2.81012690938505,17.1083962677858,0,5.42848345681802,0,446.7633228988,10.362339835974,18.7747109763045,0,0.671148725931255,0,11.41271563175,0,0,0,21.1485677186982,0,0,5.29338391265341,0
HERV_dup1187,chr18,74293011,74298828,+,5818,18.7472106316287,14.453505932203,9.28019139327488,3.26346898439818,0,18.1967592372354,0,24.9627703616842,24.676225494759,11.3862777027459,0,40.1490486134412,0,1.0581191431031,26.382381434597,13.4848996993224,18.4511142858403,32.8202189592239,0,0,21.5633511010853,19.6957312260858,35.2068345094491,4.0920002739334,0,17.7402269205595,24.2639004746913,9.85254100054359,3.82248234616723,32.7379027666546,11.4194793352374,9.84640984859466,29.8378995706015,0,0,31.0969655144597,5.40818813522347,15.5221198130688,21.2175883160241,16.0204848864029,12.3917993733723,10.0922454243043,28.7314145449352,37.0003887955674,42.8544353681219,19.8457396706316,18.7035537674254,12.0632965707067,60.3558689323535,0,54.4022841388635,48.8142485383916,38.1151085786553,12.7518257926938,0,20.1624642827583,11.1021112490207,46.0416419969526,31.9305339104918,34.0726924356805,28.116295143552,3.42013236465779,18.5268436942869,72.3327040614545
HERV_dup1195,chr1,89401808,89415828,-,14021,0,0,5.8001196207968,14.359263531352,0,1.58232689019439,0,25.7192179484019,4.1127042491265,5.69313885137293,0,7.04369273920021,0,0,0,0,0,4.37602919456318,0,0,0,1.99450442795805,0,11.8213341246965,0,0,0.933226941334283,1.97050820010872,2.67573764231706,8.18447569166366,0,0,3.31532217451128,0,14.5935464652377,12.2166650235377,16.2245644056704,12.7420386525192,28.7616197172771,8.35851385377542,61.1328769086369,4.54151044093692,17.80538366165,1.68183585434397,40.0443084587369,36.269800087706,9.68576891527385,11.4601317421714,47.1530226034012,0,0,0,0,0,0,1.52169541756667,0,0,0,19.9736472898817,0,1.7100661823289,0,0
HERV_dup120,chr10,94384518,94392369,+,7852,0,25.2936353813553,4.64009569663744,0,95.6388083613686,3.95581722548597,17.4413134623745,0,0,5.69313885137293,0,4.22621564352012,84.6120091772623,9.52307228792791,0,9.63207121380172,16.5088917294361,3.06322043619423,0,0,37.7358644268992,5.98351328387416,5.02954778706415,3.63733357682969,0,0,2.79968082400285,4.59785246692034,1.14674470385017,20.4611892291592,2.85486983380936,0,53.0451547921805,0,5.83741858609507,5.55302955615352,0,0,1.41450588773494,0.696542821147952,1.65223991644965,0.504612271215213,3.23734248393636,4.20458963585993,0,0,5.67786453653985,4.22215379974735,5.65836271240814,0,0,0,31.7625904822128,0,0,0,0,0,0,0,16.7616374894252,0,1.51239540361526,56.3769605184866
HERV_dup1201,chr19,12022768,12025931,+,3164,1.87472106316287,0,2.32004784831872,7.179631765676,0,3.95581722548597,32.9447032067074,7.56447586717702,5.14088031140813,5.69313885137293,0,32.4009866003209,0,0,29.5482672067487,42.3811133407276,0,18.3793226171654,0,0,32.3450266516279,4.73694801640038,0,4.54666697103712,9.16028914433583,0,23.3306735333571,5.91152460032615,0,15.0048721013834,4.28230475071404,0,29.8378995706015,45.5671194346376,0,16.6590886684605,3.8175445660401,10.4253043520612,8.48703532640965,48.7579974803566,20.6529989556206,49.9566148503061,23.8754008190306,5.04550756303192,1.40506345469252,38.3228076398403,8.68379282059035,18.0949448560601,0,0,0,0,0,4.69804108151878,0,46.792134090175,0,15.0433087712815,35.4783710116576,0,18.9244294235446,0,9.83057012349919,0
HERV_dup1203,chr19,12224687,12231011,-,6325,142.478800800378,151.761812288132,135.722799126645,52.2155037503709,775.737001153323,268.995571333046,286.812710270158,108.928452487349,73.0005004219954,385.994814123084,166.427561277448,190.884073232326,201.318228732107,228.55373491027,365.132159054823,240.801780345043,219.471148873679,93.2094218441958,213.290853703353,111.780268079745,458.221210898062,90.5006384185967,244.771325637122,107.301340516476,314.721362744681,194.485450684652,172.646984146842,139.249246141016,99.0022927657313,188.242940908264,204.123193117369,143.03205885327,785.731355359174,504.178127938087,153.232237884995,287.646931008752,203.284248141635,159.159646441467,351.268962120844,255.631215361298,176.789671060112,233.635481572644,246.847364400147,178.274600560461,313.329150396433,297.686095059474,155.306294675943,152.60070161944,149.003551426748,719.785353559177,297.917270284252,277.865722449306,212.809356230826,58.3899391560192,0,127.8224150756,163.359636949877,191.460293452674,156.991791726585,285.505664202426,315.2269243979,251.379728802348,104.355282849453,201.042368641396
HERV_dup1208,chr19,17591514,17602760,+,11247,18.7472106316287,10.8401294491523,87.001794311952,127.275290391529,6.07230529278531,65.666565943067,3.87584743608322,151.28951734354,569.609538504021,158.269260068167,0,26.0616631350408,0,0,562.472372185609,52.0131845545293,53.4111203011167,464.73430046261,95.4730488005486,53.2286990855929,13.4770944381783,182.497155158162,140.827338037796,101.390673454128,52.9988157636573,187.91499626963,415.285988893756,382.278590821091,390.657695778291,45.0146163041501,109.91248860166,253.933727674283,62.9911213157143,8.81944247122018,48.1587033352843,182.139369441835,29.9040991006474,300.480438769407,48.5647021455663,137.915478587294,268.488986423067,572.734927829267,721.522706107316,140.433293837722,7.02531727346261,21.2144113720544,167.663999843706,4.82531862828269,0,1.65467897369926,0,7.50988439052179,44.4676266750979,24.1613541335252,40.7261634456384,1.90211927195833,7.93007946358625,80.2309801135015,31.9305339104918,135.115849313905,0,0,51.7995425738227,0
HERV_dup1209,chr19,18577265,18587879,+,10615,1466.03187139336,1094.85307436438,2293.36729806305,1285.80677985288,1134.00301342766,522.167873764148,1158.87838338888,1002.29305240096,1322.23441609417,1904.92425966938,577.601536198204,1460.1575048362,886.967268616818,1452.79758348056,1855.73671010956,818.726053173146,960.429054141898,1171.02541246511,2890.5989030464,1375.96187136258,549.865453077674,2149.82646028529,1572.57194142206,994.810733262921,1532.38551257389,2120.28563972761,976.15538063566,983.940427920953,1306.90671415458,1118.54501119403,1638.69528460657,2471.44887199726,1458.74175678496,515.937384566381,1328.01272833663,1487.10131513791,1590.0073117557,1390.04058027482,1662.51592005113,415.139521404179,969.038710997717,1266.57680075018,1029.07024208127,2251.97820896658,732.038059894804,896.479964431978,1776.83760790541,963.254231170931,1514.55508602125,2733.52966455117,1064.73041814633,1761.06788957736,1318.14750501183,873.835641162494,8437.10352715476,566.451119189191,644.715460389562,1062.14877082079,634.175881833379,2138.35518044615,503.389822666286,1273.99930583503,1035.61275262555,799.914609620791
HERV_dup1210,chr19,19943770,19956655,+,12886,13.1230474421401,18.0668824152538,8.12016746911552,1.30538759375927,0,16.6144323470411,0,1.5128951734354,10.2817606228163,26.1884387163155,0,7.04369273920021,0,17.9880254327527,33.2418006075923,0,0,3.93842627510687,0,0,2.69541888763566,10.221835193285,3.35303185804277,15.4586677015262,63.4677176428983,26.2818176600881,8.39904247200854,3.28418033351453,4.9692270500174,12.2767135374955,15.7017840859515,13.4740345296558,26.5225773960902,26.4583274136605,4.3780639395713,3.33181773369211,7.95321784591687,8.80359034174053,8.95853728898796,11.1446851383672,5.78283970757376,6.55995952579777,28.7314145449352,10.9319330532358,0,0,1.33596812624467,13.8727910563127,39.608538986857,0,10.362339835974,2.5032947968406,9.52877714466384,3.35574362965627,0,0,0,1.36757352466196,3.54783710116576,14.0990451457988,0,13.6805294586312,0,56.3769605184866
HERV_dup1212,chr19,20157573,20161899,+,4327,7.49888425265148,0,0,1.30538759375927,31.8796027871229,4.74698067058316,15.5033897443329,5.29513310702392,2.05635212456325,11.3862777027459,0,0,0,7.40683400172171,1.58294288607582,0,1.94222255640424,0,0,0,21.5633511010853,5.23557412338989,3.35303185804277,0.454666697103712,0,1.31409088300441,0.933226941334283,13.793557400761,5.73372351925085,1.36407928194394,7.1371745845234,1.55469629188337,0,23.5185132565872,0,12.2166650235377,2.22690099685672,2.78008116054964,1.41450588773494,16.0204848864029,4.95671974934894,7.06457179701298,5.26068153639658,14.2956047619238,9.83544418284766,0,1.0019760946835,0,0,0,0,3.75494219526089,0,1.34229745186251,0,2.28254312635,0,0,0,15.2739655746154,12.4360536211864,3.42013236465779,11.3429655271145,0
HERV_dup1213,chr19,20244190,20253012,+,8823,110.608542726609,46.9738942796599,1.16002392415936,0,107.783418946939,3.16465378038877,17.4413134623745,0,0,4.55451108109834,63.6340675472597,4.93058491744014,11.6706219554845,26.4529785775775,0,23.1169709131241,4.85555639101061,0,44.6895122045121,0,16.1725133258139,4.23832190941087,63.7076053028126,0,0,2.62818176600881,0,0.656836066702906,0.382248234616723,12.2767135374955,1.42743491690468,7.25524936212238,62.9911213157143,0,11.6748371721901,3.33181773369211,2.22690099685672,0,1.88600785031326,0,0,0,0,5.8864254902039,10.5379759101939,25.3204264763231,4.67588844185634,6.63481311388869,26.4056926579047,1.65467897369926,10.362339835974,3.75494219526089,0,0,135.753878152128,0,0,3.1910048908779,0,3.52476128644971,26.4942011929624,10.2603970939734,0,86.1610151320267
HERV_dup1218,chr19,20500279,20509600,-,9322,7.49888425265148,0,0,0.652693796879636,0,0,0,1.5128951734354,5.14088031140813,38.7133441893359,0,9.86116983488029,0,0,22.1612004050615,0,0,1.31280875836895,10.1567073192073,0,83.5579855167054,0,0,0,14.3947400839563,21.6824995695727,7.46581553067426,1.31367213340581,4.58697881540068,0,1.42743491690468,0,46.4145104431579,0,0,9.99545320107633,9.54386141510024,5.56016232109928,21.2175883160241,2.78617128459181,13.2179193315972,4.0368981697217,2.83267467344431,17.6592764706117,4.21519036407757,14.3710528649401,2.67193625248934,17.4917800275247,0,0,5.181169917987,0,0,1.34229745186251,0,0,0,0,0,0,0,0,2.64669195632671,0
HERV_dup1222,chr19,20611125,20617863,+,6739,0,0,9.28019139327488,11.0957945469538,0,1.58232689019439,3.87584743608322,5.29513310702392,5.14088031140813,0,0,16.9048625740805,64.1884207551645,0,0,0,16.5088917294361,6.12644087238846,4.06268292768292,0,0,0,6.70606371608554,0,64.1220240103508,7.88454529802643,13.06517717868,5.25468853362325,12.9964399769686,10.9126342555516,8.56460950142808,2.59116048647228,16.5766108725564,10.2893495497569,0,5.55302955615352,2.22690099685672,0.926693720183214,11.7875490644578,4.17925692688771,2.47835987467447,4.54151044093692,4.45134591541249,0,23.1835470024266,3.42167925355717,21.7094820514759,17.4917800275247,26.4056926579047,0,31.087019507922,0,0,0,0,0,23.7902383907587,13.6757352466196,17.7391855058288,0,22.1686173247237,59.8523163815114,4.9152850617496,0
HERV_dup1228,chr19,21234245,21244072,+,9828,0,18.0668824152538,1.16002392415936,0,68.3134345438347,0,7.75169487216644,0,0,3.41588331082376,58.7391392743936,0,0,0,2.11059051476776,0,0,0,0,0,0,0,1.67651592902138,0,0,0,0,0,0,6.82039640971972,0,0,9.94596652353384,0,0,0,2.86315842453007,3.24342802064125,11.7875490644578,0,0,3.02767362729128,0.404667810492045,0.840917927171986,5.62025381877009,8.89636605924864,0,0,0,0,0,0,3.17625904822128,0,0,4.18466239830833,0,0,0,0,0,6.84026472931559,9.45247127259538,0
HERV_dup1232,chr19,21430787,21441082,-,10296,20.6219316947916,57.8140237288121,6.96014354495616,20.8862015001484,33.3976791103192,30.0642109136933,17.4413134623745,115.736480767808,83.2822610448117,19.356672094668,0,109.881606731523,107.953253088231,98.4050803085884,81.2577348185589,59.7188415255707,48.5555639101061,29.3193956035733,20.3134146384146,111.780268079745,61.9946344156201,17.2026006911382,0,26.3706684320153,56.9246539683727,26.2818176600881,62.5262050693969,108.377951005979,60.3952210694422,57.2913298416456,42.8230475071404,23.838676475545,53.0451547921805,24.9884203351238,17.5122557582852,57.7515073839966,169.244475761111,137.845690877253,107.502447467856,38.3098551631373,232.139708261175,188.72498943449,143.252404914184,262.36639327766,33.7215229126205,58.8528831611833,90.8458325846375,107.36333947929,126.370100577115,0,15.543509753961,13.7681213826233,47.6438857233192,55.0341955263629,0,85.2149433837333,0,95.274288884783,29.2696560846175,86.9441117324261,67.0465499577008,22.2308603702757,29.8698092214014,0
HERV_dup1235,chr19,21623097,21630616,+,7520,0,7.22675296610152,1.16002392415936,2.61077518751854,3.03615264639265,3.95581722548597,0,3.78223793358851,10.2817606228163,1.13862777027459,24.4746413643307,0,11.6706219554845,0,0,3.85282848552069,0,0,2.03134146384146,2.66143495427964,0,1.99450442795805,0,2.72800018262227,0,0,0,3.94101640021744,19.4946599654529,9.54855497360761,0,3.10939258376673,13.2612886980451,7.34953539268349,0,9.99545320107633,0,1.39004058027482,0.943003925156628,2.08962846344386,0,7.56918406822819,0,3.36367170868794,2.81012690938505,15.739724566363,0,7.84114277095937,11.3167254248163,0,7.7717548769805,7.50988439052179,9.52877714466384,3.35574362965627,176.480041597767,13.3148349037083,0,5.47029409864783,5.32175565174863,0,47.0407245670966,6.84026472931559,0.378098850903815,5.3185811809893
HERV_dup1236,chr19,21631850,21637654,+,5805,7.49888425265148,39.7471413135584,3.48007177247808,7.83232556255563,16.6988395551596,11.0762882313607,81.3927961577477,16.6418469077894,5.14088031140813,5.69313885137293,14.6847848185984,16.9048625740805,0,11.6393105741341,17.4123717468341,23.1169709131241,0,0.437602919456318,56.8775609875608,0,123.98926883124,10.221835193285,26.8242548643422,7.27466715365938,11.7775146141461,0,1.86645388266857,7.88203280043487,25.9928799539372,0,9.99204441833276,10.3646419458891,66.3064434902256,54.3865619058578,99.2361159636161,4.44242364492281,7.95321784591687,2.78008116054964,3.77201570062651,2.78617128459181,16.5223991644965,28.2582871880519,9.30735964131703,0,22.4810152750804,74.5926077275463,9.01778485215152,12.6664613992421,18.8612090413605,0,132.119832908668,73.8471965067976,38.1151085786553,2.01344617779376,0,16.3582257388417,3.1720317854345,13.6757352466196,4.4347963764572,0,38.9302548141489,29.0711250995912,2.26859310542289,63.8229741718716
HERV_dup1239,chr19,21858130,21867376,+,9247,0,0,0,0.652693796879636,0,0,0,0,0,5.69313885137293,0,0,0,0,0.527647628691941,0,0,0,2.03134146384146,0,0,0.74793916048427,20.1181911482566,0.454666697103712,0,0,1.86645388266857,7.88203280043487,0,0,8.56460950142808,0,3.31532217451128,0,1.45935464652377,0,0.318128713836675,0,7.54403140125302,2.08962846344386,0,0,0,2.52275378151596,7.72784900080887,13.0023811635172,7.01383266278451,3.01582414267668,0,1.65467897369926,31.087019507922,22.5296531715654,0,0,0,0,0,7.29372546486377,19.5131040564117,0,0,23.9409265526046,1.89049425451908,2.12743247239572
HERV_dup1240,chr19,21880252,21890542,-,10291,16.8724895684658,10.8401294491523,17.4003588623904,35.89815882838,39.4699844031045,14.2409420117495,3.87584743608322,12.8596089742009,19.5353451833509,37.5747164190613,0,34.514094422081,0,27.5110977206806,33.2418006075923,26.9697993986448,5.82666766921273,11.8152788253206,28.4387804937804,0,45.8221210898062,9.47389603280076,46.9424460125988,5.00133366814083,70.0107813174239,0,11.1987232960114,13.793557400761,10.3207023346515,12.2767135374955,14.2743491690468,60.6331553834513,43.0991882686467,13.2291637068303,20.4309650513327,21.1015123133834,23.2233961100772,46.7980328692523,65.5387727983856,18.1101133498467,52.8716773263886,13.1199190515955,38.0387741862522,17.6592764706117,24.5886104571191,0,53.4387250497868,41.6183731689382,0,0,18.1340947129545,78.8537861004788,28.5863314339915,85.9070369192006,0,52.49849190605,39.6503973179312,29.1749018594551,66.5219456468579,16.448886003432,109.761690656559,37.6214560112357,68.8139908644943,36.1663520307273
HERV_dup1242,chr19,22355408,22362466,-,7059,16.8724895684658,36.1337648305076,90.4818660844301,18.2754263126298,156.361861289222,103.642411307732,21.3171608984577,6.05158069374162,7.19723243597138,91.0902216219668,0,2.11310782176006,0,8.46495314482481,49.0712294683505,0,22.3355593986488,20.1297342949906,154.381951251951,151.70179239394,48.5175399774418,9.47389603280076,10.0590955741283,46.3760031045786,19.6291910235768,19.0543178035639,31.7297160053656,11.1662131339494,12.2319435077351,27.2815856388789,22.8389586704749,19.1745875998949,69.6217656647369,0,13.1341918187139,2.22121182246141,20.0421089717105,13.6687323727024,26.8756118669639,13.2343136018111,1.65223991644965,10.0922454243043,31.9687570288715,11.7728509804078,2.81012690938505,0,8.34980078902918,9.65063725656537,24.5195717537686,0,0,56.3241329289134,0,17.4498668742126,366.535471010746,27.0100936618083,45.9944608888002,7.29372546486377,0,10.5742838593491,0,5.13019854698669,8.31817471988393,107.435339855984
HERV_dup1243,chr19,22484595,22492509,-,7915,52.4921897685603,7.22675296610152,19.7204067107091,0,0,18.1967592372354,246.116312191285,76.4012062584879,6.16905637368975,39.8519719596105,48.9492827286613,95.0898519792028,0,0,256.436747544283,132.922582750464,227.240039099296,105.462303588973,231.572926877926,212.914796342371,366.576968718449,12.7149657282326,149.209917682903,27.2800018262227,275.462980697528,219.453177461736,153.049218378822,17.0777377342756,665.876424702332,296.005204181836,1406.02339315111,50.7867455348567,172.396753074587,321.909650199537,161.988365764138,159.927251217221,140.61289151581,50.0414608898936,209.81837334735,5.57234256918361,60.3067569504121,263.407605574341,99.548281381043,109.319330532358,774.892495262926,1201.69375384928,71.1403027225286,199.044393416661,84.8754406861221,1.65467897369926,31.087019507922,28.7878901636669,12.7050361928851,22.8190566816627,0,23.5862789722833,72.9567310649935,20.9694607114833,110.86990941143,15.2739655746154,0,194.947544785494,18.1487448433831,30.847770849738
HERV_dup1245,chr19,22575531,22584464,+,8934,0,0,0,1.95808139063891,0,0,1.93792371804161,5.29513310702392,0,4.55451108109834,4.89492827286613,11.2699083827203,0,14.8136680034434,0,0,0,0,36.5641463491463,0,37.7358644268992,0,0,0.454666697103712,1.96291910235768,0,0,0,0,0,0,17.101659210717,23.207255221579,0,0,4.44242364492281,0,0.231673430045803,7.07252943867471,0,13.2179193315972,0,0,8.40917927171986,0,0,1.33596812624467,7.23797794242403,0,0,0,10.0131791873624,0,2.68459490372502,128.966184244522,0.760847708783333,0,5.01443625709384,5.32175565174863,0,0,6.84026472931559,3.40288965813434,0
HERV_dup1248,chr19,23024332,23032841,-,8510,1.87472106316287,0,3.48007177247808,1.30538759375927,0,3.95581722548597,3.87584743608322,9.83381862733013,5.14088031140813,5.69313885137293,0,2.11310782176006,0,26.4529785775775,1.58294288607582,0,0,7.87685255021373,8.12536585536583,0,0,6.98076549785319,1.67651592902138,18.1866678841485,24.8636419631973,7.88454529802643,2.79968082400285,9.85254100054359,2.29348940770034,0,0,0.518232097294456,23.207255221579,0,0,1.1106059112307,6.04444556289682,0.926693720183214,8.48703532640965,9.75159949607133,4.13059979112411,4.0368981697217,8.90269183082498,2.52275378151596,19.6708883656953,10.2650377606715,22.043474083037,6.03164828535336,15.0889672330884,0,2.5905849589935,2.5032947968406,0,3.35574362965627,0,14.0756826124917,0,0,39.9131673881148,0,23.7907112753132,0,7.5619770180763,62.7592579356738
HERV_dup1253,chr19,23571292,23576238,-,4947,28.120815947443,21.6802588983046,48.7210048146931,161.86806162615,0,5.53814411568035,29.0688557706242,37.0659317491674,100.761254103599,83.1198272300447,14.6847848185984,76.7762508572822,46.6824878219378,48.6734805827426,62.790067814341,13.4848996993224,12.6244466166276,48.5739240596513,10.1567073192073,101.134528262626,35.0404455392636,75.5418552089113,5.02954778706415,15.9133343986299,36.6411565773433,139.950679039969,72.791701424074,65.6836066702906,23.3171423116201,15.0048721013834,69.9443109283293,106.755812042658,53.0451547921805,20.5786990995138,75.8864416192359,25.5439359583062,16.5426931195071,44.7129719988401,17.4455726153976,16.0204848864029,33.8709182872177,23.2121644758998,20.6380583350943,35.3185529412234,8.43038072815514,15.739724566363,13.0256892308855,54.8879993967156,5.65836271240814,0,18.1340947129545,41.3043641478698,3.17625904822128,174.498668742126,135.753878152128,36.9011138759916,75.3357549040694,75.2165438564077,15.9652669552459,28.1980902915976,17.8430334564849,51.3019854698669,174.681669117563,0
HERV_dup1254,chr19,23847563,23857206,-,9644,5.62416318948861,0,0,0,22.7711448479449,4.74698067058316,1.93792371804161,6.80802828045932,0,0,0,4.93058491744014,0,0,0,0,0,0,26.407439029939,0,0,0,21.794707077278,10.0026673362817,0,0,0,1.31367213340581,6.49821998848429,0,5.70973966761872,0,0,0,24.809028990904,0,0.954386141510024,0,16.9740706528193,13.2343136018111,4.13059979112411,0,0,0,35.8291180946593,37.6384717891289,0,10.856966913636,20.7473299454965,0,0,0,0,0,0,0,0,0,1.77391855058288,11.7492042881657,0,0,0,0
HERV_dup1255,chr19,23864838,23871156,+,6319,108.733821663446,379.40453072033,203.004186727888,141.634553922881,113.855724239725,228.646235633089,139.530507698996,114.980033181091,188.156219397537,87.6743383111431,34.2644979100629,142.986962605764,55.4354542885511,48.6734805827426,128.218373772142,379.503605823788,104.880018045829,197.3589166748,81.2536585536583,5.32286990855929,51.2129588650775,143.60431881298,127.415210605625,185.049345721211,226.390003138586,63.0763623842115,125.985637080128,303.458262816743,161.691003242874,132.315690348563,111.339923518565,128.003328031731,145.874175678496,14.699070785367,89.0206334379498,98.8439260995326,214.100624412082,256.462487060704,168.797702603036,268.168986141961,228.009108470051,174.091233569248,101.166952623011,93.3418899160904,111.702544648056,83.4889737867949,146.288509823791,63.3323069962103,145.231309618476,0,75.1269638108115,95.1252022799427,200.104320037941,122.149068119488,420.837022271597,96.6276590154833,133.225334988249,249.810097171584,135.70476911959,117.492042881657,125.441932178924,128.254963674667,84.6941426024546,53.185811809893
HERV_dup1268,chr19,27637114,27645464,-,8351,134.979916547727,25.2936353813553,2.32004784831872,10.4431007500742,0,53.007950821512,13.5654660262913,10.5902662140478,0,28.4656942568646,0,0,2.91765548887111,0,72.2877251307959,0,0,15.3161021809711,10.1567073192073,0,2.69541888763566,18.9477920656015,21.794707077278,42.2840028306452,0.65430636745256,1.97113632450661,23.3306735333571,3.28418033351453,2.29348940770034,21.8252685111031,14.2743491690468,18.1381234053059,0,0,33.5651568700466,45.5348423604588,2.22690099685672,26.6424444552674,0,34.8271410573976,2.47835987467447,1.51383681364564,15.7820446091897,9.25009719889185,0.702531727346261,12.3180453128058,3.00592828405051,0.603164828535336,28.2918135620407,1.65467897369926,44.0399443028895,15.0197687810436,0,1.34229745186251,0,13.3148349037083,12.688127141738,0,14.191348404663,15.2739655746154,15.6802415223655,1.7100661823289,5.29338391265341,1.06371623619786
HERV_dup1269,chr19,27704027,27713252,-,9226,46.8680265790717,46.9738942796599,31.3206459523027,40.4670154065374,81.9761214526016,56.9637680469979,13.5654660262913,54.4642262436746,63.7469158614608,20.4952998649425,68.5289958201259,9.86116983488029,0,5.2905957155155,66.4836012151845,55.86601304005,36.9022285716806,42.0098802678066,176.726707354207,0,56.6037966403488,41.1366538266349,58.6780575157485,105.482673728061,7.85167640943072,68.9897713577313,27.0635812986942,53.2037214029354,61.5419657732924,43.6505370222062,55.6699617592825,51.8232097294456,56.3604769666918,129.351822911229,62.752249800522,75.5212019636878,52.4912377830513,44.9446454288859,8.48703532640965,59.2061397975759,43.7843577859156,72.1595547837754,57.8674969003624,61.387008683555,40.7468401860832,77.329951130392,70.4723186594063,10.2538020851007,41.494659890993,0,25.905849589935,63.8340173194352,3.17625904822128,13.4229745186251,0,40.7053524199083,0,50.1443625709384,59.4262714445264,58.7460214408284,36.7674628800295,54.7221178345247,18.1487448433831,87.2247313682246
HERV_dup127,chr10,97555507,97561807,-,6301,7.49888425265148,7.22675296610152,3.48007177247808,0,0,3.95581722548597,0,5.29513310702392,8.225408498253,4.55451108109834,0,0,26.25889939984,21.162382862062,14.7741336033743,5.77924272828103,0,2.62561751673791,0,0,8.08625666290697,0.498626106989514,1.67651592902138,4.54666697103712,1.30861273490512,0,2.79968082400285,3.94101640021744,3.05798587693378,6.82039640971972,0,0,39.7838660941354,8.81944247122018,49.6180579818081,11.106059112307,4.45380199371345,9.73028406192375,3.77201570062651,10.4481423172193,10.7395594569227,11.6060822379499,13.3540377462375,3.36367170868794,0,11.6337094620944,3.67391234717284,1.20632965707067,1.88612090413605,0,41.449359343896,8.76153178894209,0,1.34229745186251,0,0,0,1.82343136621594,0,0,0,0,9.07437242169156,0
HERV_dup1272,chr19,27877000,27885982,+,8983,118.107426979261,54.2006472457614,106.722201022661,116.832189641455,75.9038161598163,32.4377012489849,36.8205506427906,118.762271114679,95.6203737921912,593.225068313059,0,219.763213463046,128.376841510329,49.7315997258457,512.345847459875,9.63207121380172,33.9888947370743,173.728359024158,50.7835365960365,630.760084164275,59.2992155279845,67.3145244435843,97.2379238832403,55.4693370466528,217.884020361702,385.685674161793,265.969678280271,195.080311810763,43.9585469809232,64.1117262513654,392.544602148787,129.558024323614,139.243531329474,0,0,326.518137901827,282.498297886967,141.552465757986,188.600785031326,140.701649871886,395.71145998969,143.814497296336,267.485422735242,370.003887955674,52.6898795509696,147.132207902958,166.662023749022,96.5063725656537,20.7473299454965,435.180570082905,10.362339835974,42.5560115462901,15.8812952411064,53.0207493485691,0,20.54288813715,61.0616118696141,35.1010537996569,12.4174298540801,21.1485677186982,0,1.7100661823289,63.1425081009371,2.12743247239572
HERV_dup1273,chr19,28429970,28437238,-,7269,7.49888425265148,0,40.6008373455776,32.6346898439818,0,33.2288646940821,1.93792371804161,375.19800301198,3.08452818684488,54.6541329731801,0,138.760746962244,0,24.3367402913713,11.6082478312227,0,0,2.62561751673791,0,0,13.4770944381783,9.224582979306,15.0886433611925,0.909333394207423,23.5550292282921,10.5127270640352,2.79968082400285,23.6460984013046,6.11597175386757,0,0,0,3.31532217451128,0,0,76.6318078749185,70.9427031855784,177.693520845131,54.2227256965061,264.686272036222,140.44039289822,72.1595547837754,129.898367167946,83.2508747900266,2.81012690938505,19.8457396706316,216.426836451636,32.5709007409081,0,180.360008133219,0,7.50988439052179,0,4.02689235558753,0,0.380423854391666,8.72308740994487,8.66129898952573,0,0,0,0,3.02479080723052,0
HERV_dup1278,chr19,34721933,34727787,+,5855,0,32.5203883474568,1.16002392415936,0,0,0,34.882626924749,9.07737104061243,1.02817606228163,3.41588331082376,0,3.5218463696001,0,0,0.527647628691941,0,0,0,0,0,0,8.22733076532698,0,6.82000045655567,0,0.657045441502203,1.86645388266857,0.656836066702906,1.91124117308362,13.6407928194394,15.7017840859515,0,0,22.0486061780505,81.7238602053309,2.22121182246141,6.68070299057017,12.973712082565,5.65802355093977,13.930856422959,1.65223991644965,5.55073498336734,3.23734248393636,1.68183585434397,3.51265863673131,29.4264415805917,0,4.22215379974735,26.4056926579047,0,0,0,0,0.671148725931255,0,4.18466239830833,0,20.5136028699294,14.191348404663,0,0,0,0,0
HERV_dup1279,chr19,35358702,35373330,+,14629,0,7.22675296610152,2.32004784831872,0,0,2.37349033529158,11.6275423082497,5.29513310702392,1.02817606228163,3.41588331082376,0,0.70436927392002,0,35.9760508655054,3.16588577215165,0,0,2.18801459728159,0,0,0,1.7451913744633,0,0,0,0.657045441502203,0,0,4.20473058078395,0,0,0,3.31532217451128,1.4699070785367,48.1587033352843,8.88484728984563,5.40818813522347,1.62171401032062,6.12952551351808,2.78617128459181,0,3.02767362729128,9.71202745180907,3.36367170868794,4.21519036407757,13.0023811635172,6.67984063122335,7.84114277095937,0,0,0,5.00658959368119,38.1151085786553,20.1344617779376,0,0,4.75804767815175,0,13.3043891293716,0,0,13.6805294586312,9.83057012349919,0
HERV_dup1281,chr19,36149712,36161023,-,11312,3406.36817176693,1297.20215741522,1301.5468429068,647.472246504599,854.676969959532,204.911332280173,1854.59299816582,468.997503764975,2250.67740033448,2092.79784176469,1351.00020331105,415.577871612812,1806.02874761122,1316.30021402026,1062.68232418557,1446.73709631302,2323.86928873768,554.442898951155,1452.40914664664,1825.74437863584,541.779196414767,3631.49393720463,3686.65852791802,722.920048394901,1439.47400839563,1621.58814962744,573.00134197925,867.680444114539,1559.95504547085,2698.14881968512,1079.14079717994,2093.13944097231,689.587012298347,508.587849173697,1465.19206510986,444.242364492281,551.95331850663,467.285308402386,1118.40265523576,309.265012589691,379.189060825194,351.210140765788,463.344643013391,1314.35472016981,1017.26594119739,821.203020853721,792.897082926211,1207.53598672774,2389.71518554037,1638.13218396227,1108.77036244922,1096.44312101618,2102.68348992249,526.851749856035,6448.30921222608,1077.3603556372,659.782611370376,645.950561481998,427.514370690474,3126.46326108089,721.291110028814,1956.31571258426,724.059299480806,3181.5752624678
HERV_dup1282,chr19,36255756,36265235,-,9480,56.2416318948861,173.442071186436,39.4408134214182,30.0239146564633,144.217250703651,103.642411307732,139.530507698996,60.5158069374162,130.578359909766,107.031010405811,230.061628824708,119.038407292483,93.3649756438756,50.7897188689488,82.3130300759428,53.9395987972896,51.4688977447124,60.8268058044282,103.598414655914,228.883406068049,0,43.1311582545929,31.8538026514063,111.848007487513,145.910319941921,52.5636353201762,21.4642196506885,246.31352501359,92.1218245426303,94.1214704541321,68.5168760114247,47.1591208537955,99.4596652353384,69.0856326912248,42.3212847491892,96.6227142770712,85.8947527359021,40.5428502580156,48.5647021455663,88.4609382857899,229.661348386501,173.586621298033,80.1242264774248,63.0688445378989,130.670901286405,82.8046379360835,126.582979961682,151.997536790905,18.8612090413605,0,54.4022841388635,50.0658959368119,184.223024796834,35.5708824743565,0,81.4107048398166,15.8601589271725,268.500268675298,123.28733926551,28.1980902915976,46.5000265835667,165.876419685903,105.489579402164,8.50972988958288
HERV_dup1283,chr19,36324871,36330878,-,6008,541.794387254069,841.916720550827,832.89717754642,619.406413238775,631.519750449672,420.898952791707,443.784531431529,619.530573521798,767.019342462093,824.3665056788,660.815316836928,845.947497977945,210.07119519872,684.603085587706,851.095625080101,718.552512549608,535.082314289369,737.360919283896,696.75012209762,165.008967165338,568.733385291124,673.145244435843,610.251798163784,393.741359691814,898.362642512364,759.544530376546,795.109354016809,657.492902769609,582.928557790503,635.660945385878,987.784962498039,1033.87303410244,616.649924459098,587.962831414679,713.624422150122,688.575664963036,742.512418094799,678.803150034204,592.67796696094,252.845044076707,845.120717263993,748.844610483376,719.094699244363,833.349665827438,779.81021735435,1402.20415810773,795.569019178701,767.828826725482,365.907455402393,1358.49143740709,544.022841388635,610.803930429105,736.892099187337,742.961639605899,196.843123320586,294.067639444758,701.019024581024,673.757889816791,555.236506332441,659.130360566095,875.39003533482,957.637062104182,795.898081152531,246.782166797904
HERV_dup1285,chr19,37106674,37115830,-,9157,0,0,25.5205263315059,0,0,27.6907205784018,3.87584743608322,27.988560708555,14.3944648719428,11.3862777027459,0,2.11310782176006,0,0,3.16588577215165,0,0,4.37602919456318,0,0,43.1267022021705,8.22733076532698,0,26.825335129119,0,3.28522720751101,13.06517717868,17.0777377342756,15.6721776192856,0,22.8389586704749,0,23.207255221579,19.1087920209771,0,16.6590886684605,9.54386141510024,2.31673430045803,4.71501962578314,62.6888539033157,46.2627176605901,9.08302088187383,14.9727089882057,22.7047840336436,16.8607614563103,2.0530075521343,2.003952189367,11.4601317421714,0,0,5.181169917987,0,12.7050361928851,3.35574362965627,0,0,11.1021112490207,5.01443625709384,6.20871492704007,0,7.56977176941784,0,2.26859310542289,28.7203383773422
HERV_dup129,chr10,99258162,99268781,+,10620,0,3.61337648305076,3.48007177247808,0,0,0,0,0,0,0,0,2.11310782176006,0,0,0,3.85282848552069,0,3.50082335565055,0,0,0,0,0,0,5.23445093962048,0,2.79968082400285,1.31367213340581,5.35147528463412,2.72815856388789,4.28230475071404,0,36.4685439196241,20.5786990995138,0,4.44242364492281,7.31696041824352,0,16.0310667276627,2.78617128459181,0,7.56918406822819,2.83267467344431,7.56826134454787,0,0,6.01185656810101,0,26.4056926579047,0,0,1.2516473984203,25.4100723857702,4.69804108151878,0,4.18466239830833,7.93007946358625,0,11.5304705787887,0,0,0,4.53718621084578,0
HERV_dup1295,chr19,43321084,43329393,-,8310,0,0,10.4402153174342,1.30538759375927,86.5303504221906,1.58232689019439,38.7584743608322,0.756447586717702,11.3099366850979,10.2476499324713,0,0,0,38.0922891517116,3.69353340084359,140.628239721505,310.755609024679,10.0648671474953,0,0,0,13.7122179422116,35.2068345094491,5.91066706234825,0,3.94227264901322,0,4.59785246692034,0,99.5777875819079,2.85486983380936,0,19.8919330470677,1.4699070785367,131.341918187139,14.4378768459991,3.18128713836675,5.32848889105348,9.43003925156628,0.696542821147952,0.826119958224823,1.51383681364564,3.6420102944284,21.8638661064716,11.9430393648864,0,4.00790437873401,4.82531862828269,66.0142316447616,0,0,0,0,5.36918980745004,0,0.380423854391666,1.58601589271725,5.01443625709384,0,34.0726924356805,18.3837314400147,22.2308603702757,0,0
HERV_dup1297,chr1,94445059,94450789,+,5731,18.7472106316287,46.9738942796599,5.8001196207968,0,51.6145949886751,36.3935184744709,0,8.32092345389472,0,1.13862777027459,0,16.2004933001605,37.9295213553245,35.9760508655054,18.9953146329099,17.3377281848431,31.0755609024679,2.18801459728159,0,0,0,9.224582979306,0,13.1853342160076,20.2834973910293,1.97113632450661,0,24.3029344680075,0,0,2.85486983380936,7.77348145941683,43.0991882686467,0,36.4838661630942,12.2166650235377,10.1801188427736,0.695020290137411,0,32.0409697728058,12.3917993733723,15.6429804076716,1.21400343147613,4.20458963585993,0.702531727346261,8.89636605924864,5.67786453653985,7.23797794242403,0,0,75.1269638108115,0,0,8.72493343710631,0,14.0756826124917,0,9.5730146726337,23.0609411575774,0,82.1860934965365,18.8107280056179,2.26859310542289,0
HERV_dup1298,chr19,44624715,44635635,-,10921,11.2483263789772,28.9070118644061,24.3605024073466,1.95808139063891,0,18.1967592372354,0,10.5902662140478,2.05635212456325,14.8021610135696,0,11.9742776566403,105.03559759936,44.4410040103302,13.1911907172985,77.0565697104138,30.1044496242658,19.254528456078,12.1880487830488,0,2.69541888763566,13.2135918352221,15.0886433611925,19.0960012783559,72.6280067872341,50.5924989956696,2.79968082400285,0.656836066702906,5.73372351925085,24.553427074991,7.1371745845234,1.55469629188337,29.8378995706015,8.81944247122018,1.45935464652377,5.55302955615352,15.5883069779971,6.7185294713283,2.35750981289157,6.96542821147952,15.6962792062716,5.55073498336734,10.5213630727932,14.2956047619238,30.9113960032355,17.1083962677858,10.019760946835,12.6664613992421,69.7864734530337,0,7.7717548769805,10.0131791873624,9.52877714466384,10.7383796149001,0,12.553987194925,22.9972304444001,18.2343136621594,22.173981882286,3.52476128644971,0,0,17.3925471415755,12.7645948343743
HERV_dup1302,chr19,47048224,47055408,-,7185,59.9910740212118,54.2006472457614,25.5205263315059,31.3293022502225,6.07230529278531,11.8674516764579,25.1930083345409,24.9627703616842,60.6623876746159,93.367477162516,24.4746413643307,10.5655391088003,11.6706219554845,14.8136680034434,24.2717909198293,36.6018706124465,6.79777894741485,29.3193956035733,18.2820731745731,101.134528262626,18.8679322134496,96.9827778094604,119.032630960518,26.3706684320153,3.92583820471536,47.3072717881586,19.5977657680199,20.3619180677901,48.9277740309405,50.4709334319259,44.2504824240451,65.8154763563959,16.5766108725564,5.87962831414679,7.29677323261883,18.880300490922,24.8140396792606,23.8623632947178,16.502568690241,26.4686272036222,9.91343949869787,9.58763315308905,28.7314145449352,20.1820302521277,6.32278554611635,17.7927321184973,49.7648127026139,18.0949448560601,47.1530226034012,77.7699117638651,33.6776044669155,50.0658959368119,73.0539581090894,42.2823697336691,176.480041597767,27.7709413705916,21.4112145516829,27.8073283347931,12.4174298540801,71.6701461578107,12.4360536211864,97.4737723927471,46.8842575120731,58.5043929908823
HERV_dup1303,chr19,47392829,47401859,+,9031,41.2438633895831,50.5872707627106,11.6002392415936,5.22155037503709,0,26.1083936882074,31.0067794886658,8.32092345389472,18.5071691210693,86.5357105408685,102.793493730189,82.4112050486424,110.870908577102,71.9521017310109,106.05717336708,69.3509127393724,41.7577849626912,13.5656905031459,115.786463438963,0,13.4770944381783,2.49313053494757,67.0606371608554,20.460001369667,75.2452322570444,89.3581800442996,33.5961698880342,29.5576230016308,28.2863693616375,81.8447569166366,71.371745845234,51.8232097294456,99.4596652353384,48.506933591711,68.589668386617,103.286349744455,37.8573169465643,15.5221198130688,23.1035961663374,13.2343136018111,17.3485191227213,14.129143594026,25.8987398714909,108.478412605186,23.8860787297729,13.0023811635172,26.7193625248934,57.9038235393922,16.9750881372244,234.964414265295,7.7717548769805,62.5823699210149,0,4.69804108151878,0,5.32593396148333,0,7.74958330641776,16.8522262305373,105.742838593491,4.32558386823876,20.5207941879468,20.417337948806,0
HERV_dup1304,chr19,50347458,50354404,-,6947,22.4966527579544,10.8401294491523,3.48007177247808,0,0,0,3.87584743608322,0,4.1127042491265,14.8021610135696,0,2.81747709568008,0,20.1042637189589,7.91471443037911,1.92641424276034,0,0.875205838912637,4.06268292768292,0,67.3854721908914,2.74244358844233,0,3.18266687972598,0,11.1697725055374,0,0,6.11597175386757,9.54855497360761,11.4194793352374,2.07292838917782,0,5.87962831414679,0,9.99545320107633,2.5450297106934,2.54840773050384,0,1.3930856422959,0,5.55073498336734,0,0,5.62025381877009,13.0023811635172,0.667984063122335,4.82531862828269,0,266.40331476558,0,0,6.35251809644256,0,0,0.380423854391666,0,1.36757352466196,0,25.8482494339645,0,0,17.0144482906717,0
HERV_dup1307,chr19,5158099,5165664,-,7566,56.2416318948861,151.761812288132,30.1606220281434,39.1616278127782,112.337647916528,172.473631031188,58.1377115412483,33.2836938155789,19.5353451833509,62.6245273651022,269.221055007637,65.5063424745619,210.07119519872,136.4973694603,56.9859438987296,46.2339418262483,3.88444511280849,17.9417196977091,146.256585396585,106.457398171186,1156.3347027957,6.23282633736892,28.5007707933635,34.1000022827784,72.6280067872341,47.3072717881586,11.1987232960114,44.0080164690947,22.9348940770034,15.0048721013834,54.2425268423779,20.2110517944838,56.3604769666918,155.81015032489,13.1341918187139,37.7606009818439,5.72631684906014,19.9239149839391,11.7875490644578,41.0960264477292,42.9582378276908,37.845920341141,23.8754008190306,20.1820302521277,19.6708883656953,4.1060151042686,12.023713136202,75.395603566917,47.1530226034012,196.906797870212,0,15.0197687810436,3.17625904822128,0,0,5.706357815875,0,2.73514704932391,30.1566153599089,23.4984085763314,33.5232749788504,0,10.208668974403,0
HERV_dup1308,chr19,51804688,51811880,-,7193,279.333438411268,137.308306355929,220.404545590278,199.724301845169,623.92936883369,261.083936882074,199.606142958286,263.24376017776,198.437980020354,236.834576217114,151.74277645885,423.325933625932,72.9413872217778,65.6033868723922,497.044066227808,84.7622266814551,122.360021053467,232.367150231305,231.572926877926,58.5515689941521,291.105239864651,152.828901792286,479.483555700116,193.688012966181,605.233389893618,168.860678466066,466.613470667141,364.544017020113,196.093344358379,225.073081520751,264.075459627366,224.394498128499,497.298326176692,363.067048398564,232.037388797279,633.045369401501,461.286635063178,374.615936384064,801.081834420555,417.229149867623,357.709941911348,399.652918802449,403.049139250076,383.458574790426,483.341828414228,234.04286094331,228.7845416194,753.352870840634,254.626322058366,0,119.166908113701,202.766878544088,158.812952411064,167.787181482814,0,146.463183940792,218.87019319498,211.062180639495,183.600569985328,202.08631375645,547.186359332204,242.829397890703,240.84896802573,221.252977129155
HERV_dup1309,chr19,51976955,51992170,+,15216,187.472106316287,242.096224364401,158.923277609832,128.580677985288,453.904820635702,75.1605272842334,141.468431417038,320.733776768306,46.2679228026731,592.086440542784,186.007274368913,338.80162075553,472.66018919712,146.020441748228,228.47142322361,192.641424276034,89.3422375945952,101.961480233322,138.131219541219,556.239905444445,99.7304988425193,67.0652113900896,207.887975198652,73.2013382336976,409.595786025302,158.347951402031,149.316310613485,180.629918343299,194.182103185295,360.116930433201,119.904533019993,144.586755145153,421.045916162933,233.715225487335,91.9393427309973,376.495403907208,469.876110336768,413.305399201713,917.07131721482,389.367437021705,556.80485184353,397.129857446373,388.076430261871,609.66549719969,840.227945906129,259.363287419633,339.335904066146,345.613446750747,348.932367265169,264.748635791881,209.837381678473,178.985577974103,104.816548591302,49.6650057189129,0,24.3471266810667,223.628240873132,153.624092603693,198.678877665282,186.812348181834,339.017635673213,210.338140426454,155.398627721468,441.442238022112
HERV_dup1310,chr19,52026192,52043911,+,17720,189.34682737945,274.616612711858,223.884617362756,189.933894891974,182.169158783559,143.991747007689,203.481990394369,278.372711912114,156.282761466807,244.804970609036,611.866034108266,165.526779371205,78.7766981995201,171.415301182702,152.490164691971,225.39046640296,188.395587971212,208.298989661208,318.920609823109,0,161.725133258139,105.708734681777,154.239465469967,135.490675736906,196.94621660322,153.748633311515,230.507054509568,227.265279079205,151.370300908222,140.500166040226,191.276278865227,162.724878550459,291.748351356993,330.729092670757,102.154825256664,193.245428554142,261.18367405991,204.335965300399,226.320942037591,169.9564483601,289.141985378688,207.395643469453,218.925285476196,247.229870588564,269.772183300964,265.522310076036,132.594836529783,215.329843787115,252.74020115423,0,82.898718687792,135.177919029392,130.226620977072,164.431437853157,359.747777103139,160.158442698892,187.149875340635,228.384778618547,145.461321147796,164.48886003432,109.761690656559,159.036154956587,121.747829991028,146.792840595305
HERV_dup1315,chr19,52620842,52627302,+,6461,48.7427476422346,126.468176906777,107.88222494682,55.4789727347691,238.337982741823,242.096014199741,197.668219240244,88.5043676459712,45.2397467403915,257.329876082056,19.5797130914645,147.917547523204,93.3649756438756,217.972543479239,169.902536438805,80.9093981959344,65.0644556395421,47.2611153012824,48.752195132195,0,261.455632100659,28.9203142053918,36.8833504384705,71.3826714452827,310.141218172513,94.6145435763172,79.324290013414,88.6728690048923,63.453206946376,141.86424532217,87.0735299311855,38.8674072970842,281.802384833459,380.705933341005,164.907075057186,176.586339885682,123.43394096863,116.995082173131,109.388455318169,167.170277075508,121.439633859049,175.100458111679,123.019014389582,104.273822969326,92.7341880097065,34.9011283862831,70.1383266278451,130.283602963633,58.4697480282174,145.611749685535,44.0399443028895,100.131791873624,3.17625904822128,31.543990118769,0,101.573169122575,88.0238820458074,92.0832839939051,91.3568053550182,54.0463397255622,99.4884289694916,90.6335076634315,51.4214437229189,94.6707450216096
HERV_dup1316,chr19,52627908,52633543,+,5636,24.3713738211173,10.8401294491523,6.96014354495616,0,48.5784423422825,9.49396134116632,40.6963980788738,7.56447586717702,5.14088031140813,53.5155052029055,0,28.1747709568008,0,12.6974297172372,23.2164956624454,55.86601304005,46.6133413537018,6.12644087238846,16.2507317107317,0,2.69541888763566,11.7177135142536,33.5303185804277,3.63733357682969,22.246416493387,4.59931809051542,27.0635812986942,5.91152460032615,9.17395763080135,35.4660613305425,11.4194793352374,20.2110517944838,29.8378995706015,157.280057403427,49.6180579818081,29.986359603229,14.3157921226504,6.25518261123669,22.1605922411808,24.3789987401783,24.7835987467447,21.1937153910389,26.7080754924749,39.5231425770833,16.158229728964,6.1590226564029,14.6956493886914,53.0785049111095,0,0,10.362339835974,27.5362427652466,41.2913676268766,2.68459490372502,0,22.4450074091083,15.0671509808139,0,4.4347963764572,37.5974537221302,2.70348991764923,87.2133752987737,12.0991632289221,61.6955416994759
HERV_dup1317,chr19,52649616,52662512,+,12897,44.9933055159089,32.5203883474568,4.64009569663744,0,3.03615264639265,18.1967592372354,1.93792371804161,6.05158069374162,6.16905637368975,7.9703943919221,0,33.809725148161,0,2.1162382862062,40.6288674092795,65.4980842538517,34.9600060152764,9.627264228039,36.5641463491463,0,64.6900533032558,9.224582979306,10.0590955741283,5.45600036524454,18.3205782886717,0,3.73290776533713,4.59785246692034,4.20473058078395,23.189347793047,9.99204441833276,0,106.090309584361,26.4583274136605,78.8051509122834,15.5484827572298,8.90760398742689,22.2406492843971,1.88600785031326,8.35851385377542,23.131358830295,6.05534725458256,19.4240549036181,10.9319330532358,4.21519036407757,2.73734340284574,5.34387250497868,12.0632965707067,0,57.913764079474,51.81169917987,7.50988439052179,0,2.68459490372502,0,0,0,4.55857841553986,7.98263347762295,37.5974537221302,0,0,7.5619770180763,21.2743247239572
HERV_dup1319,chr19,52898515,52905998,-,7484,99.3602163476321,79.4942826271167,169.363492927267,276.089476080086,12.1446105855706,217.569947401728,205.419914112411,139.186355956057,175.818106650158,184.457698784483,323.065266009165,183.136011219205,2.91765548887111,149.194799177537,184.676670042179,498.941288874929,377.762287220625,97.585451038759,164.538658571158,215.576231296651,347.709036505,111.692247965651,165.975076973117,222.332014883715,163.57659186314,172.802951115079,186.645388266857,167.493197009241,154.046038550539,186.87886162632,125.614272687612,73.5889578158127,261.910451786391,288.101787393193,258.305772434707,207.683305400141,149.520495503237,232.831797196033,77.7978238254218,236.128016369156,209.834469389105,177.11890719654,177.244500995516,205.183974229965,136.993686832521,101.966041756004,128.252940119488,134.50575676338,109.395012439891,0,227.971476391428,98.8801444752036,139.755398121736,81.8801445636131,0,132.007077473908,106.263064812056,121.714043694914,224.400696648734,223.234881475148,164.372186993073,152.195890227272,130.82220241272,162.748584138273
HERV_dup1321,chr19,52984944,52989463,-,4520,5.62416318948861,0,35.9607416489402,24.1496704845465,48.5784423422825,1.58232689019439,17.4413134623745,5.29513310702392,48.3242749272364,7.9703943919221,0,7.04369273920021,5.83531097774223,0,13.1911907172985,15.4113139420828,54.3822315793188,35.4458364759618,20.3134146384146,0,21.5633511010853,7.97801771183222,0,25.4613350378078,6.5430636745256,6.57045441502203,13.06517717868,26.2734426681162,17.965667026986,16.3689513833273,8.56460950142808,30.0574616430784,0,29.3981415707339,20.4309650513327,12.2166650235377,31.1766139559941,9.49861063187794,5.65802355093977,13.2343136018111,31.3925584125433,17.1568172213172,3.23734248393636,20.1820302521277,6.32278554611635,6.84335850711434,7.34782469434568,7.84114277095937,3.77224180827209,0,0,5.00658959368119,3.17625904822128,21.4767592298002,0,50.9767964884833,0,4.55857841553986,0.886959275291439,37.5974537221302,14.058147571776,0,7.5619770180763,14.89202730677
HERV_dup1322,chr19,53007104,53017514,+,10411,1.87472106316287,0,0,0.652693796879636,0,0,5.81377115412483,0.756447586717702,0,5.69313885137293,0,0,0,0,12.1358954599146,0,1.94222255640424,0.437602919456318,4.06268292768292,0,64.6900533032558,4.23832190941087,3.35303185804277,6.36533375945196,9.8145955117884,54.5347716446828,0,5.91152460032615,8.02721292695118,12.2767135374955,22.8389586704749,12.9558024323614,23.207255221579,0,0,0,1.2725148553467,2.31673430045803,0,0,0,0,0,0,0,0,0,0,0,0,0,0,0,0,81.4523268912769,20.9233119915417,0,1.82343136621594,1.77391855058288,0,0,13.6805294586312,0,0
HERV_dup1324,chr19,53359581,53364986,+,5406,3.74944212632574,0,4.64009569663744,0.652693796879636,0,83.0721617352053,5.81377115412483,18.9111896679426,10.2817606228163,18.2180443243934,29.3695696371968,11.2699083827203,0,23.2786211482682,16.3570764894502,9.63207121380172,0,0.437602919456318,0,0,61.9946344156201,14.2108440492011,82.1492805220478,17.277334489941,61.5047985405406,32.1952266336079,13.06517717868,13.793557400761,11.4674470385017,25.9175063569349,5.70973966761872,0,0,36.7476769634174,16.0529011117614,2.22121182246141,27.0409406761173,31.0442396261377,10.3730431767229,30.6478841305099,2.47835987467447,6.05534725458256,20.2333905246022,8.40917927171986,18.9683566383491,11.6337094620944,8.68379282059035,43.4278676545442,15.0889672330884,0,0,5.00658959368119,0,7.3826359852438,0,36.5206900216,16.6531668735311,36.9244851658729,20.4000633317031,10.5742838593491,55.1511943200442,41.0415883758935,18.9049425451908,0
HERV_dup1327,chr19,53831404,53845084,+,13681,0,0,0,1.95808139063891,4.55422896958898,2.37349033529158,0,1.5128951734354,1.02817606228163,7.9703943919221,4.89492827286613,2.81747709568008,0,0,3.16588577215165,0,447.682299251178,26.2561751673791,4.06268292768292,255.497755610846,5.39083777527132,0,0,5.00133366814083,18.9748846561242,0,8.39904247200854,1837.82731463473,7.26271645771774,0,0,0.518232097294456,6.63064434902256,2.93981415707339,0,0,0,0,0,6.26888539033157,0,0.504612271215213,6.07001715738067,1.68183585434397,3.51265863673131,0,0,0,0,0,0,1.2516473984203,0,0,0,0,0,0.455857841553986,0,0,14.058147571776,0,4.15908735994197,0
HERV_dup133,chr1,100664827,100681043,-,16217,16.8724895684658,0,0,0,0,0,0,0.756447586717702,0,2.27725554054917,0,2.81747709568008,0,4.2324765724124,4.22118102953553,5.77924272828103,0,0.437602919456318,0,0,2.69541888763566,0,0,0,0,18.3972723620617,0.933226941334283,0,2.29348940770034,0,0,0,208.865296994211,0,0,29.986359603229,65.2163863365183,40.079503397924,25.4611059792289,16.7170277075508,55.3500372010631,19.6798785773933,13.7587055567295,33.6367170868794,58.3101333697397,19.8457396706316,21.3754900199147,16.2854503704541,1.88612090413605,0,0,12.516473984203,0,0,0,0,0,0,3.54783710116576,0,0,0,0,0
HERV_dup1331,chr19,55122249,55128004,+,5756,50.6174687053975,46.9738942796599,42.9208851938963,9.13771315631491,40.9880607263008,90.9837961861772,60.0756352592899,24.2063227749665,22.6198733701958,35.2974608785121,0,2.11310782176006,5.83531097774223,0,51.1818199831183,7.70565697104138,0,8.75205838912637,0,0,13.4770944381783,23.9340531354967,6.70606371608554,94.570672997572,11.7775146141461,9.19863618103084,43.8616662427113,32.8418033351453,25.2283834847037,6.82039640971972,25.6938285042843,38.3491751997897,0,0,13.1341918187139,22.2121182246141,4.45380199371345,14.3637526628398,17.9170745779759,37.6133123419894,36.3492781618922,48.4427780366604,13.7587055567295,16.8183585434397,0.702531727346261,0,11.0217370415185,10.2538020851007,0,0,10.362339835974,13.7681213826233,0,11.4095283408313,0,98.9102021418333,57.8895800841796,15.9550244543895,10.6435113034973,1.17492042881657,0.540697983529845,5.13019854698669,1.89049425451908,95.7344612578075
HERV_dup1333,chr19,57497491,57511700,-,14210,0,0,1.16002392415936,9.79040695319454,0,5.53814411568035,0,10.5902662140478,6.16905637368975,4.55451108109834,0,9.15680056096027,0,0,7.38706680168717,15.4113139420828,5.82666766921273,15.7537051004275,0,0,0,12.9642787817274,13.4121274321711,0,1.30861273490512,0,15.8648580026828,5.25468853362325,8.40946116156791,10.9126342555516,0,13.9922666269503,23.207255221579,16.1689778639037,0,5.55302955615352,11.1345049842836,23.630689864672,10.8445451393012,1.3930856422959,13.2179193315972,11.6060822379499,25.4940720609988,16.8183585434397,0,15.739724566363,1.0019760946835,1.80949448560601,9.43060452068023,0,0,6.25823699210149,31.7625904822128,1.34229745186251,0,3.04339083513333,0,18.2343136621594,7.98263347762295,0,0,0,2.64669195632671,7.44601365338502
HERV_dup1334,chr19,57512640,57518501,+,5862,88.1118899686549,108.401294491523,84.6817464636333,150.772267079196,253.518745973787,334.662137276113,168.59936346962,155.071755277129,125.437479598358,33.020205337963,24.4746413643307,101.429175444483,134.212152488071,99.4631994516915,86.0065634767864,77.0565697104138,88.3711263163931,164.538697715576,30.4701219576219,0,194.070159909767,49.6132976454566,139.150822108775,203.690680302463,119.738065243818,11.8268179470396,114.786913784117,118.230492006523,154.810535019773,102.305946145796,47.1053522578545,25.3933727674283,86.1983765372933,182.26847773855,62.752249800522,61.0833251176887,77.9415348899853,129.273773965558,96.186400365976,399.119036517776,113.178434276801,172.577396755603,78.9102230459487,118.56942773125,132.075964741097,66.3805775190091,34.7351712823614,156.822855419187,81.10319887785,0,41.449359343896,66.3373121162758,63.5251809644256,89.9339292747881,1106.39410693984,348.468250622766,108.642088651132,87.0688477368113,137.478687670173,59.920941869645,71.9128318094695,0,42.7251701521311,199.978652405198
HERV_dup1339,chr19,58305674,58315275,+,9602,524.921897685603,617.88737860168,530.130933340827,473.855696534616,242.892211711412,437.513385138748,496.108471818652,470.510398938411,601.482996434751,597.779579394157,279.01091155337,536.025017453136,119.623875043716,906.808105639357,648.478935662395,529.763916759095,496.237863161284,434.539699020124,406.268292768292,244.852015793727,469.002886448604,714.281898262478,784.609454782008,397.833359965748,426.607751579069,618.279760453573,462.880562901804,364.544017020113,384.541724024423,401.03930889152,708.007718784722,956.138219508271,523.820903572782,451.261473110766,360.46059769137,465.343876805665,378.891298179479,576.635167384005,493.191052856916,256.327758182446,433.712978068032,498.052311689415,475.889345138645,459.982106163076,429.949417135912,565.945748538356,493.640222647405,413.167907546705,505.48040230846,976.260594482562,616.559220240453,700.922543115367,924.291383032392,723.498326553893,638.043227315002,531.452124585158,491.664926742347,722.990536704621,576.523528939435,915.263014048107,651.541070153464,764.399583501017,894.203782387523,735.027919212722
HERV_dup1345,chr19,7791837,7801535,-,9699,344.948675621968,83.1076591101675,45.240933042215,33.9400774377411,277.807967144928,8.70279789606913,96.8961859020805,37.0659317491674,21.5916973079141,181.041815473659,347.539907373495,23.2441860393607,99.2002866216178,360.818627798157,64.9006583291087,208.052738218117,31.0755609024679,4.37602919456318,262.043048835548,0,229.110605449031,25.9285575634547,115.679599102476,0,69.3564749499713,86.0729528367886,35.4626237707027,9.19570493384068,24.0816387808536,39.5582991763744,19.9840888366655,2.07292838917782,106.090309584361,216.076340544894,328.354795467848,59.972719206458,19.4058515440372,16.2171401032062,37.2486550436868,4.17925692688771,22.3052388720702,54.498125291243,59.4861681423306,37.8413067227394,30.2088642758892,214.197121272679,2.003952189367,45.2373621401502,15.0889672330884,158.849181475129,126.938662990681,227.799826512494,250.924464809481,43.6246671855316,0,17.4994973020167,79.3007946358625,189.181004244904,70.9567420233151,200.911393327633,148.151247487178,227.438802249743,31.0041057741128,2.12743247239572
HERV_dup1346,chr19,8379293,8386644,+,7352,11.2483263789772,10.8401294491523,0,0,0,0,0,0,0,0,0,0,0,0,0,11.5584854565621,0,0,0,0,0,0,0,0,0,7.22749985652423,0,0,1.14674470385017,0,0,0,0,0,0,0,0,1.15836715022902,1.41450588773494,2.78617128459181,0,0,0,0,0,0,2.003952189367,0,0,0,0,0,0,1.34229745186251,0,3.04339083513333,0,0,2.66087782587432,0,0,0,0,0
HERV_dup1350,chr19,9313307,9323055,-,9749,0,14.453505932203,12.760263165753,10.4431007500742,0,0,0,8.32092345389472,27.7607536816039,3.41588331082376,0,1.40873854784004,0,7.40683400172171,0,1.92641424276034,0,9.627264228039,0,0,0,13.4629048887169,0,10.0026673362817,0,49.2784081126652,13.06517717868,17.7345738009785,15.6721776192856,2.72815856388789,12.8469142521421,47.1591208537955,0,0,0,0,14.9520495503237,9.96195749196955,3.3005137380482,6.96542821147952,19.8268789973957,16.652204950102,13.7587055567295,3.36367170868794,11.2405076375402,19.8457396706316,2.003952189367,4.82531862828269,22.6334508496326,0,0,0,0,1.34229745186251,0,5.706357815875,0,0,0,16.448886003432,0,20.5207941879468,0,0
HERV_dup1351,chr19,9453904,9462598,+,8695,41.2438633895831,68.6541531779644,113.682344567617,9.13771315631491,0,38.7670088097625,122.089194236621,96.0688435131482,16.450816996506,135.496704662676,53.8442110015275,85.2286821443225,0,33.8598125792992,101.835992337545,53.9395987972896,0,89.2709955690889,52.8148780598779,420.506722776184,83.5579855167054,22.9368009215176,0,13.1853342160076,101.417486955147,37.4515901656256,108.254325194777,15.1072295341668,60.0129728348255,109.126342555516,101.347879100232,19.6928196971893,92.8290208863159,357.187420084417,0,78.8530196973799,214.736881839755,29.8858724759086,30.1761256050121,75.2266246839788,48.7410775352645,78.7195143095732,75.2682127515203,166.501749580053,212.164581658571,143.02619279869,26.3853704933322,132.696262277774,24.5195717537686,0,85.4893036467855,70.0922543115367,107.992807639523,57.7187904300879,0,25.10797438985,46.7874688351589,28.2631861763471,98.4524795573497,118.666963310473,75.1570197106485,53.0120516521958,34.4069954322472,0
HERV_dup1356,chr19,9539107,9550514,+,11408,633.65571934905,892.503991313538,313.206459523027,398.143216096578,121.446105855706,344.947262062376,530.991098743401,385.788269226028,209.747916705452,152.576121216794,122.373206821653,350.77589841217,452.236600775023,140.729846032712,245.883794970444,84.7622266814551,270.940046618392,220.989474325441,515.96073181573,495.026901496014,204.85183546031,303.912612210109,558.279804364121,281.438685507197,150.490464514089,196.456587009159,169.847303322839,184.570934743517,459.844626243918,189.607020190208,285.486983380936,300.05638433349,553.658803143384,176.388849424404,264.143191020802,267.656024606599,292.996545443577,310.905743121468,721.39800274482,563.503142308693,241.227027801648,347.173242596066,239.968011621782,193.411123249557,838.12035072409,408.548502874726,432.853672903273,232.82162381464,818.576472395044,542.734703373357,595.834540568505,536.956733922308,914.762605887728,377.856732699296,1751.22502816245,329.827481757575,558.277594236472,431.241518110071,612.888859226384,247.908210480296,550.430547233383,377.924626294686,304.369574977571,527.603253154139
HERV_dup1357,chr19,9626588,9634350,+,7763,646.77876679119,686.541531779644,464.009569663744,283.921801642642,338.531020072781,147.947564233175,430.219065405238,471.266846525129,320.790931431867,194.705348716954,381.804405283558,721.274136494101,414.307079419698,529.05957155155,351.413320708833,612.599729197789,736.102348877208,497.99212234129,692.687439169937,867.627795095164,353.099874280271,436.547156669319,407.393370752196,179.593345355966,461.285989054055,563.74498880889,404.087265597744,414.463558089534,354.344113489702,443.325766631782,519.586309753304,343.587880506224,454.199137908045,796.68963656689,379.432208096179,442.02115266982,488.327575739296,397.319932528553,524.781684349663,269.562071784257,357.709941911348,435.480390058729,424.901201016647,419.618045658821,662.487418887524,784.933220766015,460.57501152285,661.671816903263,726.156548092378,842.231597612922,670.961504379316,466.864479610771,695.60073156046,543.630468004316,509.07704307048,204.287609808325,549.554506826527,558.425855903633,582.732243866475,374.799616792485,500.686332748637,648.115083102652,469.598772822538,318.05115462316
HERV_dup1358,chr19,9634663,9641681,-,7019,35.6197002000945,25.2936353813553,18.5603827865498,6.52693796879636,0,45.09631637054,67.8273301314564,42.3610648561913,17.4789930587876,101.337871554438,24.4746413643307,61.2801268310418,32.0942103775822,48.6734805827426,88.6448016202461,55.86601304005,0,18.3793226171654,85.3163414813413,0,64.6900533032558,7.23007855134795,16.7651592902138,4.54666697103712,186.47731472398,61.1052260597049,29.863262122697,22.9892623346017,22.1703976077699,75.0243605069169,48.5327871747591,9.3281777513002,72.9370878392482,33.807862806344,33.5651568700466,85.5166551647641,23.2233961100772,26.6424444552674,38.1916589688434,25.0755415613263,15.6962792062716,55.0027375624582,20.2333905246022,37.0003887955674,23.1835470024266,43.7974944455318,31.3952509667497,46.4436917972209,43.3807807951291,142.302391738136,41.449359343896,42.5560115462901,25.4100723857702,4.69804108151878,285.083144119469,34.6185707496416,10.3091033026621,42.8506371060747,58.539312169235,48.1717375814793,41.0930467482683,153.905956409601,37.8098850903815,87.2247313682246
HERV_dup1359,chr19,9709656,9722342,+,12687,157.476569305681,289.070118644061,392.088086365864,419.029417596726,163.952242905203,132.915458776328,315.881566040783,89.2608152326889,117.212071100105,54.6541329731801,288.800768099102,2649.83720848712,644.801863040516,60.3127911568767,41.1565150379714,57.7924272828103,99.0533503766164,252.934487445752,30.4701219576219,21.2914796342371,194.070159909767,57.5913153572888,13.4121274321711,139.582676010839,217.884020361702,22.3395450110749,59.7265242453941,109.691623139385,153.281542081306,308.281917719331,111.339923518565,42.4950319781454,33.1532217451128,13.2291637068303,96.3174066705686,258.771177316754,159.064356918337,128.578753675421,83.9273493389399,193.638904279131,176.789671060112,257.352258319759,40.4667810492045,188.365615686525,136.291155105175,103.334713457427,84.1659919534142,401.104610975998,86.7615615902581,0,36.268189425909,214.031705129871,76.2302171573107,182.552453453301,828.098656727981,110.322917773583,255.348558727477,489.591321828981,1080.31639730497,210.310756758166,972.174974386662,266.770324443308,286.598928985092,177.640611445043
HERV_dup1362,chr19,9741762,9751748,+,9987,179.973222063635,227.642718432198,41.7608612697369,20.2335077032687,37.9519080799082,79.9075079548165,162.785592315495,169.444259424765,197.409803958072,396.242464055556,352.434835646362,85.2286821443225,157.55339639904,108.986271739619,446.917541502074,319.784764298217,174.800030076382,157.974653923731,387.986219593719,332.679369284955,126.684687718876,33.1586361148027,83.8257964510692,76.8386718105272,87.677053238643,77.5313620972599,200.643792386871,125.455688740255,271.013998343257,330.107186230434,65.6620061776153,53.3779060213289,898.452309292557,474.779986367353,523.908318102032,357.615103416286,59.1719407736215,45.6396657190233,193.787306619687,112.839937025968,176.789671060112,351.210140765788,313.212885320843,286.753013165647,288.038008211967,123.86478897877,68.1343744384781,133.299427106309,15.0889672330884,51.295048184677,235.743231268408,93.8735548815224,3.17625904822128,35.5708824743565,6.7876939076064,37.2815377303833,0,416.654067180343,379.618569824736,301.954550205858,100.569824936551,153.905956409601,41.5908735994197,113.817637273171
HERV_dup1364,chr20,12753820,12761980,+,8161,3.74944212632574,0,4.64009569663744,0.652693796879636,0,0.791163445097193,1.93792371804161,2.26934276015311,19.5353451833509,9.10902216219668,4.89492827286613,0,0,0,0,11.5584854565621,107.793351880435,11.8152788253206,4.06268292768292,0,8.08625666290697,0,21.794707077278,15.9133343986299,0,0,48.5278009493827,756.675148841748,3.44023411155051,2.72815856388789,0,0,3.31532217451128,11.7592566282936,0,3.33181773369211,4.13567327987677,7.87689662155732,2.35750981289157,4.17925692688771,14.8701592480468,6.55995952579777,6.87935277836476,0.840917927171986,4.21519036407757,0,0,0,0,0,0,0,0,1.34229745186251,0,0,0,0,0,0,0,0,0,0
HERV_dup1366,chr20,1397221,1407332,+,10112,28.120815947443,0,2.32004784831872,2.61077518751854,42.5061370494971,2.37349033529158,25.1930083345409,2.26934276015311,0,3.41588331082376,0,16.9048625740805,0,0,16.8847241181421,7.70565697104138,5.82666766921273,3.93842627510687,6.09402439152438,0,13.4770944381783,0,13.4121274321711,3.63733357682969,17.6662719212191,11.1697725055374,0,7.88203280043487,1.91124117308362,0,0,0,39.7838660941354,0,0,13.3272709347684,9.54386141510024,9.03526377178634,5.65802355093977,2.08962846344386,0,11.1014699667347,21.4473939560784,8.40917927171986,0.702531727346261,0,0.333992031561167,6.03164828535336,0,0,2.5905849589935,7.50988439052179,22.233813337549,4.02689235558753,0,0,0,7.74958330641776,13.3043891293716,12.9241247169823,0,10.2603970939734,9.45247127259538,0
HERV_dup1371,chr20,1727231,1733344,-,6114,206.219316947916,187.895577118639,71.9214832978803,50.9101161566116,62.2411292510494,170.891304140994,102.709957056205,44.6304076163444,44.2115706781099,36.4360886487867,88.1087089115904,64.8019732006419,40.8471768441956,149.194799177537,206.310222818549,53.9395987972896,235.980040603116,35.8834393954181,62.9715853790852,247.513450748007,91.6442421796124,100.473160558387,167.651592902138,149.130676650017,150.490464514089,116.29704314589,85.856878602754,74.8793116041313,81.0366257387453,120.038976811067,192.703713782132,96.9094021940632,116.036276107895,45.5671194346376,107.992243842759,73.2999901412264,48.9918219308479,91.5110048680924,132.020549521928,87.067852643494,38.0015180783418,46.4243289517996,85.7895758243135,60.546090756383,95.5443149190915,80.7516303839492,44.4209401976353,81.4272518522703,450.782896088515,794.245907375644,56.992869097857,47.5626011399713,50.8201447715405,6.71148725931255,0,13.6952587581,11.1021112490207,30.0866175425631,0,22.3234881475148,78.4012076118276,90.6335076634315,9.07437242169156,52.1220955736952
HERV_dup1374,chr20,19752022,19756780,-,4759,22.4966527579544,0,33.6406938006214,15.6646511251113,0,64.8754024979699,25.1930083345409,5.29513310702392,4.1127042491265,4.55451108109834,0,6.33932346528018,0,3.1743574293093,21.1059051476776,21.1905566703638,30.1044496242658,32.3826160397676,40.6268292768292,0,0,9.97252213979027,26.8242548643422,20.0053346725633,0.65430636745256,19.7113632450661,11.1987232960114,11.8230492006523,8.02721292695118,9.54855497360761,28.5486983380936,11.401106140478,3.31532217451128,1.4699070785367,35.0245115165704,29.986359603229,16.5426931195071,24.3257101548094,41.4921727068916,34.8271410573976,11.5656794151475,7.06457179701298,13.3540377462375,6.72734341737589,11.2405076375402,35.5854642369946,7.68181672590685,6.03164828535336,96.1921661109384,0,36.268189425909,15.0197687810436,104.816548591302,6.04033853338129,0,65.0524791009749,87.2308740994487,28.7190440179011,23.0609411575774,37.5974537221302,78.4012076118276,92.3435738457604,15.1239540361526,75.5238527700481
HERV_dup1378,chr20,24926307,24933197,+,6891,0,0,0,0,6.07230529278531,15.0321054568467,0,0,13.3662888096611,0,44.0543544557952,5.63495419136016,0,0,0.527647628691941,3.85282848552069,33.0177834588721,7.43924963075741,0,0,0,0,20.1181911482566,6.82000045655567,25.5179483306498,9.85568162253304,0,9.85254100054359,1.52899293846689,15.0048721013834,19.9840888366655,0,0,5.87962831414679,0,0,2.5450297106934,5.09681546100768,9.43003925156628,0.696542821147952,12.3917993733723,7.56918406822819,0,4.20458963585993,5.62025381877009,0,2.33794422092817,14.4759558848481,15.0889672330884,140.647712764437,0,1.2516473984203,19.0575542893277,2.68459490372502,0,0.760847708783333,0,3.64686273243189,0,0,8.11046975294768,0,7.5619770180763,1.06371623619786
HERV_dup1381,chr20,30638322,30648606,-,10285,0,0,11.6002392415936,4.56885657815745,0,22.1525764627214,5.81377115412483,11.3467138007655,7.19723243597138,5.69313885137293,0,0,0,16.9299062896496,0,26.9697993986448,0,3.93842627510687,0,0,0,4.98626106989514,6.70606371608554,5.00133366814083,0,0,2.79968082400285,1.97050820010872,5.73372351925085,10.9126342555516,0,17.6198913080115,0,0,48.1587033352843,3.33181773369211,0,8.57191691169473,7.07252943867471,14.627399244107,14.8701592480468,3.02767362729128,2.02333905246022,3.36367170868794,4.91772209142383,0,0,0,22.6334508496326,0,0,0,0,2.68459490372502,0,21.3037358459333,0,2.27928920776993,6.20871492704007,4.69968171526627,0,0,0.378098850903815,0
HERV_dup1382,chr20,34127038,34136578,+,9541,89.9866110318177,133.694929872878,93.9619378569081,71.79631765676,294.506806700087,174.055957921383,104.647880774247,130.865432502162,50.3806270517996,101.337871554438,156.637704731716,106.359760361923,606.872341685191,111.102510025826,116.610125940919,34.6754563696862,172.857807519978,116.402376575381,182.820731745731,188.961881753855,40.4312833145349,112.68950017963,263.213000856357,118.213341246965,170.773961905118,81.4736347462731,97.0556018987654,90.643377205001,73.0094128117941,137.772007476338,109.91248860166,61.6696195780402,119.351598282406,76.4351680839082,141.557400712805,51.0878719166123,135.84096080826,87.3408831272679,153.238137837952,165.777191433213,104.091114736328,118.583883735575,115.330325990233,60.546090756383,98.3544418284766,45.1661661469546,57.1126373969596,66.9512959674223,224.44838759219,228.345698370498,124.348078031688,85.1120230925803,101.640289543081,63.0879802375379,298.658531934682,140.376402270525,118.158184007435,56.0705145111403,96.6785610067669,123.36664502574,144.366361602469,140.22542695097,46.8842575120731,234.017571963529
HERV_dup1383,chr20,34152126,34165730,+,13605,5.62416318948861,0,0,15.6646511251113,0,22.9437399078186,5.81377115412483,3.02579034687081,0,7.9703943919221,0,0,0,0,0,3.85282848552069,0,17.0665138587964,0,0,0,1.24656526747378,0,0.909333394207423,0,4.59931809051542,3.73290776533713,5.25468853362325,5.73372351925085,5.45631712777578,2.85486983380936,7.77348145941683,9.94596652353384,0,1.45935464652377,0,15.9064356918337,0.695020290137411,12.2590510270362,9.05505667492337,8.26119958224823,1.51383681364564,3.23734248393636,4.20458963585993,4.21519036407757,0,0,6.03164828535336,13.2028463289523,0,0,0,0,1.34229745186251,0,4.5650862527,0,0,0,0,0,0,0,0
HERV_dup1384,chr20,38588323,38598809,-,10487,0,0,10.4402153174342,13.0538759375927,0,26.1083936882074,0,56.7335690038277,0,3.41588331082376,0,8.45243128704025,0,0,0,0,0,0,0,0,0,0,0,0,0,0,9.33226941334283,2.62734426681162,0,0,0,0,43.0991882686467,4.40972123561009,0,6.66363546738422,111.981307270509,123.945285074505,52.3367178461928,240.307273296043,68.5679565326603,116.565434650714,114.925658179741,32.7957991597074,36.5316498220056,0,50.4327967657363,7.84114277095937,75.4448361654419,0,36.268189425909,5.00658959368119,0,0,0,0,0,0,7.09567420233151,0,18.3837314400147,0,1.51239540361526,0
HERV_dup1389,chr20,41685841,41692587,+,6747,7.49888425265148,3.61337648305076,9.28019139327488,14.359263531352,0,22.9437399078186,0,18.9111896679426,8.225408498253,4.55451108109834,0,0,5.83531097774223,24.3367402913713,0.527647628691941,5.77924272828103,0,0,103.598414655914,0,0,4.98626106989514,0,52.7413368640305,0,2.62818176600881,7.46581553067426,10.5093770672465,4.58697881540068,8.18447569166366,0,10.8828740431836,0,0,0,6.66363546738422,18.1333366886905,11.5836715022902,16.0310667276627,87.7643954646419,47.9149575770397,26.2398381031911,8.49802402033294,3.36367170868794,6.32278554611635,48.5878454005118,11.6897211046409,4.82531862828269,67.9003525488977,0,0,0,0,0,0,6.84762937905,7.13707151722762,4.10272057398587,0,0,0,27.3610589172624,0,0
HERV_dup1390,chr20,44670229,44679205,+,8977,20.6219316947916,39.7471413135584,16.240334938231,0,39.4699844031045,0.791163445097193,19.3792371804161,5.29513310702392,13.3662888096611,56.9313885137293,0,1.40873854784004,0,30.6854551499899,15.3017812320663,0,0,6.12644087238846,0,0,0,4.73694801640038,35.2068345094491,0,1.30861273490512,5.25636353201762,15.8648580026828,2.62734426681162,0,15.0048721013834,0,8.29171355671129,13.2612886980451,5.87962831414679,0,42.2030246267667,13.679534694977,6.4868560412825,31.1191295301687,11.1446851383672,4.13059979112411,26.7444503744063,12.1400343147613,16.8183585434397,9.1329124555014,26.0047623270345,12.023713136202,10.2538020851007,0,0,0,30.0395375620872,0,7.3826359852438,0,0,0,2.73514704932391,10.6435113034973,14.0990451457988,0,0,0,0
HERV_dup1394,chr20,49281128,49287343,-,6216,0,7.22675296610152,2.32004784831872,0,72.8676635134237,8.70279789606913,0,10.5902662140478,15.4226409342244,31.8815775676884,0,0,131.2944969992,0,17.4123717468341,17.3377281848431,44.6711187972976,7.00164671130109,0,0,0,6.23282633736892,0,5.45600036524454,16.357659186314,9.85568162253304,11.1987232960114,11.1662131339494,31.3443552385713,1.36407928194394,0,21.2475159890727,13.2612886980451,2.93981415707339,0,22.2121182246141,10.8163762704469,21.7773024243055,11.3160471018795,27.1651700247701,28.9141985378688,27.2490626456215,17.4007158511579,11.7728509804078,27.3987373665042,0,0.333992031561167,11.4601317421714,1.88612090413605,0,0,0,0,0,0,0,0,13.2198774050656,0,3.52476128644971,0.540697983529845,0,25.7107218614594,45.739798156508
HERV_dup1401,chr2,101236140,101245086,+,8947,0,0,5.8001196207968,0,0,1.58232689019439,1.93792371804161,12.1031613874832,13.3662888096611,7.9703943919221,0,0,0,0,27.9653243206729,0,0,8.75205838912637,0,135.733182668262,0,8.47664381882173,0,17.277334489941,0,2.62818176600881,21.4642196506885,7.22519673373196,10.7029505692682,2.72815856388789,8.56460950142808,18.6563555026004,6.63064434902256,0,0,1.1106059112307,4.45380199371345,1.85338744036643,0,2.08962846344386,4.95671974934894,0,8.09335620984089,10.0910151260638,0.702531727346261,0,0,3.01582414267668,1.88612090413605,0,0,0,0,0,0,0,0,3.64686273243189,0,0,0,0,0,22.3380409601551
HERV_dup1403,chr2,103469747,103481004,-,11258,3.74944212632574,0,8.12016746911552,6.52693796879636,0,0,0,0,0,0,0,1.40873854784004,0,0,0,0,0,13.1280875836895,0,0,0,0.249313053494757,0,0,56.2703476009201,0,0,0.656836066702906,0,1.36407928194394,0,0,0,0,0,0,5.09005942138679,0,0,1.3930856422959,0,13.1199190515955,0,20.1820302521277,0,0,0,6.63481311388869,0,0,0,0,31.7625904822128,14.0941232445564,0,1.90211927195833,0,0,0.886959275291439,0,0,0,0,1.06371623619786
HERV_dup1412,chr2,112039985,112042413,-,2429,7.49888425265148,0,3.48007177247808,5.87424417191673,0,0,0,7.56447586717702,0,1.13862777027459,0,1.40873854784004,40.8471768441956,0,8.970009687763,5.77924272828103,0,14.0032934226022,0,15.9686097256779,0,0,0,1.81866678841485,0,12.4838633885419,20.5309927093542,9.19570493384068,9.17395763080135,2.72815856388789,2.85486983380936,0,3.31532217451128,7.34953539268349,0,0,12.725148553467,8.34024348164893,22.6320942037591,7.66197103262747,22.3052388720702,18.6706540349629,19.4240549036181,13.4546868347518,8.43038072815514,13.0023811635172,12.6916971993244,7.23797794242403,0,0,7.7717548769805,0,0,1.34229745186251,0,4.18466239830833,31.720317854345,6.3820097817558,0,0,0,0,1.13429655271145,0
HERV_dup1413,chr2,112849256,112863419,+,14164,13.1230474421401,0,6.96014354495616,0,0,0,7.75169487216644,5.29513310702392,0,0,0,0,2.91765548887111,14.8136680034434,0,0,0,8.75205838912637,0,0,2.69541888763566,0,15.0886433611925,5.00133366814083,5.88875730707304,0,10.2654963546771,3.28418033351453,0.382248234616723,8.18447569166366,0,7.25524936212238,0,35.2777698848807,0,2.22121182246141,10.4982475566103,3.47510145068705,16.0310667276627,2.08962846344386,0,1.00922454243043,5.66534934688862,3.36367170868794,4.91772209142383,0,2.67193625248934,3.01582414267668,0,0,0,0,0,0,0,14.836530321275,22.9972304444001,0,16.8522262305373,0,0,5.13019854698669,0,0
HERV_dup1415,chr21,13889342,13901051,+,11710,0,0,5.8001196207968,0,0,0,0,0,0,0,0,0,0,0,5.80412391561135,0,0,0,0,0,0,0,0,0,0,0,0,0.656836066702906,0,0,0,0,0,0,0,1.1106059112307,0,3.93844831077866,5.18652158836145,0.696542821147952,19.0007590391709,11.1014699667347,12.1400343147613,0,12.6455710922327,0,3.67391234717284,1.80949448560601,0,0,0,0,0,0,0,0,0,0,2.66087782587432,0,0,0,0,0
HERV_dup1416,chr21,14115154,14124623,+,9470,14.997768505303,0,25.5205263315059,33.9400774377411,37.9519080799082,90.9837961861772,73.6411012855812,48.4126455499329,37.0143382421385,52.3768774326309,0,54.9408033657616,11.6706219554845,11.6393105741341,46.4329913248908,0,0,17.0665138587964,54.8462195237194,0,0,40.8873407731401,93.8848920251975,86.8413391468089,71.9737004197816,57.8199988521938,47.5945740080484,49.9195410694208,38.9893199309058,54.5631712777578,49.9602220916638,44.5679603673232,36.4685439196241,16.1689778639037,0,12.2166650235377,34.6760298081975,44.0179517087027,35.3626471933735,110.053765741376,59.4806369921872,38.8551448835714,18.210051472142,26.9093736695036,23.1835470024266,33.5324566848603,10.3537529783962,37.9993841977262,9.43060452068023,0,18.1340947129545,3.75494219526089,15.8812952411064,6.71148725931255,0,72.6609561888083,42.0294211570071,9.11715683107972,0,4.69968171526627,0,0,4.53718621084578,0
HERV_dup1417,chr2,115115467,115124440,-,8974,11.2483263789772,0,5.8001196207968,1.30538759375927,0,15.0321054568467,0,1.5128951734354,3.08452818684488,5.69313885137293,0,0,0,0,1.05529525738388,0,0,0,0,0,2.69541888763566,0,8.38257964510692,0,11.7775146141461,7.22749985652423,0,1.97050820010872,1.52899293846689,2.72815856388789,7.1371745845234,8.29171355671129,0,0,0,0,0,0,0,0,0.826119958224823,0,0,0,0,0,0,0,0,0,0,0,0,0,0,0,0,0,0,14.0990451457988,0,0,3.02479080723052,43.6123656841123
HERV_dup1433,chr2,117868790,117885361,-,16572,1.87472106316287,0,6.96014354495616,0,21.2530685247486,5.53814411568035,7.75169487216644,4.53868552030621,5.14088031140813,3.41588331082376,9.78985654573227,3.5218463696001,37.9295213553245,22.2205020051651,10.0253049451469,9.63207121380172,0,7.87685255021373,0,0,0,7.47939160484271,13.4121274321711,0.454666697103712,7.19737004197816,0.657045441502203,0,5.91152460032615,11.085198803885,21.8252685111031,0,1.03646419458891,3.31532217451128,0,0,3.33181773369211,4.45380199371345,5.32848889105348,13.2020549521928,5.57234256918361,4.95671974934894,22.7075522046846,10.5213630727932,15.1365226890957,3.51265863673131,0.684335850711434,7.34782469434568,3.01582414267668,99.9644079192105,0,7.7717548769805,2.5032947968406,3.17625904822128,0,0,6.84762937905,9.5160953563035,9.11715683107972,12.4174298540801,0,0,0,1.51239540361526,17.0194597791658
HERV_dup1437,chr2,12569454,12580319,+,10866,20.6219316947916,3.61337648305076,0,5.22155037503709,77.4218924830127,6.32930756077755,19.3792371804161,8.32092345389472,13.3662888096611,39.8519719596105,0,2.11310782176006,0,0,62.790067814341,23.1169709131241,30.1044496242658,7.87685255021373,14.2193902468902,0,67.3854721908914,3.4903827489266,30.1772867223849,1.81866678841485,9.16028914433583,9.85568162253304,25.1971274160256,7.22519673373196,25.6106317193204,16.3689513833273,21.4115237535702,18.1381234053059,66.3064434902256,1.4699070785367,0,25.5439359583062,6.04444556289682,6.7185294713283,3.77201570062651,1.3930856422959,5.78283970757376,13.1199190515955,10.9260308832852,31.9548812325355,16.158229728964,0,0.667984063122335,18.6981096845954,3.77224180827209,0,0,12.516473984203,0,1.34229745186251,0,0,13.4811350880966,7.74958330641776,9.75655202820583,4.69968171526627,0,1.7100661823289,0,0
HERV_dup1438,chr21,26227450,26233487,-,6038,9.37360531581435,0,3.48007177247808,20.2335077032687,0,15.8232689019439,11.6275423082497,14.3725041476363,6.16905637368975,28.4656942568646,0,1.40873854784004,0,0,32.1865053502084,0,38.8444511280849,10.940072986408,0,0,0,17.451913744633,0,0.454666697103712,39.2583820471536,0,13.06517717868,8.53886886713778,30.1976105347211,8.18447569166366,7.1371745845234,2.59116048647228,0,39.6874911204908,0,17.7696945796913,0.954386141510024,18.9972212637559,15.5595647650844,64.0819395456116,10.7395594569227,14.129143594026,15.7820446091897,28.5912095238475,6.32278554611635,0,13.3596812624467,6.03164828535336,22.6334508496326,0,77.717548769805,42.5560115462901,0,9.39608216303757,0,6.08678167026666,0,41.0272057398587,59.4262714445264,0,0,0,0,0
HERV_dup1440,chr21,26660480,26671501,-,11022,0,0,4.64009569663744,3.91616278127782,0,0,0,28.7450082952727,0,12.5249054730204,0,41.5577871612812,0,26.4529785775775,0.527647628691941,0,0,0,0,0,0,0,0,0.454666697103712,0,9.19863618103084,4.66613470667141,1.31367213340581,0,0,0,0,0,0,0,16.6590886684605,20.9964951132205,12.973712082565,0,6.96542821147952,15.6962792062716,13.6245313228107,9.30735964131703,50.4550756303192,14.7531662742715,6.1590226564029,14.3616573571302,0,0,0,0,0,0,0,0,0,0,0,0,7.04952257289941,0,0,0,0
HERV_dup1447,chr2,129961897,129967344,-,5448,37.4944212632574,104.787918008472,359.607416489401,101.167538516344,402.290225647027,201.746678499784,17.4413134623745,79.4269966053587,50.3806270517996,129.803565811303,102.793493730189,50.7145877222415,40.8471768441956,59.2546720137736,97.6148113080091,17.3377281848431,39.815562406287,101.961480233322,77.1909756259754,0,0,574.915901358909,258.183453069293,118.213341246965,92.2571978108109,118.268179470396,170.780530264174,109.034787072682,36.3135822885887,25.9175063569349,97.0655743495183,132.667416907381,46.4145104431579,33.807862806344,14.5935464652377,173.25452215199,293.950931585087,642.198748086967,153.70963980053,123.288079343187,123.091873775499,60.0488602746103,277.602117997543,66.4325162465869,7.02531727346261,162.18759661861,135.600764813834,41.6183731689382,16.9750881372244,359.065337292739,7.7717548769805,137.681213826233,9.52877714466384,96.6454165341007,0,146.843607795183,306.101067294429,90.2598526276892,10.6435113034973,68.145384871361,70.2907378588799,63.2724487461692,65.0330023554562,23.4017571963529
HERV_dup1449,chr2,132139787,132147993,-,8207,13.1230474421401,57.8140237288121,151.963134064876,204.945852220206,349.157554335155,90.19263274108,63.9514826953732,240.550332576229,158.33911359137,97.9219882436144,171.322489550315,202.858350888966,35.0118658664534,61.3709102999798,125.580135628682,0,0,146.596978017867,60.9402439152438,146.37892248538,56.6037966403488,168.036998055466,102.267471670304,94.1160063004683,141.984481737205,111.040679613872,167.047622498837,189.168787210437,79.5076328002784,35.4660613305425,78.5089204297574,167.388967426109,165.766108725564,30.8680486492706,23.3496743443803,52.198477827843,251.003555217136,333.146392405865,163.611181014675,218.017903019309,627.02504829264,302.767362729128,161.462456386326,88.2963823530585,179.848122200643,26.0047623270345,187.369529705815,173.108305789641,111.281133344027,0,12.9529247949675,35.0461271557683,38.1151085786553,175.169817468058,0,163.962681242808,0,66.0993870253279,73.6176198491894,0,81.6453955130067,15.3905956409601,255.972922061883,89.3521638406203
HERV_dup1453,chr2,13525956,13533240,-,7285,5.62416318948861,25.2936353813553,10.4402153174342,0,25.8072974943376,0,11.6275423082497,3.02579034687081,0,15.9407887838442,0,0,160.471051887911,0,1.58294288607582,21.1905566703638,1.94222255640424,6.12644087238846,0,0,26.9541888763566,5.73420023037941,1.67651592902138,0.454666697103712,4.58014457216792,7.88454529802643,0,10.5093770672465,15.2899293846689,9.54855497360761,0,5.70055307023901,3.31532217451128,1.4699070785367,0,0,0.636257427673349,2.08506087041223,0.943003925156628,4.17925692688771,0,0,0,5.04550756303192,1.40506345469252,6.84335850711434,0.333992031561167,0,5.65836271240814,170.431934291024,7.7717548769805,1.2516473984203,0,0,0,0,0,7.29372546486377,11.5304705787887,18.7987268610651,0,0,2.26859310542289,0
HERV_dup1456,chr21,36104268,36110350,+,6083,577.414087454164,473.352319279649,648.453373605082,170.353080985585,1234.19605075861,227.063908742894,870.127749400683,329.0547002222,88.4231413562198,898.377310746648,274.115983280503,347.95842131649,385.130524530987,872.948293060058,280.708538464113,186.862181547753,287.448938347828,438.915728214687,213.290853703353,654.712998752792,366.576968718449,230.863887536145,786.285970711029,58.1973372292751,516.24772392007,425.765446093427,232.373508392236,334.329557951779,344.405659389667,514.257889292867,449.641998824974,152.36023660457,192.288686121654,1062.74281778203,769.079898718025,711.898389098881,711.335804138805,367.897406912736,1603.10667276627,246.576158686375,296.577065002711,706.457179701298,460.916636150439,682.825356863653,502.310185052577,916.32570410261,397.450517557789,612.212300963366,258.398563866638,1919.42760949114,126.938662990681,597.035809046482,304.920868629243,284.567059794852,441.200103994416,172.712429893817,705.777072259176,296.763454851645,476.297130831503,431.195797375681,555.837527068681,702.837200937177,403.431473914371,268.056491521861
HERV_dup1459,chr21,37588254,37594389,-,6136,0,0,4.64009569663744,0,0,0.791163445097193,0,3.78223793358851,8.225408498253,1.13862777027459,0,6.33932346528018,0,0,4.22118102953553,0,2.91333383460636,0,0,0,0,0,0,5.91066706234825,0,13.1409088300441,5.5993616480057,20.3619180677901,0,0,0,0,0,0,0,0,2.22690099685672,0,0,0.696542821147952,0,0.504612271215213,0,0,0,0,0,0,0,0,0,33.794479757348,0,35.5708824743565,0,0,0,10.0288725141877,5.32175565174863,0,0,0,124.016423096451,84.033582659631
HERV_dup1470,chr21,42916753,42925759,-,9007,0,0,0,0,21.2530685247486,0.791163445097193,11.6275423082497,8.32092345389472,3.08452818684488,4.55451108109834,0,0.70436927392002,0,2.1162382862062,3.69353340084359,7.70565697104138,0.971111278202122,3.06322043619423,2.03134146384146,0,0,4.23832190941087,0,0,0,0,2.79968082400285,4.59785246692034,13.3786882115853,8.18447569166366,0,0,39.7838660941354,0,39.4025754561417,14.4378768459991,0.636257427673349,3.93844831077866,0,4.87579974803566,0,11.6060822379499,2.42800686295227,8.40917927171986,0,0,0,0,0,0,0,0,0,0,0,0,0,4.10272057398587,30.1566153599089,0,0,8.55033091164448,0,0
HERV_dup1484,chr2,152172385,152181991,-,9607,37.4944212632574,14.453505932203,23.2004784831872,31.9819960471022,0,35.6023550293737,11.6275423082497,57.4900165905454,53.4651552386445,15.9407887838442,0,5.63495419136016,58.3531097774223,6.3487148586186,22.1612004050615,52.0131845545293,25.2488932332552,38.0714539926997,95.4730488005486,13.3071747713982,0,15.7067223701697,48.6189619416201,19.5506679754596,31.4067056377229,3.94227264901322,39.1955315360399,17.7345738009785,45.8697881540068,46.3786955860941,58.5248315930919,30.0574616430784,0,0,23.3496743443803,26.6545418695369,24.4959109654239,28.7275053256796,28.7616197172771,40.3994836265812,26.4358386631943,14.6337558652412,25.4940720609988,34.4776350140514,19.6708883656953,4.1060151042686,15.0296414202525,50.0626807684329,0,0,2.5905849589935,10.0131791873624,19.0575542893277,40.2689235558753,54.3015512608512,30.0534844969416,36.4783655324967,10.9405881972957,53.2175565174863,31.7228515780474,0,71.8227796578137,17.0144482906717,36.1663520307273
HERV_dup1491,chr2,154867349,154874577,+,7229,0,0,13.9202870899123,25.4550580783058,0,33.2288646940821,5.81377115412483,0.756447586717702,1.02817606228163,5.69313885137293,53.8442110015275,0,0,0,0.527647628691941,0,0,21.4425430533596,32.5014634214633,0,0,14.2108440492011,5.02954778706415,24.5520016436004,11.1232082466935,50.5924989956696,10.2654963546771,5.25468853362325,17.5834187923693,0,19.9840888366655,36.2762468106119,6.63064434902256,0,0,0,0,0,0,0.696542821147952,0,0,0,1.68183585434397,0,0,0,0,0,0,0,0,0,0,0,18.6407688651917,0,0,0,16.448886003432,0,0,8.31817471988393,0
HERV_dup1494,chr2,156716347,156725860,-,9514,14.997768505303,0,48.7210048146931,12.4011821407131,0,7.12047100587474,3.87584743608322,3.02579034687081,5.14088031140813,1.13862777027459,0,0,81.6943536883912,9.52307228792791,7.38706680168717,0,0,0,0,0,0,4.73694801640038,0,7.27466715365938,0,0,10.2654963546771,0,5.73372351925085,0,0,5.18232097294456,0,0,0,2.22121182246141,0,0,0,0.696542821147952,2.47835987467447,1.51383681364564,3.6420102944284,0,0,0,0.333992031561167,6.03164828535336,13.2028463289523,0,0,0,6.35251809644256,27.5170977631814,0,0,0,7.29372546486377,23.0609411575774,0,0.540697983529845,0,39.3222804939968,0
HERV_dup1496,chr2,158865300,158879717,+,14418,0,0,0,0,0,0,0,1.5128951734354,5.14088031140813,0,0,95.7942212531228,0,0,1.05529525738388,0,0,7.43924963075741,0,0,0,0,21.794707077278,0,0,0,4.66613470667141,0,0,0,0,0,6.63064434902256,0,0,2.22121182246141,7.63508913208019,0,0,4.87579974803566,0,3.02767362729128,0.404667810492045,1.68183585434397,0,0,0.333992031561167,0,0,0,0,18.7747109763045,6.35251809644256,30.2016926669065,0,0.380423854391666,0,30.0866175425631,18.6261447811202,7.04952257289941,0,0,36.6755885376701,23.4017571963529
HERV_dup1500,chr2,164171184,164176445,-,5262,1.87472106316287,36.1337648305076,30.1606220281434,1.95808139063891,92.6026557149759,33.2288646940821,73.6411012855812,2.26934276015311,2.05635212456325,2.27725554054917,73.423924092992,6.33932346528018,32.0942103775822,10.581191431031,7.38706680168717,17.3377281848431,39.815562406287,7.43924963075741,0,0,18.8679322134496,0,16.7651592902138,9.09333394207423,0,23.6536358940793,5.5993616480057,21.6755902011959,9.9384541000348,6.82039640971972,25.6938285042843,1.55469629188337,9.94596652353384,0,100.69547061014,0,0.954386141510024,0.231673430045803,11.7875490644578,0,1.65223991644965,5.04612271215213,0.809335620984089,0,2.10759518203878,7.52769435782577,2.67193625248934,10.856966913636,0,0,2.5905849589935,0,0,3.35574362965627,0,0,31.720317854345,0,10.6435113034973,22.3234881475148,0,0,0,0
HERV_dup151,chr1,109702615,109711951,+,9337,157.476569305681,90.334412076269,149.643086216557,84.1974997974731,109.301495270136,81.4898348450109,67.8273301314564,418.315515454889,31.8734579307304,122.971799189655,156.637704731716,161.300563727685,0,134.381131174094,74.3983156455637,173.377281848431,67.9777894741485,89.2709955690889,109.692439047439,0,245.283118774845,60.0844458922364,31.8538026514063,45.9213364074749,119.738065243818,163.604314934048,210.909288741548,76.84981980424,105.118264519599,248.262429313798,89.9283997649949,92.7635454157076,185.658041772632,361.597141320027,14.5935464652377,233.227241358448,265.95560476746,213.139555642139,153.70963980053,182.494219140763,326.317383498805,216.983276622542,431.37588598452,433.072732493573,153.854448288831,234.04286094331,290.907059489777,132.093097449239,132.028463289523,274.676709634077,134.710417867662,151.449335208856,152.460434314621,57.7187904300879,0,18.2603450108,321.961226221602,61.9966664513421,44.347963764572,79.8945891595267,41.0930467482683,70.1127134754848,25.7107218614594,44.6760819203101
HERV_dup1512,chr2,170614838,170630300,-,15463,174.349058874147,173.442071186436,71.9214832978803,78.3232556255564,65.2772818974421,136.871276001814,96.8961859020805,127.839642155292,73.0005004219954,51.2382496623563,88.1087089115904,95.0898519792028,61.2707652662934,33.8598125792992,100.780697080161,30.8226278841655,0,112.026347380817,85.3163414813413,149.04035743966,0,46.6215410035195,55.3250256577057,100.026673362817,76.5538449919495,21.0254541280705,61.5929781280626,115.603147739711,55.0437457848081,84.5729154805245,45.6779173409498,64.2607800645125,142.558853503985,0,65.6709590935695,63.3045369401501,70.6245744717418,174.913439684582,90.0568748524579,112.839937025968,230.487468344725,122.620781905297,195.454552467658,43.7277322129433,20.3734200930416,49.9565171019347,74.8142150697015,15.6822855419187,58.4697480282174,6.61871589479703,88.079888605779,43.8076589447104,47.6438857233192,30.8728413928377,67.876939076064,114.507580171892,42.8224291033657,46.9533576800605,23.9479004328689,41.1222150085799,0,128.254963674667,18.5268436942869,79.7787177148395
HERV_dup1513,chr2,170975948,170983386,-,7439,9.37360531581435,0,3.48007177247808,0.652693796879636,0,3.16465378038877,0,3.78223793358851,1.02817606228163,18.2180443243934,0,14.7917547523204,0,37.0341700086085,13.1911907172985,0,7.76889022561697,15.7537051004275,0,0,0,10.7204613002745,20.1181911482566,1.81866678841485,9.16028914433583,4.59931809051542,0,3.94101640021744,4.58697881540068,9.54855497360761,17.1292190028562,11.401106140478,0,7.34953539268349,0,5.55302955615352,0,3.93844831077866,6.60102747609639,0.696542821147952,0,2.01844908486085,8.09335620984089,2.52275378151596,0,0,0.333992031561167,2.41265931414134,0,1.65467897369926,0,0,0,0,210.418511135799,3.04339083513333,0,0,0,0,0,0,7.18387816717249,0
HERV_dup1514,chr2,172512573,172519738,+,7166,0,0,0,0,0,0,0,3.02579034687081,0,0,0,5.63495419136016,0,0,3.69353340084359,0,0,5.68883795293214,0,0,0,0,0,0,0,0,0.933226941334283,9.19570493384068,0,0,0,0,0,0,0,0,0,0,0,0,0,3.02767362729128,0,1.68183585434397,0,0,0,0,0,1.65467897369926,18.1340947129545,0,19.0575542893277,0,0,0,0,0,0,0,0,0,0,0
HERV_dup152,chr1,109703931,109714016,+,10086,4568.69523092791,6977.42998877102,4312.9689500245,2460.00292043935,2340.87369036874,996.865940822464,2594.87985845772,3899.48730952976,136.747416283456,282.379687028097,1179.67771376074,693.80373481122,738.166838684392,1141.71055540825,1003.05814214338,1042.19010533335,1811.12253384696,4109.52901661428,1783.5178052528,4913.00892560022,4849.05857885655,993.512518176606,4479.65056234514,630.168042185744,779.278883635999,2006.61677834773,2121.22483765282,335.643230085185,4986.81046880977,2419.87664616856,733.701547289006,513.568008418806,1326.12886980451,3592.45289994369,112.37030778233,948.45744819102,4209.47914148688,1466.72448561998,5919.23563820815,1083.82062970621,171.006831352538,1142.44218203124,2019.2923743553,1585.13029271919,5236.67149563903,385.965419801249,1216.06498691421,1521.78486239465,1772.95364988788,1575.25438296169,608.787465363472,609.552283030685,705.129508705124,959.071529355763,0,261.731611821466,3394.86701836127,67.0111027084359,1014.68141093341,148.039974030888,664.51782175818,102.603970939734,252.570032403748,252.100747978893
HERV_dup1520,chr2,180231671,180239219,+,7549,13.1230474421401,0,4.64009569663744,1.30538759375927,0,1.58232689019439,38.7584743608322,6.05158069374162,29.8171058061671,1.13862777027459,0,16.2004933001605,0,0,6.33177154430329,5.77924272828103,83.5155699253825,8.75205838912637,0,63.8744389027114,134.770944381783,3.73969580242135,60.3545734447698,0,26.1722546981024,24.3106813355815,2.79968082400285,9.19570493384068,17.965667026986,50.4709334319259,42.8230475071404,20.2110517944838,3.31532217451128,0,0,0,1.90877228302005,0,0,0,0,0,0,0,0,0,1.66996015780584,0.603164828535336,0,0,0,0,0,0,0,0,0,0,1.77391855058288,0,0,0,0,0
HERV_dup1526,chr2,187510533,187517079,+,6547,0,0,0,1.95808139063891,0,1.58232689019439,0,3.02579034687081,0,1.13862777027459,44.0543544557952,0,0,2.1162382862062,0.527647628691941,3.85282848552069,13.5955578948297,0,0,0,10.7816755505426,0,31.8538026514063,6.82000045655567,0,3.94227264901322,0.933226941334283,6.56836066702906,5.73372351925085,0,0,2.59116048647228,3.31532217451128,0,45.2399940422368,0,4.77193070755012,0.231673430045803,13.6735569147711,7.66197103262747,8.26119958224823,13.6245313228107,0,0,0,2.0530075521343,3.00592828405051,4.22215379974735,13.2028463289523,0,15.543509753961,0,0,4.69804108151878,0,22.4450074091083,11.8951191953794,12.7640195635116,27.4957375340346,0,15.6802415223655,0,0,73.3964202976524
HERV_dup1527,chr2,187558164,187566109,-,7946,0,0,15.0803110140717,0,0,19.7790861274298,3.87584743608322,0.756447586717702,1.02817606228163,15.9407887838442,0,2.11310782176006,0,0,3.16588577215165,13.4848996993224,6.79777894741485,6.12644087238846,0,0,0,0,0,5.00133366814083,16.357659186314,7.88454529802643,4.66613470667141,12.4798852673552,0,0,0,4.14585677835565,6.63064434902256,0,0,0,0,0,0,0,4.13059979112411,0,3.23734248393636,1.68183585434397,3.51265863673131,0,0,0,0,0,20.724679671948,0,0,0,0,4.18466239830833,0,0,0,3.52476128644971,0,0,0,0
HERV_dup1532,chr2,192130351,192138714,+,8364,0,10.8401294491523,0,5.22155037503709,0,7.12047100587474,0,5.29513310702392,0,14.8021610135696,78.3188523658581,2.81747709568008,46.6824878219378,1.0581191431031,1.58294288607582,0,0.971111278202122,3.50082335565055,8.12536585536583,0,0,0,0,0,0,0,4.66613470667141,0,0,0,0,0,0,7.34953539268349,0,7.77424137861492,4.45380199371345,0,0,4.87579974803566,0,6.05534725458256,10.9260308832852,2.52275378151596,9.83544418284766,19.8457396706316,0,0,0,0,0,0,0,0,0,0,0,0,1.77391855058288,0,0,0,2.26859310542289,0
HERV_dup1541,chr2,197578410,197587726,+,9317,11.2483263789772,0,0,1.30538759375927,0,5.53814411568035,5.81377115412483,15.128951734354,5.14088031140813,25.0498109460409,0,2.11310782176006,0,6.3487148586186,6.33177154430329,50.0867703117689,4.85555639101061,0.875205838912637,0,0,29.6496077639922,3.24106969543184,3.35303185804277,0,0,6.57045441502203,0,5.91152460032615,8.40946116156791,23.189347793047,22.8389586704749,0,43.0991882686467,119.062473361472,27.7277382839516,7.77424137861492,3.8175445660401,2.31673430045803,27.3471138295422,3.48271410573976,1.65223991644965,19.1752663061781,19.8287227141102,21.0229481792997,35.8291180946593,0,7.34782469434568,7.23797794242403,0,0,2.5905849589935,7.50988439052179,6.35251809644256,0,0,11.41271563175,0,19.1460293452674,24.8348597081603,0,0,0,4.9152850617496,0
HERV_dup1549,chr2,203960014,203967570,-,7557,5.62416318948861,0,0,0,0,0,0,0,0,0,0,0,0,12.6974297172372,0,0,0,0,0,0,10.7816755505426,0,0,0,0,0,0,18.3914098676814,0,31.3738234847107,0,0,0,0,0,0,0,0,0,1.3930856422959,0,0,0,12.6137689075798,0,0,0,0,0,0,0,0,0,0,0,0,0,0,0,0,0,0,0,0
HERV_dup1555,chr2,208386088,208393926,-,7839,5.62416318948861,36.1337648305076,4.64009569663744,6.52693796879636,0,44.3051529254428,0,124.813851808421,2.05635212456325,61.4858995948276,0,59.8713882832017,0,14.8136680034434,0,0,0,0,0,0,0,0,0,0,0,0,0.933226941334283,1.97050820010872,0.764496469233446,0,8.56460950142808,0,0,0,0,0,0,0,11.7875490644578,0.696542821147952,14.044039289822,2.52306135607606,13.3540377462375,0.840917927171986,0,0,0,7.23797794242403,0,0,0,0,0,0,0,9.51059635979166,0,0,0,0,30.8197850612012,0,5.67148276355723,0
HERV_dup1556,chr2,208786310,208803594,-,17285,1.87472106316287,7.22675296610152,8.12016746911552,67.2274610786025,0,6.32930756077755,23.2550846164993,6.80802828045932,14.3944648719428,17.0794165541188,0,7.74806201312023,0,20.1042637189589,6.33177154430329,0,0,14.8784992615148,0,0,0,16.9532876376435,0,8.63866724497052,0,26.2818176600881,34.5293968293685,34.1554754685511,7.64496469233446,5.45631712777578,11.4194793352374,2.07292838917782,0,0,0,1.1106059112307,1.59064356918337,25.94742416513,5.18652158836145,10.4481423172193,50.3933174517142,0,2.42800686295227,11.7728509804078,0,0.684335850711434,3.67391234717284,0.603164828535336,0,0,0,0,0,0,0,12.553987194925,0,4.55857841553986,0,0,0,0,6.42768046536486,0
HERV_dup1557,chr2,208893883,208904305,+,10423,0,25.2936353813553,0,0.652693796879636,91.0845793917796,8.70279789606913,3.87584743608322,2.26934276015311,7.19723243597138,2.27725554054917,78.3188523658581,0,2.91765548887111,0,1.58294288607582,0,0,5.68883795293214,0,0,0,0.249313053494757,0,0.454666697103712,2.61722546981024,0,21.4642196506885,10.5093770672465,0.382248234616723,0,0,6.21878516753347,0,0,0,2.22121182246141,11.1345049842836,115.141694732764,0.471501962578314,2.08962846344386,28.9141985378688,52.9842884775974,19.0193870931261,4.20458963585993,0,0,9.01778485215152,1.20632965707067,0,0,0,1.2516473984203,3.17625904822128,1.34229745186251,0,6.46720552465833,0.793007946358625,0,0.886959275291439,0,0,0,3.78098850903815,1.06371623619786
HERV_dup1569,chr2,213406648,213412514,+,5867,18.7472106316287,50.5872707627106,25.5205263315059,3.26346898439818,40.9880607263008,53.7991142666091,44.5722455149571,12.1031613874832,10.2817606228163,51.2382496623563,63.6340675472597,24.6529245872007,116.706219554845,60.3127911568767,73.8706680168717,34.6754563696862,16.5088917294361,17.5041167782527,42.6581707406706,50.5672641313132,45.8221210898062,15.9560354236644,137.474306179754,48.6493365900971,62.8134112754457,57.8199988521938,13.06517717868,21.6755902011959,30.5798587693378,91.3933118902442,25.6938285042843,11.9193382377725,82.883054362782,33.807862806344,40.8619301026655,42.2030246267667,54.4000100660714,7.64522319151151,65.0672708358073,6.96542821147952,18.1746390809461,21.6983276622542,25.8987398714909,30.2730453781915,78.6835534627813,39.0071434905517,8.34980078902918,22.3170986558074,75.4448361654419,0,51.81169917987,45.0593063431307,34.9388495304341,1.34229745186251,95.0277147064897,15.97780188445,55.5105562451037,39.6596322151968,21.2870226069945,10.5742838593491,16.2209395058954,8.55033091164448,3.40288965813434,28.7203383773422
HERV_dup1579,chr22,18938674,18947848,+,9175,5.62416318948861,0,15.0803110140717,0,9.10845793917796,12.6586151215551,0,8.32092345389472,2.05635212456325,3.41588331082376,0,9.15680056096027,0,0,13.7188383459905,0,14.5666691730318,3.93842627510687,0,5.32286990855929,18.8679322134496,6.23282633736892,26.8242548643422,5.91066706234825,37.2954629447959,19.7113632450661,10.2654963546771,67.6541148703993,28.6686175962542,4.09223784583183,0,8.29171355671129,0,0,0,12.2166650235377,13.679534694977,16.9121603933437,9.90154121414459,11.1446851383672,0,1.51383681364564,9.71202745180907,5.8864254902039,9.83544418284766,39.0071434905517,0,0.603164828535336,0,0,0,2.5032947968406,0,0.671148725931255,0,30.0534844969416,35.6853575861381,0.455857841553986,7.09567420233151,0,0,17.100661823289,3.40288965813434,0
HERV_dup1587,chr22,23538316,23548383,+,10068,0,0,10.4402153174342,7.83232556255563,0,35.6023550293737,3.87584743608322,9.83381862733013,5.14088031140813,4.55451108109834,0,29.5835095046409,61.2707652662934,15.8717871465465,3.16588577215165,0,3.88444511280849,16.1913080198838,42.6581707406706,0,5.39083777527132,0,0,9.09333394207423,27.4808674330075,0,9.33226941334283,3.28418033351453,9.9384541000348,9.54855497360761,18.5566539197608,0,0,1.4699070785367,0,2.22121182246141,23.2233961100772,7.18187633141991,6.60102747609639,64.0819395456116,0,7.56918406822819,9.71202745180907,3.36367170868794,2.81012690938505,0,11.6897211046409,14.4759558848481,22.6334508496326,0,0,0,0,27.5170977631814,0,32.3360276232916,52.3385244596692,31.910048908779,12.4174298540801,0,12.4360536211864,0,9.83057012349919,0
HERV_dup1596,chr22,30672201,30679926,-,7726,22.4966527579544,21.6802588983046,90.4818660844301,41.7724030002967,115.373800562921,111.554045758704,23.2550846164993,138.42990836934,45.2397467403915,28.4656942568646,0,52.1233262700815,198.400573243236,0,27.4376766919809,9.63207121380172,6.79777894741485,21.4425430533596,24.3760975660975,0,24.2587699887209,29.4189403123813,5.02954778706415,57.2880038350677,70.6650876848764,7.22749985652423,62.5262050693969,40.7238361355802,29.4331140654877,5.45631712777578,14.2743491690468,19.6928196971893,96.1443430608272,26.4583274136605,8.7561278791426,38.8712068930746,84.6222378805554,98.2295343394207,136.264067185133,229.859130978824,135.483673148871,112.023924209777,65.9608531102033,16.8183585434397,44.2594988228145,34.9011283862831,63.792478028183,51.2690104255035,64.1281107406256,0,2.5905849589935,55.0724855304931,76.2302171573107,40.2689235558753,0,102.334016831358,80.8868105285797,102.112156508093,67.4089049221494,0,25.9535032094326,8.55033091164448,37.8098850903815,0
HERV_dup1598,chr2,231400714,231408843,+,8130,736.765377823008,307.137001059315,274.925670025768,169.047693391826,502.483262977984,210.449476395853,674.397453878481,170.200707011483,75.0568525465587,378.024419731162,215.37684400611,157.778717358085,913.226168016658,356.586151225745,359.855682767904,73.2037412248931,32.04667218067,144.846566340041,245.792317124816,0,45.8221210898062,205.932582186669,524.749485783693,120.03200803538,133.478498960322,116.954088587392,104.52141742944,110.348459206088,192.653110246828,114.582659683291,117.049663186184,210.920463598843,377.946727894286,120.532380440009,913.556008723878,397.596916220592,199.466703575595,280.556523785468,260.269083343229,130.253507554667,119.787393942599,170.054335399527,254.131384989004,148.00155518227,170.715209745142,463.295370931641,428.845768524539,193.615909959843,609.217052035943,767.771043796456,80.3081337287985,754.74338124744,613.017996306707,178.525561097714,122.178490336915,170.049462913075,351.302520236871,320.923920454006,403.566470257605,287.855505060059,245.47688452255,540.380913615931,137.627981728989,881.820759808026
HERV_dup1605,chr2,238204719,238211677,-,6959,13.1230474421401,39.7471413135584,30.1606220281434,1.30538759375927,77.4218924830127,3.16465378038877,15.5033897443329,6.05158069374162,6.16905637368975,108.169638176086,24.4746413643307,30.9922480524809,8.75296646661334,57.1384337275674,38.5182768945117,86.6886409242155,6.79777894741485,1.31280875836895,58.9089024514023,159.686097256779,8.08625666290697,12.7149657282326,5.02954778706415,2.27333348551856,2.61722546981024,69.6468167992335,2.79968082400285,12.4798852673552,1.14674470385017,47.742774868038,12.8469142521421,0.518232097294456,13.2612886980451,42.6273052775642,0,25.5439359583062,34.0397723805242,18.9972212637559,49.0362041081446,7.66197103262747,15.6962792062716,38.8551448835714,12.1400343147613,15.9774406162677,20.3734200930416,1.36867170142287,6.34584859966218,41.6183731689382,1.88612090413605,33.0935794739852,2.5905849589935,23.7813005699857,19.0575542893277,6.71148725931255,0,0,18.2391827662484,6.3820097817558,34.5914117363661,68.145384871361,7.56977176941784,1.7100661823289,19.2830413960946,0
HERV_dup1611,chr2,26297921,26306401,+,8481,39.3691423264203,93.9477885593197,47.5609808905337,52.2155037503709,252.00066965059,56.1726046019007,36.8205506427906,40.8481696827559,20.5635212456325,37.5747164190613,171.322489550315,96.4985905270428,215.906506176462,113.218748312032,41.1565150379714,146.407482449786,131.100022557286,91.8966130858268,54.8462195237194,0,64.6900533032558,19.1971051190963,16.7651592902138,82.2946721757718,98.8002614853365,60.4481806182027,69.0587936587369,68.9677870038051,48.9277740309405,147.320562449946,42.8230475071404,39.9038714916731,36.4685439196241,58.7962831414679,13.1341918187139,61.0833251176887,49.3099506446846,15.0587729529772,65.5387727983856,48.0614546592087,18.1746390809461,23.716776747115,53.8208187954419,53.8187473390071,60.4177285517785,17.1083962677858,23.7134342408429,74.7924387383816,32.0640553703128,0,54.4022841388635,50.0658959368119,114.345325735966,30.2016926669065,0,14.4561064668833,236.31636801487,61.9966664513421,50.556678691612,113.967281595207,143.284965635409,85.5033091164448,58.9834207409952,85.0972988958288
HERV_dup1613,chr2,27539073,27557531,-,18459,46.8680265790717,36.1337648305076,59.1612201321273,16.9700387188705,119.92802953251,55.3814411568035,96.8961859020805,43.8739600296267,38.0425143044201,63.7631551353768,73.423924092992,47.1927413526414,131.2944969992,8.46495314482481,62.790067814341,53.9395987972896,17.4800030076382,60.8268058044282,42.6581707406706,0,8.08625666290697,36.6490188637293,21.794707077278,20.460001369667,49.7272839263945,18.3972723620617,76.5246091894112,42.037508268986,52.3680081424911,62.7476469694214,41.3956125902357,51.3049776321511,43.0991882686467,24.9884203351238,55.4554765679031,24.4333300470755,48.3555645031745,21.0822821341681,28.2901177546988,23.6824559190304,35.5231582036674,43.3966553245083,60.2955037633146,52.9778294118351,25.2911421844654,47.2191736990889,23.3794422092817,6.03164828535336,67.9003525488977,6.61871589479703,10.362339835974,22.5296531715654,3.17625904822128,4.02689235558753,20.3630817228192,31.5751799145083,18.2391827662484,34.1893381165489,17.7391855058288,69.3203053001776,10.8139596705969,17.100661823289,13.6115586325373,44.6760819203101
HERV_dup1614,chr2,31687629,31695250,-,7622,3.74944212632574,0,3.48007177247808,0,30.3615264639265,18.9879226823326,9.68961859020805,1.5128951734354,0,11.3862777027459,4.89492827286613,20.4267089436806,2.91765548887111,15.8717871465465,6.33177154430329,1.92641424276034,0.971111278202122,3.50082335565055,0,0,0,2.74244358844233,30.1772867223849,0,17.0119655537666,0,3.73290776533713,5.25468853362325,6.49821998848429,15.0048721013834,0,0,0,0,0,1.1106059112307,0.318128713836675,0.463346860091607,1.88600785031326,9.75159949607133,3.30447983289929,0,7.2840205888568,0.840917927171986,7.72784900080887,7.52769435782577,2.67193625248934,4.82531862828269,1.88612090413605,3.30935794739852,0,1.2516473984203,57.172662867983,2.68459490372502,13.5753878152128,1.90211927195833,3.1720317854345,4.55857841553986,0.886959275291439,2.34984085763314,1.08139596705969,0,1.13429655271145,14.89202730677
HERV_dup1617,chr2,33659930,33665970,+,6041,16.8724895684658,0,96.2819857052269,10.4431007500742,0,6.32930756077755,40.6963980788738,13.6160565609186,18.5071691210693,33.020205337963,78.3188523658581,7.04369273920021,0,10.581191431031,36.4076863797439,0,33.9888947370743,7.43924963075741,168.601341498841,0,43.1267022021705,19.9450442795805,18.4416752192352,42.7386695277489,0,5.25636353201762,78.3910630720797,15.1072295341668,19.1124117308362,8.18447569166366,37.1133078395217,45.6044245619121,0,17.6388849424404,13.1341918187139,16.6590886684605,26.404683248444,17.8388541135269,29.7046236424338,6.26888539033157,3.30447983289929,13.1199190515955,15.7820446091897,15.9774406162677,11.2405076375402,13.0023811635172,12.023713136202,0,5.65836271240814,0,0,28.7878901636669,15.8812952411064,4.02689235558753,0,0.380423854391666,0,1.82343136621594,8.86959275291439,21.1485677186982,35.6860669129698,47.8818531052091,3.78098850903815,0
HERV_dup1629,chr2,38077761,38086512,-,8752,0,0,0,0,31.8796027871229,1.58232689019439,3.87584743608322,3.02579034687081,3.08452818684488,0,0,3.5218463696001,0,0,46.4329913248908,9.63207121380172,51.4688977447124,0.437602919456318,0,0,0,0,18.4416752192352,11.3666674275928,23.5550292282921,0,0,7.88203280043487,0.382248234616723,2.72815856388789,1.42743491690468,0,46.4145104431579,0,0,93.2908965433791,6.99883170440684,3.01175459059545,20.7460863534458,4.17925692688771,3.30447983289929,9.58763315308905,11.7353665042693,0,0,4.79035095498004,1.66996015780584,6.63481311388869,0,0,0,0,31.7625904822128,0.671148725931255,0,0,0,1.36757352466196,0.886959275291439,0,0,0,6.04958161446104,0
HERV_dup1638,chr2,47100196,47108458,+,8263,43.118584452746,0,0,0,0,3.16465378038877,0,0.756447586717702,0,1.13862777027459,0,0,0,0,60.1518296708813,30.8226278841655,30.1044496242658,4.8136321140195,0,0,0,0,21.794707077278,10.4573340333854,0,0,0,0.656836066702906,0,0,0,0,0,0,0,3.33181773369211,0,0,0,0,2.47835987467447,0,0,0,0,0,1.33596812624467,0,0,0,0,15.0197687810436,0,0,0,0,0,0,3.54783710116576,9.39936343053255,0,0,0,0
HERV_dup1639,chr2,47582986,47591646,-,8661,0,0,0,0,0,0,0,0,0,0,0,0,11.6706219554845,0,0,9.63207121380172,0,8.31445546967005,0,0,0,4.73694801640038,8.38257964510692,5.91066706234825,0,0,9.33226941334283,0,2.67573764231706,10.9126342555516,0,11.9193382377725,0,0,0,6.66363546738422,2.86315842453007,0,0,2.08962846344386,0,10.5968576955195,0,1.68183585434397,0,0,3.00592828405051,0,0,0,0,0,0,0,0,3.04339083513333,0,0,0,0,0,0,8.31817471988393,0
HERV_dup1640,chr2,48384541,48391663,+,7123,0,25.2936353813553,1.16002392415936,0,0,3.95581722548597,1.93792371804161,11.3467138007655,10.2817606228163,11.3862777027459,78.3188523658581,5.63495419136016,0,12.6974297172372,0,0,14.5666691730318,0,0,0,0,0,0,0,0,0,5.5993616480057,0,11.085198803885,5.45631712777578,1.42743491690468,7.77348145941683,66.3064434902256,13.2291637068303,0,1.1106059112307,6.04444556289682,2.78008116054964,7.54403140125302,4.87579974803566,3.30447983289929,5.04612271215213,7.2840205888568,2.52275378151596,0.702531727346261,16.4240604170744,7.68181672590685,1.20632965707067,0,0,0,0,0,6.71148725931255,0,7.98890094222499,0,0,0,0,0,0,0.378098850903815,0
HERV_dup1653,chr2,62088710,62100497,-,11788,7.49888425265148,7.22675296610152,11.6002392415936,5.87424417191673,47.0603660190861,3.95581722548597,5.81377115412483,3.02579034687081,1.02817606228163,7.9703943919221,0,11.9742776566403,23.3412439109689,4.2324765724124,2.6382381434597,7.70565697104138,0,33.6954247981365,0,0,18.8679322134496,0,33.5303185804277,7.7293338507631,3.92583820471536,2.62818176600881,16.7980849440171,4.59785246692034,9.17395763080135,4.09223784583183,0,0,56.3604769666918,36.7476769634174,2.91870929304753,38.8712068930746,38.8117030880743,17.1438338233895,25.9326079418073,4.17925692688771,23.9574787885199,43.3966553245083,38.8481098072363,14.2956047619238,11.9430393648864,8.89636605924864,26.7193625248934,6.63481311388869,77.3309570695779,0,0,6.25823699210149,31.7625904822128,10.0672308889688,47.5138573532448,1.141271563175,0,26.4397548101312,2.66087782587432,1.17492042881657,10.8139596705969,3.42013236465779,8.31817471988393,11.7008785981765
HERV_dup1655,chr2,63988448,63996456,+,8009,1.87472106316287,0,5.8001196207968,0,0,0,1.93792371804161,2.26934276015311,0,1.13862777027459,0,0,148.800429932427,0,5.27647628691941,0,0,0,0,0,0,0,0,0,0,0,0,0,7.64496469233446,10.9126342555516,2.85486983380936,0,3.31532217451128,0,0,7.77424137861492,0,0,8.01553336383133,0,0,11.1014699667347,0,4.20458963585993,1.40506345469252,0,0,0,0,0,23.3152646309415,15.0197687810436,0,0,0,0,0,0,0.886959275291439,0,0,0,0,0
HERV_dup1656,chr2,64073560,64080045,-,6486,0,0,0,0,0,0,9.68961859020805,0,0,0,0,4.22621564352012,0,0,4.74882865822747,1.92641424276034,6.79777894741485,12.6904846642332,0,0,0,5.98351328387416,0,0,0,0,13.06517717868,14.4503934674639,0,0,0,0,0,0,0,1.1106059112307,0,5.56016232109928,0,0,0,0,0.404667810492045,0,0,0.684335850711434,0,5.42848345681802,0,11.5827528158948,0,0,0,0,0,0,0,5.47029409864783,0,0,0,0,0,0
HERV_dup1657,chr2,64252675,64257653,+,4979,269.959833095453,296.296871610162,146.163014444079,107.69447648514,825.833519818802,170.100140695897,763.541944908395,304.848377447234,90.479493480783,337.033820001277,445.438472830818,221.171952010886,84.6120091772623,440.17756353089,102.891287594928,111.7320260801,293.275606017041,61.2644087238846,136.099878077378,303.403584787879,132.075525494147,139.615309957064,677.312435324639,138.218675919528,94.2201169131686,124.838633885419,91.4562402507597,313.967639883989,136.844867992787,376.485881816528,64.2345712607106,61.1513874807458,132.612886980451,89.6643317907385,290.41157465823,204.351487666449,189.922842160495,186.497111186872,438.96832716041,318.320069264614,207.35610951443,308.318097712495,324.54358401462,227.888758263608,165.797487653718,318.216170580817,245.484143197458,302.788743924739,301.779344661767,714.821316638079,189.112702006525,266.600895863523,320.802163870349,140.941232445564,108.603102521702,173.092853748208,436.154370497244,291.749018594551,442.592678370428,250.258051337929,557.459621019271,559.191641621549,156.911023125083,506.328928430182
HERV_dup1658,chr2,64885320,64892177,-,6858,0,14.453505932203,2.32004784831872,13.0538759375927,0,21.3614130176242,9.68961859020805,17.3982944945072,2.05635212456325,15.9407887838442,0,7.04369273920021,55.4354542885511,0,14.2464859746824,13.4848996993224,28.1622270678615,4.8136321140195,0,0,80.8625666290697,0.498626106989514,30.1772867223849,8.18400054786681,104.034712424957,43.3649991391454,37.3290776533713,10.5093770672465,0.764496469233446,5.45631712777578,17.1292190028562,3.62762468106119,23.207255221579,26.4583274136605,0,16.6590886684605,21.9508812547306,11.1203246421986,22.1605922411808,27.1651700247701,47.9149575770397,20.1844908486085,31.9687570288715,8.40917927171986,9.83544418284766,10.2650377606715,18.035569704303,6.63481311388869,3.77224180827209,0,0,1.2516473984203,0,1.34229745186251,0,6.46720552465833,0,0,3.54783710116576,1.17492042881657,0,17.100661823289,2.26859310542289,71.2689878252567
HERV_dup1661,chr2,6838342,6845368,-,7027,58.116352958049,10.8401294491523,48.7210048146931,9.79040695319454,0,53.7991142666091,23.2550846164993,114.980033181091,16.450816996506,26.1884387163155,0,23.9485553132807,58.3531097774223,9.52307228792791,32.7141529789003,36.6018706124465,38.8444511280849,41.5722773483502,6.09402439152438,0,16.1725133258139,0.74793916048427,0,35.9186690711932,60.1961858056355,21.6824995695727,49.461027890717,45.9785246692034,27.5218728924041,17.7330306652713,15.7017840859515,33.1668542268452,23.207255221579,5.87962831414679,10.2154825256664,85.5166551647641,114.208208267366,59.7717449518173,42.4351766320482,105.874508814489,174.311311185438,162.485151331299,113.711654748265,52.1369114846631,33.0189911852743,25.3204264763231,48.0948525448081,33.1740655694435,0,0,7.7717548769805,36.2977745541886,6.35251809644256,13.4229745186251,0,43.7487432550416,9.5160953563035,8.66129898952573,31.9305339104918,17.6238064322485,0,15.3905956409601,9.45247127259538,68.0778391166631
HERV_dup1662,chr2,69443011,69449341,-,6331,22.4966527579544,14.453505932203,64.9613397529241,26.1077518751854,47.0603660190861,65.666565943067,36.8205506427906,18.9111896679426,10.2817606228163,34.1588331082376,264.326126734771,50.0102184483215,0,13.7555488603403,40.6288674092795,28.8962136414052,30.1044496242658,35.0082335565055,56.8775609875608,0,16.1725133258139,16.9532876376435,80.4727645930265,12.2760008218002,64.1220240103508,22.9965904525771,37.3290776533713,27.587114801522,11.8496952731184,4.09223784583183,11.4194793352374,8.29171355671129,3.31532217451128,0,33.5651568700466,42.2030246267667,91.939198298799,51.1998280401226,20.2745843908675,53.6337972283923,52.0455573681638,62.0673093594712,43.2994557226488,46.2504859944592,24.5886104571191,20.530075521343,38.0750915979731,46.4436917972209,43.3807807951291,0,54.4022841388635,57.5757803273337,0,38.2554773780815,0,41.0857762743,15.0671509808139,43.7623527891826,26.6087782587432,17.6238064322485,18.9244294235446,227.438802249743,25.3326230105556,40.4212169755187
HERV_dup1663,chr2,69789458,69799610,-,10153,56.2416318948861,46.9738942796599,83.5217225394739,144.2453291104,0,132.124295331231,133.716736544871,159.610440797435,82.25408498253,35.2974608785121,29.3695696371968,164.822410097285,0,46.5572422965364,67.5388964725684,150.260310935307,414.664515792306,116.839979494837,109.692439047439,0,40.4312833145349,71.80215940649,41.9128982255346,150.494676741329,327.807490093732,42.7079536976432,233.306735333571,193.109803610654,106.647257458066,195.063337317984,144.170926607373,152.36023660457,26.5225773960902,23.5185132565872,132.801272833663,37.7606009818439,175.607050037844,60.6984386720005,272.528134370265,197.818161206018,120.613513900824,178.12813173897,132.326374030899,142.956047619238,179.145590473297,134.129826739441,142.94858950818,163.457668533076,150.889672330884,450.072680846198,0,56.3241329289134,6.35251809644256,59.7322366078817,0,97.7689305786583,128.467287310097,134.022205416872,213.757185345237,66.9704644425444,116.790764442447,109.444235669049,46.5061586611693,81.9061501872353
HERV_dup1664,chr2,70620648,70625536,+,4889,0,0,12.760263165753,11.0957945469538,0,0,0,1.5128951734354,4.1127042491265,0,0,0,0,0,0,0,0,0,0,0,0,0,0,9.54800063917794,0,0,0,1.31367213340581,6.49821998848429,0,0,0,0,0,0,0,2.22690099685672,3.93844831077866,0,2.78617128459181,0,0,3.6420102944284,0,0,0,0,0,0,0,0,0,0,1.34229745186251,0,7.98890094222499,0,0,0,0,0,0,3.40288965813434,0
HERV_dup1667,chr2,71085882,71090997,-,5116,633.65571934905,343.270765889822,113.682344567617,17.6227325157502,209.494532601093,15.8232689019439,215.109532702619,72.6189683248994,17.4789930587876,464.560130272031,269.221055007637,57.7582804614417,131.2944969992,177.764016041321,167.264298295345,184.935767304993,28.1622270678615,4.37602919456318,434.707073262072,0,105.121336617791,42.3832190941087,53.6485097286843,29.0986686146375,94.2201169131686,90.672270927304,14.9316310613485,9.19570493384068,66.1289445886931,43.6505370222062,49.9602220916638,16.5834271134226,162.450786551053,248.414296272702,472.8309054737,146.599980282453,31.1766139559941,20.6189352740765,25.9326079418073,26.4686272036222,27.2619586214191,82.2518002080797,62.7235106262669,73.1598596639628,109.594949466017,121.127445575924,40.0790437873401,124.251954678279,135.800705097795,446.7633228988,204.656211760486,128.919682037291,209.633097182604,112.08183723052,0,53.639763469225,112.607128382925,285.367008812795,64.7480270962751,175.063143893669,114.087274524797,427.516545582224,64.2768046536486,159.557435429679
HERV_dup1668,chr2,71157776,71165609,-,7834,11.2483263789772,0,2.32004784831872,0,0,3.95581722548597,27.1309320525826,7.56447586717702,4.1127042491265,31.8815775676884,0,0.70436927392002,0,24.3367402913713,6.33177154430329,25.0433851558845,0,0,0,0,0,0,26.8242548643422,10.0026673362817,6.5430636745256,19.0543178035639,10.2654963546771,2.62734426681162,4.20473058078395,12.2767135374955,7.1371745845234,0,0,0,0,15.5484827572298,6.04444556289682,11.5836715022902,10.3730431767229,1.3930856422959,3.30447983289929,5.55073498336734,8.49802402033294,5.8864254902039,0,2.0530075521343,0.667984063122335,1.20632965707067,0,1.65467897369926,0,21.2780057731451,0,4.69804108151878,0,7.98890094222499,0.793007946358625,0,0,32.8977720068639,0,0,0,0
HERV_dup1669,chr2,71388088,71395557,+,7470,626.156835096398,574.526860805071,261.005382935856,210.820096392123,828.869672465194,526.123690989634,587.190886566608,336.619176089378,276.579360753757,719.612750813538,435.648616285086,488.832276100494,250.918372042916,1002.03882851864,620.513611341722,666.539327995079,780.773467674506,291.005941438452,448.926463508962,556.239905444445,886.792814032131,411.865164373338,514.690390209565,271.436018170916,413.521624230018,795.682029659167,363.95850712037,310.683459550474,326.057744128065,486.976303653988,459.634043243307,449.825460451588,550.343480968873,873.124804650798,935.446328421735,671.916576294575,378.255040751806,540.725785726905,377.673072025229,431.160006290582,403.146539613713,585.350234609647,472.247334844216,469.232203361968,701.126663891569,655.593744981554,442.873433850108,626.688256848214,284.804256524543,1580.21841988279,621.74039015844,555.731444898612,527.259002004732,213.425294846139,733.070942021492,324.501547796091,397.296981125671,335.967229225288,522.419013146658,652.080837993196,619.639889125203,586.552700538812,469.976871673442,122.327367162754
HERV_dup1670,chr2,73688561,73697795,+,9235,86.237168905492,115.628047457624,145.00299051992,116.179495844575,414.434836232597,183.549919262549,174.413134623745,156.584650450564,117.212071100105,176.487304392561,102.793493730189,194.405919601926,17.5059329332267,133.323012030991,200.506098902938,113.65844032286,114.59113082785,126.467243722876,103.598414655914,0,148.248038819961,80.2788032253117,164.298561044096,29.5533353117413,94.2201169131686,43.3649991391454,205.309927093542,191.139295410546,90.5928316041634,105.034104709684,151.308101191896,112.974597210191,195.604008296166,171.979128188794,109.451598489283,191.024216731681,235.415248239139,175.376786544673,321.56433847841,256.327758182446,347.79650241265,201.34029621487,235.921333516862,182.479190196321,203.734200930416,151.922558857938,235.798374282184,141.743734705804,141.459067810203,205.180192738708,176.159777211558,205.270173340929,142.931657169958,80.5378471117506,0,65.8133268097583,83.2658343676556,117.155465279374,165.861384479499,136.290769742722,42.7151406988578,92.3435738457604,93.3904161732423,6.38229741718716
HERV_dup1671,chr2,73750637,73760946,+,10310,5.62416318948861,3.61337648305076,9.28019139327488,14.359263531352,1.51807632319633,4.74698067058316,9.68961859020805,3.02579034687081,0,9.10902216219668,0,11.2699083827203,37.9295213553245,28.5692168637837,41.1565150379714,0,0.971111278202122,0,0,0,21.5633511010853,0.74793916048427,30.1772867223849,0,54.3074284985625,42.050908256141,6.53258858933998,1.31367213340581,0,5.45631712777578,7.1371745845234,0,16.5766108725564,0,0,14.4378768459991,5.40818813522347,8.34024348164893,18.8600785031326,0.696542821147952,0.826119958224823,2.52306135607606,7.2840205888568,11.7728509804078,2.10759518203878,2.73734340284574,0,6.63481311388869,5.65836271240814,0,0,5.00658959368119,34.9388495304341,0,13.5753878152128,0,7.93007946358625,20.0577450283754,32.8174931857832,9.39936343053255,11.8953556376566,0,5.29338391265341,40.4212169755187
HERV_dup1673,chr2,75871935,75879491,+,7557,3.74944212632574,0,0,0,0,0.791163445097193,0,0,1.02817606228163,0,0,0,0,15.8717871465465,1.05529525738388,3.85282848552069,4.85555639101061,8.75205838912637,0,63.8744389027114,67.3854721908914,7.72870465833746,0,0,0,10.5127270640352,1.86645388266857,11.1662131339494,11.4674470385017,39.5582991763744,28.5486983380936,7.77348145941683,69.6217656647369,0,0,0,0,0,0,0,0,0,0,0,0,0,0,0,0,0,0,0,0,0,0,2.28254312635,0,0,0,0,0,0,9.45247127259538,0
HERV_dup1694,chr2,8897260,8901008,-,3749,341.199233495642,238.48284788135,39.4408134214182,5.22155037503709,177.61492981397,17.4055957921383,62.0135589773315,12.8596089742009,38.0425143044201,59.2086440542784,357.329763919228,18.3136011219205,195.482917754365,85.7076505913512,22.6888480337535,111.7320260801,108.764463158638,12.6904846642332,304.701219576219,220.89910120521,210.242673235581,33.4079491682974,119.032630960518,0,9.16028914433583,42.7079536976432,0.933226941334283,14.4503934674639,37.0780787578221,85.9369947624685,2.85486983380936,15.5469629188337,305.009640055038,114.652752125862,215.984487685517,4.44242364492281,24.1777822515873,11.815344932336,41.0206707443133,3.48271410573976,13.2179193315972,13.1199190515955,12.1400343147613,18.5001943977837,68.1455775525874,37.6384717891289,17.3675856411807,37.9993841977262,13.2028463289523,0,344.547799546135,48.8142485383916,85.7589943019745,8.72493343710631,13.5753878152128,20.1624642827583,58.6825880305382,12.7640195635116,23.9479004328689,3.52476128644971,73.534925760059,90.6335076634315,25.3326230105556,24.4654734325508
HERV_dup17,chr10,119883735,119890745,+,7011,13.1230474421401,0,0,17.6227325157502,0,0,0,2.26934276015311,1.02817606228163,0,0,0,0,0,0,0,0,3.06322043619423,0,0,21.5633511010853,0,26.8242548643422,0,0,0,0,1.31367213340581,2.29348940770034,16.3689513833273,4.28230475071404,6.73701726482792,19.8919330470677,8.81944247122018,0,0,6.04444556289682,5.32848889105348,0,1.3930856422959,6.60895966579858,5.55073498336734,1.61867124196818,18.5001943977837,9.83544418284766,14.3710528649401,10.6877450099574,4.22215379974735,0,0,0,0,0,2.68459490372502,0,0,0,0,5.32175565174863,9.39936343053255,0.540697983529845,0,0,0
HERV_dup1701,chr2,97200924,97210933,+,10010,28.120815947443,155.375188771183,121.802512036733,112.263333063297,209.494532601093,361.561694409417,282.936862834075,115.736480767808,156.282761466807,195.843976487229,504.177612105212,182.431641945285,189.647606776622,466.630542108467,103.41893522362,80.9093981959344,169.944473685371,203.922960466644,178.758048818048,322.033629467837,164.420552145775,259.285575634547,417.452466326325,274.618685050642,310.795524539966,118.925224911899,379.823365123053,391.474295754932,164.366740885191,190.971099472152,199.840888366655,107.274044139952,374.631405719775,151.40042908928,321.058022235229,103.286349744455,191.831614443515,291.445174997621,232.921969513687,475.738746844051,479.975695728622,416.305123752551,261.415405577861,153.047062745301,440.487393046106,468.770057737332,139.274677161007,211.107689987368,103.736649727483,0,80.3081337287985,20.0263583747248,301.744609581022,34.8997337484252,339.38469538032,221.787107110342,97.5399774021109,134.022205416872,150.783076799545,102.218077307041,344.424615508512,246.249530255361,203.795280637156,414.849332117166
HERV_dup1702,chr2,97821110,97829456,+,8347,1803.48166276268,997.29190932201,80.0416507669958,829.573815834018,1200.79837164829,1188.32749453598,1046.47880774247,1649.05573904459,69.9159722351505,1114.71658709882,73.423924092992,75.3675123094422,1070.7795644157,857.076505913512,2833.46776607572,100.173540623538,158.291138346946,92.7718189247395,1720.54621987372,420.506722776184,78.1671477414341,789.82375347139,823.1693211495,817.945388089577,57.5789603358253,614.33748780456,1820.72576254319,229.892623346017,1078.70451808839,994.413796537135,1081.99566701375,1062.89403155093,2221.26585692256,219.016154701968,93.3986973775211,3305.16319182257,79.5321784591687,1402.31927206725,1136.79123177631,790.576102002925,133.005313274196,1329.65333465209,2464.02229808606,1131.87552997349,189.683566383491,1469.26907147745,1025.35553689278,48.2531862828269,1095.83624530304,466.619470583191,1836.72473592639,2822.46488343777,1111.69066687745,37.5843286521503,183.267735505373,602.210961502008,1642.31945690871,50.1443625709384,1525.56995350128,681.45384871361,50.8256104518055,1079.05176104953,47.6404552138807,1708.32827533376
HERV_dup1703,chr2,99270681,99278573,-,7893,39.3691423264203,3.61337648305076,13.9202870899123,11.7484883438335,148.77147967324,11.0762882313607,32.9447032067074,5.29513310702392,9.25358456053463,103.615127094987,0,40.1490486134412,0,123.799939743063,25.3270861772132,13.4848996993224,0,6.56404379184477,38.5954878129877,0,45.8221210898062,2.99175664193708,41.9128982255346,0.909333394207423,59.5418794381829,33.5093175166123,12.1319502373457,17.7345738009785,6.11597175386757,2.72815856388789,15.7017840859515,11.401106140478,33.1532217451128,146.99070785367,32.1058022235229,43.3136305379974,22.2690099685672,22.9356695745345,44.7926864449398,16.7170277075508,29.7403184960936,12.6153067803803,21.8520617665704,42.8868142857713,16.158229728964,19.8457396706316,42.7509800398294,34.3803952265141,11.3167254248163,0,5.181169917987,38.8010693510292,22.233813337549,3.35574362965627,0,7.22805323344166,0,9.5730146726337,12.4174298540801,48.1717375814793,32.9825769953206,37.6214560112357,19.2830413960946,0
HERV_dup1707,chr3,101631728,101643449,+,11722,44.9933055159089,0,13.9202870899123,5.22155037503709,101.711113654154,8.70279789606913,5.81377115412483,18.9111896679426,48.3242749272364,71.7335495272989,0,23.9485553132807,0,34.9179317224023,21.1059051476776,0,31.0755609024679,21.8801459728159,107.661097583597,0,91.6442421796124,17.9505398516225,31.8538026514063,25.4613350378078,30.7523992702703,55.8488625276872,10.2654963546771,15.7640656008697,19.8769082000696,25.9175063569349,14.2743491690468,3.62762468106119,122.666920456917,32.3379557278073,0,34.4287832481518,32.1310000975041,5.09681546100768,13.2020549521928,37.6133123419894,31.3925584125433,13.6245313228107,17.4007158511579,40.3640605042553,38.6392450040444,15.739724566363,25.0494023670876,34.3803952265141,0,0,23.3152646309415,10.0131791873624,25.4100723857702,7.3826359852438,0,5.32593396148333,3.96503973179312,25.9838969685772,16.8522262305373,18.7987268610651,11.8953556376566,1.7100661823289,15.1239540361526,0
HERV_dup1708,chr3,101692042,101700982,+,8941,1031.09658473958,896.117367796588,2375.72899667837,1383.05815558795,3127.23722578443,2477.13274659931,1234.45740839251,3705.83672733002,1248.20573960989,1852.54738223675,1003.46029593756,1746.83579932165,2850.54941262708,1258.10366114959,1650.48178254839,822.578881658667,1108.03796842862,1938.14333027203,962.855853860851,984.730933083468,2032.34584127729,1349.03293246013,2162.70554843759,1520.86010181192,2046.67031739161,1128.14702305928,3340.95244997673,1736.67456036248,916.631266610902,1657.35632756189,973.510613328992,1335.48411472781,2138.38280255978,1968.20557816064,1975.96619139318,1675.90432004713,3678.52231809347,2794.44491321248,3752.6841201608,4306.72426315779,2956.68333048664,1731.82931481061,3064.54932885625,2381.47956975106,1851.87363328474,1265.33698796544,1745.1083649071,2143.04463578605,2597.18848499534,810.792697112636,626.921560076427,1344.2693059034,1118.04318497389,1625.5222142055,556.590900423725,1603.86697011527,2657.36962824775,2138.42913472975,1375.67383597702,1375.8318221442,1213.8669730245,1318.46102657558,1002.34005374601,1754.06807349027
HERV_dup1711,chr3,103208912,103215975,+,7064,0,0,10.4402153174342,0,0,16.6144323470411,1.93792371804161,0,0,0,0,0,0,0,0,0,1.94222255640424,0,0,0,0,0,0,0,0,3.94227264901322,0,0,0,0,0,0,0,0,0,0,0,0,0,0,1.65223991644965,0,0,0,0,0,0,0,0,0,0,0,0,0,0,0,0,0,0,0,0,0,0,0
HERV_dup1717,chr3,106922752,106928387,-,5636,9.37360531581435,0,18.5603827865498,15.6646511251113,132.07264011808,7.91163445097193,29.0688557706242,20.424084841378,50.3806270517996,37.5747164190613,102.793493730189,12.6786469305604,0,8.46495314482481,30.0759148354406,25.0433851558845,22.3355593986488,17.9417196977091,0,2.66143495427964,5.39083777527132,21.9395487075386,40.2363822965132,39.1013359509192,31.4067056377229,3.94227264901322,21.4642196506885,55.1742296030441,63.0709587117593,34.1019820485986,29.9761332549983,0,29.8378995706015,23.5185132565872,64.2116044470457,56.6409014727659,14.3157921226504,34.7510145068705,21.2175883160241,45.2752833746169,44.6104777441404,50.9658393927365,29.1360823554272,19.3411123249557,67.4430458252411,63.6432341161633,20.7075059567924,16.8886151989894,0,0,25.905849589935,0,0,36.913179926219,0,35.7598423128166,8.72308740994487,18.6901715037134,12.4174298540801,22.3234881475148,54.0697983529845,49.591919287538,20.417337948806,0
HERV_dup1719,chr3,110833114,110843623,-,10510,3.74944212632574,0,17.4003588623904,15.0119573282316,37.9519080799082,23.7349033529158,9.68961859020805,4.53868552030621,12.3381127473795,6.83176662164751,0,0,0,0,0,0,14.5666691730318,17.5041167782527,0,0,0,42.3832190941087,45.2659300835774,45.4666697103711,9.8145955117884,14.4549997130485,3.73290776533713,39.4101640021744,8.02721292695118,2.72815856388789,0,15.5469629188337,102.77498740985,0,49.6180579818081,0,12.4070198396303,27.105791315359,7.54403140125302,22.9859130978824,8.26119958224823,8.07379633944341,4.45134591541249,2.52275378151596,0,0,1.33596812624467,8.4443075994947,0,0,5.181169917987,18.7747109763045,6.35251809644256,7.3826359852438,0,22.0645835547167,18.2391827662484,36.0127694827649,17.7391855058288,0,0,0,15.8801517379602,57.4406767546845
HERV_dup1720,chr3,110964490,110969942,-,5453,7.49888425265148,0,15.0803110140717,0,132.07264011808,37.9758453646653,9.68961859020805,0,8.225408498253,3.41588331082376,73.423924092992,5.63495419136016,0,0,9.49765731645494,0,6.79777894741485,11.8152788253206,2.03134146384146,0,24.2587699887209,15.7067223701697,28.5007707933635,8.18400054786681,0,8.54159073952864,27.0635812986942,11.8230492006523,25.2283834847037,9.54855497360761,12.8469142521421,24.3569085728394,0,0,5.83741858609507,3.33181773369211,5.40818813522347,6.02350918119089,15.088062802506,3.48271410573976,2.47835987467447,19.1752663061781,9.30735964131703,0,5.62025381877009,17.1083962677858,0,0.603164828535336,24.5195717537686,0,20.724679671948,17.5230635778842,6.35251809644256,2.01344617779376,373.323164918352,5.706357815875,43.6154370497244,4.55857841553986,3.54783710116576,0,18.9244294235446,8.55033091164448,0,8.50972988958288
HERV_dup1724,chr3,112413143,112423381,-,10239,0,0,0,1.30538759375927,0,0,0,1.5128951734354,17.4789930587876,0,48.9492827286613,9.86116983488029,0,8.46495314482481,1.58294288607582,17.3377281848431,316.582276693892,0.875205838912637,18.2820731745731,47.9058291770336,10.7816755505426,0,0,0,6.5430636745256,0,45.7281201253798,1905.48142950513,1.91124117308362,13.6407928194394,1.42743491690468,0,29.8378995706015,0,0,0,8.27134655975354,10.8886512121528,4.24351766320482,0,14.8701592480468,0,2.42800686295227,0,17.5632931836565,0,0,3.61898897121201,0,0,0,0,0,4.02689235558753,0,2.66296698074166,0,29.1749018594551,6.20871492704007,8.22444300171598,0,11.9704632763023,3.78098850903815,0
HERV_dup173,chr11,110400280,110408585,+,8306,14.997768505303,0,3.48007177247808,23.4969766876669,0,2.37349033529158,0,3.02579034687081,7.19723243597138,1.13862777027459,0,33.105355874241,0,0,0,0,16.5088917294361,0,0,0,0,0,3.35303185804277,0,0,0,2.79968082400285,0,0,1.36407928194394,0,0,0,0,0,0,0.954386141510024,1.39004058027482,2.82901177546988,7.66197103262747,0,5.55073498336734,6.47468496787271,1.68183585434397,0,0,9.01778485215152,1.80949448560601,0,0,28.4964345489285,0,0,18.1210156001439,0,4.94551010709166,73.7497390113521,20.5136028699294,45.2349230398634,0,28.116295143552,32.491257464249,20.0392390979022,6.38229741718716
HERV_dup1730,chr3,115789963,115799166,-,9204,11.2483263789772,0,19.7204067107091,28.0658332658244,69.831510867031,26.1083936882074,48.4480929510403,15.8853993210717,11.3099366850979,29.6043220271392,0,13.3830162044804,0,15.8717871465465,18.9953146329099,0,0,16.1913080198838,0,0,0,20.1943573330753,0,0,13.0861273490512,21.6824995695727,13.06517717868,11.1662131339494,4.9692270500174,21.8252685111031,21.4115237535702,34.7215505187285,0,29.3981415707339,51.0774126283318,8.88484728984563,48.3555645031745,25.0207304449468,28.7616197172771,5.57234256918361,19.0007590391709,16.1475926788868,5.26068153639658,5.8864254902039,23.1835470024266,0,9.01778485215152,28.3487469411608,45.2669016992651,0,0,11.2648265857827,19.0575542893277,10.0672308889688,0,7.22805323344166,0,20.0577450283754,3.54783710116576,43.472055866213,12.4360536211864,5.13019854698669,10.208668974403,0
HERV_dup1731,chr3,116105362,116111232,-,5871,9.37360531581435,7.22675296610152,15.0803110140717,16.3173449219909,28.8434501407302,15.8232689019439,25.1930083345409,5.29513310702392,6.16905637368975,10.2476499324713,0,5.63495419136016,81.6943536883912,1.0581191431031,8.970009687763,0,1.94222255640424,10.940072986408,0,2.66143495427964,26.9541888763566,13.2135918352221,11.7356115031497,15.4586677015262,16.357659186314,25.6247722185859,9.33226941334283,11.1662131339494,16.8189223231358,9.54855497360761,19.9840888366655,11.9193382377725,56.3604769666918,42.6273052775642,4.3780639395713,12.2166650235377,16.8608218333438,16.448813533252,3.77201570062651,9.75159949607133,8.26119958224823,19.1752663061781,5.26068153639658,4.20458963585993,7.72784900080887,15.0553887156515,14.3616573571302,19.3012745131307,0,0,0,5.00658959368119,15.8812952411064,9.39608216303757,0,1.52169541756667,1.58601589271725,36.4686273243189,50.556678691612,0,40.0116507812086,15.3905956409601,5.67148276355723,70.2052715890588
HERV_dup1733,chr3,119683827,119695879,+,12053,0,0,2.32004784831872,0,0,0.791163445097193,0,0,0,0,0,0,0,1.0581191431031,1.05529525738388,0,0,0,0,0,26.9541888763566,0,0,0,0,0,0,3.28418033351453,0,0,0,0,9.94596652353384,0,0,2.22121182246141,0,0,0,4.17925692688771,0,0,0,0,0,0,5.34387250497868,0,0,0,0,0,34.9388495304341,2.68459490372502,0,0,0,0,0,16.448886003432,42.7151406988578,5.13019854698669,12.0991632289221,0
HERV_dup1749,chr3,125890459,125899596,+,9138,1.87472106316287,0,18.5603827865498,37.2035464221393,31.8796027871229,88.6103058508857,29.0688557706242,74.1318634983348,65.803267986024,18.2180443243934,0,30.9922480524809,0,0,115.554830683535,7.70565697104138,33.9888947370743,115.527170736468,32.5014634214633,13.3071747713982,0,50.3612368059409,45.2659300835774,123.214674915106,217.22971399425,136.665451832458,314.497479229653,430.884459757106,38.9893199309058,30.0097442027668,65.6620061776153,86.5447602481741,33.1532217451128,0,0,47.7560541829202,89.3941685881056,87.5725565573137,27.8186157921205,192.942361457983,216.443429054904,152.89751817821,141.229065861724,52.1369114846631,44.9620305501607,19.1614038199201,63.792478028183,46.4436917972209,41.494659890993,0,0,0,82.5827352537533,2.68459490372502,0,26.6296698074166,37.2713734788554,7.74958330641776,17.7391855058288,0,14.5988455553058,5.13019854698669,7.18387816717249,64.8866904080695
HERV_dup1750,chr3,126093177,126102115,+,8939,39.3691423264203,83.1076591101675,103.242129250183,87.4609687818713,299.061035669676,128.168478105745,91.0824147479557,53.7077786569569,71.9723243597138,55.7927607434547,39.1594261829291,36.6272022438411,110.870908577102,80.4170548758357,67.5388964725684,44.3075275834879,41.7577849626912,46.3859094623697,48.752195132195,0,24.2587699887209,19.1971051190963,36.8833504384705,158.678677289195,19.6291910235768,46.6502263466564,76.5246091894112,49.9195410694208,48.1632775617071,49.106854149982,72.7991807621387,70.479565232046,89.5136987118046,26.4583274136605,45.2399940422368,69.9681724075343,95.1204854371657,80.6223536559396,97.1294042911326,337.823268256757,87.5687155718312,103.950127870334,50.9881441219976,87.4554644258865,36.5316498220056,13.0023811635172,63.4584859966218,42.8247028260088,96.1921661109384,0,36.268189425909,48.8142485383916,73.0539581090894,38.9266261040128,0,89.0191819276499,66.6126674941245,47.4092155216145,47.0088415904463,64.6206235849113,52.9884023859249,58.1422501991825,41.9689724503235,102.116758674995
HERV_dup1752,chr3,127890013,127899725,+,9713,0,0,4.64009569663744,0,0,0,0,0.756447586717702,0,3.41588331082376,0,0,0,0,0.527647628691941,0,0,0,0,0,0,0,0,0,0,0,0,0,0,0,0,0,0,0,0,19.9909064021527,6.04444556289682,3.24342802064125,12.7305529896145,14.627399244107,105.743354652777,8.07379633944341,9.71202745180907,9.25009719889185,19.6708883656953,50.6408529526461,63.792478028183,4.82531862828269,15.0889672330884,0,0,0,0,0,0,0,0,0.455857841553986,0,0,2.16279193411938,0,0,0
HERV_dup1755,chr3,128852710,128860206,-,7497,24.3713738211173,162.601941737284,76.5615789945177,170.353080985585,273.253738175339,167.726650360605,48.4480929510403,198.945715306756,87.3949652939382,184.457698784483,14.6847848185984,116.220930196803,110.870908577102,217.972543479239,156.183698092814,73.2037412248931,170.915584963573,21.8801459728159,48.752195132195,93.1502233997875,64.6900533032558,146.346762401422,73.7667008769409,105.482673728061,83.0969086664751,107.098406964859,195.977657680199,18.3914098676814,66.1289445886931,53.1990919958138,89.9283997649949,40.940335686262,29.8378995706015,8.81944247122018,112.37030778233,35.5393891593825,34.3579010943609,55.6016232109928,70.2537924241688,53.6337972283923,69.3940764908851,39.3597571547866,238.754008190306,84.9327106443706,49.8797526415846,82.8046379360835,77.4861513221908,141.743734705804,26.4056926579047,268.05799373928,95.8516434827595,50.0658959368119,200.104320037941,30.2016926669065,0,43.7487432550416,415.536163891919,42.8506371060747,47.8958008657377,128.066326741006,77.8605096282977,68.4026472931559,43.4813678539387,123.391083398952
HERV_dup1756,chr3,128921576,128923020,+,1445,9.37360531581435,3.61337648305076,25.5205263315059,70.4909300630007,9.10845793917796,74.3693638391362,42.6343217969154,25.7192179484019,58.6060355500527,33.020205337963,0,34.514094422081,0,3.1743574293093,44.850048438815,0,0,27.1313810062917,0,338.002239193515,0,12.7149657282326,75.4432168059623,59.5613373205862,9.16028914433583,32.1952266336079,59.7265242453941,76.84981980424,16.4366740885191,15.0048721013834,4.28230475071404,31.6121579349618,0,5.87962831414679,0,21.1015123133834,57.8994259182748,63.2468464025044,10.8445451393012,112.14339420482,115.656794151475,44.4058798669387,46.5367982065851,17.6592764706117,12.6455710922327,9.58070190996007,30.0592828405051,20.5076041702014,37.7224180827209,0,0,0,66.7014400126469,26.1748003113189,0,87.8779103644749,29.3412940152691,2.73514704932391,12.4174298540801,23.4984085763314,0,0,22.6859310542289,53.185811809893
HERV_dup1757,chr3,128959811,128968689,+,8879,0,0,3.48007177247808,1.30538759375927,0,0,0,3.02579034687081,5.14088031140813,14.8021610135696,0,7.74806201312023,0,0,0.527647628691941,11.5584854565621,0.971111278202122,7.43924963075741,0,0,0,3.24106969543184,0,12.2760008218002,4.58014457216792,15.7690905960529,13.06517717868,0,12.9964399769686,1.36407928194394,34.2584380057123,5.70055307023901,13.2612886980451,0,0,4.44242364492281,13.0432772673037,9.26693720183214,10.8445451393012,14.627399244107,14.8701592480468,6.05534725458256,7.2840205888568,12.6137689075798,0,5.47468680569147,10.019760946835,1.20632965707067,0,0,0,0,0,0,0,0,0,12.3081617219576,0,0,0,0,0,0
HERV_dup1758,chr3,129161974,129171289,-,9316,21624.9074635837,22225.8787472452,23191.1982917939,29270.7060148642,25014.8616536291,37411.745828311,19863.7181099265,20856.7728609805,24024.3618712725,16758.3235229013,28302.475273712,28611.4799066312,19107.7257966169,28393.5690860286,22488.8695824792,33496.4908531169,36439.0084919782,30504.8619123805,34778.5972024296,25076.0401392228,48522.9308152171,31985.6181981098,27457.9778855122,39122.250618986,27549.56960159,29205.0128293314,26430.8534324696,30034.4859860571,25497.1039936393,23111.5952739762,28505.8752905865,27841.5011950473,38444.4759356328,52768.1942123889,33244.0988478114,25547.2677760399,21776.2285908342,24613.4485549263,24166.3615899889,26738.1892754064,22196.1910375845,22236.2443433696,21904.6685819344,21714.182715435,35933.7953220339,38065.4973599728,23024.4086797322,26225.6067447164,31303.948645946,33091.9247950115,36239.6929913601,26538.6797887056,25848.3961344248,21136.486825753,29567.1946615335,33455.6150267663,26449.1940348992,29652.1850195621,29290.9431072245,21590.3377999333,36880.4687585872,27696.2318889988,29267.1196530607,32903.9343343084
HERV_dup177,chr11,114339990,114349677,-,9688,0,0,0,9.13771315631491,0,11.8674516764579,0,0,0,1.13862777027459,0,0,0,0,1.05529525738388,0,32.04667218067,3.50082335565055,0,0,0,0,0,0,0,0,10.2654963546771,5.25468853362325,2.67573764231706,0,0,12.4375703350669,0,0,0,2.22121182246141,4.77193070755012,8.57191691169473,3.77201570062651,6.26888539033157,0,0,2.02333905246022,3.36367170868794,0,0,0,3.01582414267668,0,0,0,7.50988439052179,0,9.39608216303757,0,0,0,0,6.20871492704007,0,0,0,0.378098850903815,0
HERV_dup1776,chr3,14039089,14047393,-,8305,161.226011432007,83.1076591101675,63.8013158287648,30.0239146564633,24.2892211711412,75.9516907293306,48.4480929510403,39.3352745093205,37.0143382421385,134.358076892401,29.3695696371968,40.8534178873612,14.5882774443556,29.6273360068868,251.160271257364,161.818796391869,148.580025564925,118.590391172662,40.6268292768292,29.2757844970761,0,0,0,148.676009952914,121.700984346176,0,48.5278009493827,39.4101640021744,55.8082422540416,70.9321226610851,51.3876570085685,3.62762468106119,139.243531329474,8.81944247122018,255.387063141659,218.789364512449,141.249148943484,8.34024348164893,6.60102747609639,64.7784823667595,38.0015180783418,87.802535191447,43.2994557226488,131.18319663883,33.7215229126205,23.9517547749002,0,57.3006587108569,101.850528823347,0,51.81169917987,66.3373121162758,69.8776990608681,59.7322366078817,0,92.4429966171749,21.4112145516829,30.998333225671,43.4610044892805,250.258051337929,15.6802415223655,25.6509927349335,15.5020528870564,112.753921036973
HERV_dup1778,chr3,141205016,141211726,+,6711,0,25.2936353813553,5.8001196207968,0,10.6265342623743,0,9.68961859020805,0,0,0,0,0,0,0,2.6382381434597,0,0,0,0,0,0,0,0,0,0,0,1.86645388266857,1.31367213340581,0,0,0,0,0,0,0,1.1106059112307,0,0,0,0,7.4350796240234,0,3.6420102944284,0,0,0,0,0,32.0640553703128,0,0,0,0,4.69804108151878,20.3630817228192,6.84762937905,0,0,0,9.39936343053255,0,30.7811912819201,0,0
HERV_dup1780,chr3,14225211,14230183,+,4973,0,50.5872707627106,83.5217225394739,10.4431007500742,0,133.706622221426,52.3239403871235,21.9369800148134,12.3381127473795,27.32706648659,48.9492827286613,13.3830162044804,8.75296646661334,13.7555488603403,10.5529525738388,23.1169709131241,33.0177834588721,12.2528817447769,0,0,0,28.4216880984023,18.4416752192352,60.0160040176899,34.0239311075331,59.1340897351982,35.4626237707027,16.4209016675726,4.20473058078395,19.0971099472152,12.8469142521421,2.07292838917782,33.1532217451128,22.0486061780505,30.6464475769991,28.8757536919983,122.797683540956,50.2731343199394,30.6476275675904,171.349534002396,49.5671974934894,43.9012675957235,59.4861681423306,22.7047840336436,5.62025381877009,0,13.6936732940079,34.9835600550495,56.5836271240814,0,0,11.2648265857827,9.52877714466384,29.5305439409752,27.1507756304256,67.7154460817166,58.6825880305382,15.9550244543895,63.8610678209836,8.22444300171598,3.24418790117907,13.6805294586312,12.4772620798259,0
HERV_dup18,chr10,120844913,120850368,+,5456,26.2460948842802,10.8401294491523,9.28019139327488,6.52693796879636,195.831845692326,8.70279789606913,63.9514826953732,15.128951734354,8.225408498253,60.347271824553,0,20.4267089436806,78.7766981995201,111.102510025826,27.4376766919809,1.92641424276034,16.5088917294361,7.43924963075741,24.3760975660975,0,10.7816755505426,25.1806184029704,58.6780575157485,50.0133366814083,37.2954629447959,17.0831814790573,5.5993616480057,20.3619180677901,6.49821998848429,61.3835676874775,0,42.4950319781454,109.405631758872,77.9050751624449,80.2645055588072,25.5439359583062,11.1345049842836,10.4253043520612,33.4766393430603,22.2893702767345,26.4358386631943,14.129143594026,28.3267467344431,10.0910151260638,28.1012690938505,13.0023811635172,7.68181672590685,56.6974938823216,60.3558689323535,0,10.362339835974,27.5362427652466,60.3489219162043,4.69804108151878,0,12.553987194925,31.720317854345,37.3803430074268,36.365330286949,28.1980902915976,170.319864811901,82.0831767517871,26.8450184141709,285.075951301027
HERV_dup180,chr11,118721015,118730174,-,9160,16.8724895684658,0,26.6805502556653,0,0,11.0762882313607,56.1997878232067,10.5902662140478,9.25358456053463,7.9703943919221,0,0.70436927392002,0,2.1162382862062,14.2464859746824,0,51.4688977447124,16.6289109393401,0,13.3071747713982,13.4770944381783,24.6819922959809,3.35303185804277,14.5493343073188,0,0.657045441502203,16.7980849440171,11.1662131339494,4.20473058078395,2.72815856388789,9.99204441833276,4.6640888756501,0,38.2175840419541,0,18.880300490922,15.2701782641604,15.290446383023,24.9896040166506,12.5377707806631,24.7835987467447,0,28.7314145449352,17.6592764706117,3.51265863673131,12.3180453128058,5.67786453653985,19.3012745131307,32.0640553703128,0,0,13.7681213826233,133.402880025294,10.0672308889688,0,23.966702826675,2.37902383907587,25.5280391270232,0,21.1485677186982,0.540697983529845,41.0415883758935,13.9896574834412,47.8672306289037
HERV_dup1802,chr3,149997899,150009970,+,12072,1.87472106316287,3.61337648305076,11.6002392415936,9.79040695319454,65.2772818974421,6.32930756077755,13.5654660262913,14.3725041476363,19.5353451833509,27.32706648659,0,4.22621564352012,70.0237317329067,11.6393105741341,21.6335527763696,3.85282848552069,12.6244466166276,22.3177488922722,0,0,0,22.9368009215176,0,0,11.1232082466935,5.91340897351982,14.9316310613485,13.793557400761,15.2899293846689,2.72815856388789,0,11.9193382377725,0,13.2291637068303,7.29677323261883,46.6454482716895,9.54386141510024,26.6424444552674,20.7460863534458,8.35851385377542,9.08731954047305,32.2951853577736,31.5640892183795,14.2956047619238,3.51265863673131,16.4240604170744,11.3557290730797,18.0949448560601,15.0889672330884,0,0,13.7681213826233,3.17625904822128,3.35574362965627,332.597001472714,12.1735633405333,40.4434052642899,12.3081617219576,26.6087782587432,5.87460214408284,5.9476778188283,8.55033091164448,14.367756334345,0
HERV_dup1804,chr3,151465884,151475799,+,9916,1.87472106316287,0,0,0,50.0965186654788,0,0,0.756447586717702,17.4789930587876,13.663533243295,0,2.11310782176006,0,32.8016934361961,16.8847241181421,3.85282848552069,0,0.875205838912637,16.2507317107317,2.66143495427964,43.1267022021705,0.498626106989514,0,0,4.58014457216792,28.9099994260969,8.39904247200854,6.56836066702906,0,39.5582991763744,25.6938285042843,0,33.1532217451128,0,0,12.2166650235377,7.95321784591687,5.32848889105348,1.88600785031326,0,2.47835987467447,0,0.809335620984089,13.4546868347518,10.5379759101939,1.36867170142287,4.00790437873401,5.42848345681802,39.608538986857,0,0,0,0,1.34229745186251,0,0,0,0,31.0435746352004,0,0,0,4.15908735994197,0
HERV_dup1823,chr3,162576247,162587112,+,10866,0,0,0,0,0,0,0,0,0,0,0,2.11310782176006,0,11.6393105741341,5.80412391561135,0,0,29.7569985230296,0,0,8.08625666290697,18.6984790121068,18.4416752192352,2.72800018262227,0,0,19.5977657680199,1.31367213340581,4.20473058078395,0,29.9761332549983,24.3569085728394,0,0,0,0,3.8175445660401,0,0,0,0,0.504612271215213,0,3.36367170868794,0,0,0,4.22215379974735,0,0,0,0,0,0,0,4.94551010709166,0,1.36757352466196,0,8.22444300171598,9.19186572000737,0,0,0
HERV_dup183,chr11,121636395,121643560,-,7166,3.74944212632574,0,2.32004784831872,0,0,0,0,0.756447586717702,5.14088031140813,5.69313885137293,0,4.22621564352012,0,0,8.44236205907105,0,0.971111278202122,0,0,0,0,0,0,0,0,0,0,3.28418033351453,4.58697881540068,0,0,0,9.94596652353384,0,0,4.44242364492281,0,0.463346860091607,3.77201570062651,2.08962846344386,1.65223991644965,0,7.68868839934885,4.20458963585993,6.32278554611635,0,0,1.80949448560601,0,0,0,0,0,11.4095283408313,0,6.84762937905,51.5455165133106,31.454191067225,31.0435746352004,9.39936343053255,0,18.8107280056179,9.07437242169156,0
HERV_dup184,chr11,122546568,122555587,+,9020,28.120815947443,0,6.96014354495616,0,0,1.58232689019439,0,6.80802828045932,0,0,0,34.514094422081,0,0,13.7188383459905,1.92641424276034,6.79777894741485,2.62561751673791,0,0,0,0,0,0,11.1232082466935,0,9.33226941334283,3.28418033351453,0.382248234616723,4.09223784583183,0,0,16.5766108725564,0,0,41.092418715536,19.0877228302005,0,12.2590510270362,0.696542821147952,8.26119958224823,0,5.26068153639658,0,6.32278554611635,0,0,15.6822855419187,0,0,0,27.5362427652466,0,4.69804108151878,0,2.28254312635,0,0,7.09567420233151,0,0,0,7.5619770180763,0
HERV_dup1846,chr3,170671662,170678282,-,6621,11.2483263789772,104.787918008472,100.922081401864,80.2813370161953,57.6869002814604,77.5340176195249,38.7584743608322,15.128951734354,5.14088031140813,7.9703943919221,528.652253469542,32.4009866003209,81.6943536883912,53.9640762982581,11.0806002025308,55.86601304005,39.815562406287,29.3193956035733,12.1880487830488,0,0,11.9670265677483,50.2954778706415,30.008002008845,3.92583820471536,6.57045441502203,23.3306735333571,31.5281312017395,15.6721776192856,4.09223784583183,11.4194793352374,42.4950319781454,43.0991882686467,11.7592566282936,59.8335405074744,22.2121182246141,67.7614160472117,13.2053855126108,103.730431767229,57.116511334132,20.6529989556206,18.1660417637477,48.9648050695374,15.9774406162677,198.816478838992,41.060151042686,84.8339760165365,22.3170986558074,115.053375152299,1.65467897369926,38.8587743849025,1.2516473984203,44.4676266750979,18.1210156001439,0,19.401616573975,113.400136329283,123.081617219576,85.1480904279781,0,244.93618653902,155.61602259193,16.2582505888641,64.8866904080695
HERV_dup1847,chr3,170681796,170689384,-,7589,14.997768505303,50.5872707627106,44.0809091180557,32.6346898439818,30.3615264639265,49.8432970411232,38.7584743608322,34.0401414022966,9.25358456053463,3.41588331082376,24.4746413643307,31.6966173264009,32.0942103775822,0,6.33177154430329,5.77924272828103,15.5377804512339,21.4425430533596,2.03134146384146,0,0,10.4711482467798,35.2068345094491,26.825335129119,0,8.54159073952864,27.9968082400285,40.0670000688773,27.5218728924041,13.6407928194394,5.70973966761872,0,23.207255221579,7.34953539268349,26.2683836374278,23.3227241358448,106.254990421449,12.5103652224734,202.274341946097,79.4058816108665,34.6970382454425,22.7075522046846,10.9260308832852,21.8638661064716,85.0063390088976,37.6384717891289,24.047426272404,27.7455821126254,28.2918135620407,0,7.7717548769805,22.5296531715654,76.2302171573107,11.4095283408313,0,31.1947560601166,53.9245403523865,42.8506371060747,65.6349863715665,35.2476128644971,16.7616374894252,51.3019854698669,23.0640299051327,27.6566221411444
HERV_dup185,chr11,122824428,122834651,+,10224,0,0,5.8001196207968,0,0,10.2851247862635,15.5033897443329,2.26934276015311,0,0,0,2.11310782176006,0,0,10.5529525738388,9.63207121380172,0,6.12644087238846,0,0,0,2.24381748145281,0,0,0.65430636745256,0,0,0,0,24.553427074991,0,0,0,0,1.45935464652377,0,9.86199012893691,3.24342802064125,0,6.96542821147952,0.826119958224823,0,2.42800686295227,0.840917927171986,0,0,0,0,0,1.65467897369926,7.7717548769805,0,0,0,0,0,0,11.8523038804036,0,0,15.6802415223655,0,0,10.6371623619786
HERV_dup1851,chr3,172719014,172727885,+,8872,3.74944212632574,3.61337648305076,13.9202870899123,11.7484883438335,0,0,1.93792371804161,23.4498751882488,26.7325776193223,31.8815775676884,0,35.922832969921,2.91765548887111,0,26.910029063289,17.3377281848431,0,21.8801459728159,2.03134146384146,42.5829592684743,0,9.47389603280076,0,11.8213341246965,58.8875730707304,0,14.9316310613485,38.0964918687685,3.82248234616723,19.0971099472152,12.8469142521421,59.5966911888624,53.0451547921805,1.4699070785367,0,29.986359603229,50.2643367861946,56.2966435011302,4.71501962578314,12.5377707806631,80.9597559060326,83.7656370217253,49.3694728800294,56.3415011205231,12.6455710922327,17.1083962677858,50.7667887972974,13.8727910563127,11.3167254248163,0,20.724679671948,0,0,4.02689235558753,0,1.141271563175,13.4811350880966,1.82343136621594,0,14.0990451457988,0,0,0,0
HERV_dup1868,chr3,185372296,185380593,-,8298,0,0,0,5.22155037503709,0,2.37349033529158,0,0,3.08452818684488,0,0,0,0,0,5.80412391561135,0,0,5.25123503347582,0,0,0,0,0,5.00133366814083,0,0,0.933226941334283,0,0,0,5.70973966761872,0,13.2612886980451,0,27.7277382839516,14.4378768459991,0.954386141510024,0,9.90154121414459,2.78617128459181,0,1.51383681364564,11.3306986937772,5.04550756303192,4.21519036407757,2.0530075521343,0,0,0,0,0,0,0,0,0,0,0,0,0.886959275291439,0,0,0,0,10.6371623619786
HERV_dup1869,chr3,185562548,185571727,-,9180,11.2483263789772,0,3.48007177247808,9.13771315631491,0,5.53814411568035,38.7584743608322,15.8853993210717,13.3662888096611,2.27725554054917,141.952919913118,9.15680056096027,0,0,5.27647628691941,0,0.971111278202122,1.75041167782527,0,0,0,6.48213939086368,16.7651592902138,5.45600036524454,30.7523992702703,21.0254541280705,2.79968082400285,1.31367213340581,11.4674470385017,2.72815856388789,2.85486983380936,0,46.4145104431579,0,37.9432208096179,16.6590886684605,10.4982475566103,9.03526377178634,4.71501962578314,4.17925692688771,7.4350796240234,0,9.71202745180907,2.52275378151596,20.3734200930416,49.2721812512232,6.34584859966218,5.42848345681802,0,0,18.1340947129545,31.2911849605075,0,11.4095283408313,0,0.380423854391666,0,8.20544114797174,15.9652669552459,0,4.32558386823876,0,12.8553609307297,0
HERV_dup1872,chr3,187173704,187181834,-,8131,0,0,4.64009569663744,13.0538759375927,0,3.95581722548597,0,4.53868552030621,4.1127042491265,0,0,0,0,0,1.58294288607582,0,15.5377804512339,0.437602919456318,0,71.8587437655504,0,3.24106969543184,0,0,0,0,11.1987232960114,30.2144590683337,0.382248234616723,0,4.28230475071404,8.80994565400575,0,0,0,0,6.36257427673349,0,6.60102747609639,0,0,0,1.61867124196818,0.840917927171986,0,0,0,4.22215379974735,0,0,10.362339835974,16.2714161794639,0,2.68459490372502,0,0,71.3707151722762,0,0,0,0,0,0,0
HERV_dup1875,chr3,190144600,190153217,+,8618,71.239400400189,14.453505932203,55.6811483596493,96.5986819381862,81.9761214526016,57.7549314920951,63.9514826953732,64.2980448710047,174.789930587876,61.4858995948276,58.7391392743936,40.1490486134412,49.6001433108089,66.6615060154953,71.232429873412,0,4.85555639101061,119.903199931031,81.2536585536583,0,5.39083777527132,67.0652113900896,90.5318601671548,107.301340516476,76.5538449919495,105.127270640352,137.18436037614,154.356475675183,89.0638386656965,34.1019820485986,108.485053684756,171.01659210717,49.7298326176692,4.40972123561009,26.2683836374278,18.880300490922,69.6701883302317,83.4024348164893,49.9792080333013,74.5300818628308,126.396353608398,83.2610247505101,55.0348222269181,46.2504859944592,16.158229728964,11.6337094620944,47.0928764501246,26.5392524555548,26.4056926579047,1.65467897369926,10.362339835974,68.8406069131164,15.8812952411064,162.417991675364,665.194002945428,162.440985825242,91.9889217776005,82.0544114797174,109.982950136138,111.617440737574,145.988455553058,42.7516545582224,75.2416713298592,6.38229741718716
HERV_dup1888,chr3,196944103,196963600,+,19498,309.328975421873,383.017907203381,620.612799425257,749.945172614702,455.422896958898,706.508956471794,436.032836559362,674.75124735219,846.188899257778,233.41869290629,391.594261829291,301.470049237769,268.424304976142,451.816874105024,436.364588928235,273.550822471969,308.813386468275,622.708954386341,314.857926895426,660.035868661352,428.57160313407,1357.50957627895,518.043422067608,1107.56807414464,393.238126838988,567.030216016401,620.595915987298,597.720820699644,505.714414397925,274.179935670733,448.21456390807,918.307276405775,358.054794847218,479.189707602963,360.46059769137,450.905999959665,527.13927882737,1154.66037534828,511.579629397471,725.797619636166,580.76233063205,687.28191339512,791.125569511947,379.253985154566,395.525362495945,620.008280744559,798.574947462751,320.280523952263,669.572920968297,868.70646119211,347.138384505129,370.487629932408,327.154681966792,426.850589692278,1289.66184244522,1068.2301831318,317.996186489809,598.541345960383,388.48816257765,384.198980223018,183.296616416618,540.380913615931,326.299308329992,446.760819203101
HERV_dup1889,chr3,197243000,197248821,-,5822,0,0,5.8001196207968,1.30538759375927,40.9880607263008,6.32930756077755,0,4.53868552030621,0,1.13862777027459,0,9.15680056096027,0,40.2085274379178,0,7.70565697104138,0,15.3161021809711,0,0,48.5175399774418,18.449165958612,0,0,0,0,0,0,4.58697881540068,2.72815856388789,0,16.5834271134226,6.63064434902256,0,35.0245115165704,13.3272709347684,10.4982475566103,2.54840773050384,10.8445451393012,1.3930856422959,29.7403184960936,10.5968576955195,14.1633733672216,5.04550756303192,4.21519036407757,84.8576454882178,7.01383266278451,18.6981096845954,66.0142316447616,0,10.362339835974,20.0263583747248,38.1151085786553,2.01344617779376,0,6.46720552465833,14.2741430344552,20.5136028699294,5.32175565174863,0,0,88.9234414811026,14.367756334345,0
HERV_dup1890,chr3,19867897,19874118,-,6222,22.4966527579544,0,11.6002392415936,6.52693796879636,15.1807632319633,7.91163445097193,56.1997878232067,12.8596089742009,26.7325776193223,5.69313885137293,0,19.0179703958406,0,40.2085274379178,47.4882865822747,21.1905566703638,0,6.56404379184477,123.911829294329,0,32.3450266516279,20.6929834400648,108.97353538639,18.6413345812522,49.7272839263945,7.22749985652423,61.5929781280626,41.3806722022831,51.9857599078743,0,1.42743491690468,0,23.207255221579,32.3379557278073,1.45935464652377,21.1015123133834,25.1321683930973,1.15836715022902,82.5128434512049,13.2343136018111,25.6097187049695,14.129143594026,16.9960480406659,2.52275378151596,17.5632931836565,21.2144113720544,7.68181672590685,21.7139338272721,0,0,23.3152646309415,3.75494219526089,0,14.7652719704876,0,0,0,13.2198774050656,29.2696560846175,0,0,0,3.78098850903815,0
HERV_dup1891,chr3,20269429,20281828,+,12400,1.87472106316287,0,0,0,0,0,0,0,0,5.69313885137293,0,0,61.2707652662934,11.6393105741341,1.05529525738388,52.0131845545293,0,0.437602919456318,2.03134146384146,0,0,7.97801771183222,0,0,0,17.0831814790573,1.86645388266857,0.656836066702906,9.9384541000348,5.45631712777578,0,0,0,7.34953539268349,1.45935464652377,1.1106059112307,0,1.62171401032062,0,0,8.26119958224823,5.55073498336734,12.5447021252534,4.20458963585993,16.158229728964,4.1060151042686,0.667984063122335,6.03164828535336,15.0889672330884,0,7.7717548769805,0,3.17625904822128,0,13.5753878152128,3.423814689525,21.4112145516829,5.47029409864783,0,8.22444300171598,68.1279459247605,37.6214560112357,0,0
HERV_dup1902,chr3,32067467,32076504,+,9038,0,0,2.32004784831872,3.91616278127782,0,3.95581722548597,11.6275423082497,2.26934276015311,0,0,0,2.81747709568008,37.9295213553245,0,0,0,0,0,0,0,0,0,0,0,0,0,0,0,2.67573764231706,2.72815856388789,0,0,6.63064434902256,0,0,0,2.22690099685672,2.54840773050384,0,14.627399244107,4.95671974934894,5.04612271215213,4.04667810492045,2.52275378151596,0,0,0.667984063122335,0,0,0,0,10.0131791873624,0,16.1075694223501,0,0,0,5.47029409864783,0,0,0,0,0,0
HERV_dup1914,chr3,37205388,37212134,+,6747,1.87472106316287,46.9738942796599,1.16002392415936,0,0,0,7.75169487216644,7.56447586717702,1.02817606228163,23.9111831757663,0,0.70436927392002,0,7.40683400172171,3.16588577215165,9.63207121380172,0,0.875205838912637,6.09402439152438,0,56.6037966403488,0,0,0,1.96291910235768,5.25636353201762,11.1987232960114,3.94101640021744,2.29348940770034,23.189347793047,0,10.8828740431836,0,39.6874911204908,5.83741858609507,14.4378768459991,0,0,0,3.48271410573976,11.5656794151475,6.55995952579777,5.26068153639658,21.8638661064716,29.506332548543,24.6360906256116,4.67588844185634,9.04747242803004,0,0,25.905849589935,2.5032947968406,0,4.69804108151878,0,0,0,0,31.0435746352004,0,0,1.7100661823289,4.9152850617496,0
HERV_dup1917,chr3,38422225,38425408,+,3184,1.87472106316287,0,22.0404545590278,62.6586045004451,0,86.2368155155941,0,60.5158069374162,57.577859487771,17.0794165541188,0,33.105355874241,72.9413872217778,0,21.1059051476776,0,0,27.5689839257481,20.3134146384146,0,37.7358644268992,14.9587832096854,40.2363822965132,27.7346685233264,25.5179483306498,0,68.1255667174026,47.9490328693121,59.2484763655921,19.0971099472152,35.685872922617,20.2110517944838,0,23.5185132565872,0,13.3272709347684,15.2701782641604,12.7420386525192,16.9740706528193,69.6542821147952,34.6970382454425,23.2121644758998,24.6847364400147,15.1365226890957,31.6139277305818,0,14.6956493886914,29.5550765982315,0,0,0,15.0197687810436,76.2302171573107,37.5843286521503,0,70.75883691685,8.72308740994487,59.7173772435721,42.5740452139891,19.9736472898817,14.058147571776,0,6.80577931626867,0
HERV_dup1920,chr3,40560871,40567045,+,6175,3.74944212632574,18.0668824152538,24.3605024073466,22.8442828907873,0,54.5902777117063,11.6275423082497,9.83381862733013,8.225408498253,1.13862777027459,0,7.74806201312023,110.870908577102,0,7.91471443037911,0,5.82666766921273,9.627264228039,28.4387804937804,0,0,32.9093230613079,6.70606371608554,34.1000022827784,19.6291910235768,0,15.8648580026828,30.2144590683337,6.11597175386757,4.09223784583183,4.28230475071404,13.4740345296558,0,39.6874911204908,77.3457962657596,7.77424137861492,18.4514654025271,39.3844831077866,24.9896040166506,31.3444269516578,7.4350796240234,26.7444503744063,21.8520617665704,8.40917927171986,2.81012690938505,35.5854642369946,11.6897211046409,3.01582414267668,96.1921661109384,216.762945554603,0,10.0131791873624,0,16.1075694223501,0,18.6407688651917,61.8546198159727,43.7623527891826,22.173981882286,0,0,0,0.75619770180763,0
HERV_dup1923,chr3,44340751,44350393,-,9643,0,14.453505932203,13.9202870899123,19.5808139063891,0,7.91163445097193,0,5.29513310702392,6.16905637368975,7.9703943919221,0,6.33932346528018,0,15.8717871465465,13.7188383459905,17.3377281848431,65.0644556395421,14.8784992615148,0,0,0,0,31.8538026514063,31.8266687972598,5.23445093962048,0,10.2654963546771,13.1367213340581,0.764496469233446,10.9126342555516,11.4194793352374,0,26.5225773960902,0,46.6993486887605,15.5484827572298,15.5883069779971,13.2053855126108,16.0310667276627,27.8617128459181,23.9574787885199,17.1568172213172,17.4007158511579,17.6592764706117,9.1329124555014,0,3.67391234717284,3.01582414267668,45.2669016992651,0,0,0,3.17625904822128,14.0941232445564,0,12.553987194925,0,9.5730146726337,0,2.34984085763314,0,0,4.9152850617496,0
HERV_dup1926,chr3,46001399,46007906,+,6508,13.1230474421401,0,16.240334938231,0,0,0.791163445097193,11.6275423082497,9.83381862733013,13.3662888096611,0,9.78985654573227,18.3136011219205,2.91765548887111,5.2905957155155,9.49765731645494,3.85282848552069,3.88444511280849,0,28.4387804937804,0,5.39083777527132,0,0,0,0,1.97113632450661,3.73290776533713,0,8.40946116156791,0,0,0,0,0,0,4.44242364492281,6.04444556289682,0,6.60102747609639,6.26888539033157,0,0,5.66534934688862,1.68183585434397,24.5886104571191,7.52769435782577,5.34387250497868,12.6664613992421,0,0,5.181169917987,5.00658959368119,0,6.04033853338129,0,0,0,0,6.20871492704007,0,0,0,7.94007586898012,0
HERV_dup1931,chr3,46381959,46394114,-,12156,24.3713738211173,7.22675296610152,31.3206459523027,0,0,3.95581722548597,0,6.80802828045932,0,52.3768774326309,44.0543544557952,38.0359407916811,0,26.4529785775775,21.1059051476776,26.9697993986448,53.4111203011167,19.254528456078,18.2820731745731,0,5.39083777527132,0,0,6.36533375945196,2.61722546981024,0,4.66613470667141,10.5093770672465,24.4638870154703,10.9126342555516,17.1292190028562,0,56.3604769666918,4.40972123561009,0,21.1015123133834,43.5836337956244,0,5.65802355093977,8.35851385377542,7.4350796240234,8.57840861065862,8.49802402033294,5.04550756303192,5.62025381877009,1.36867170142287,17.3675856411807,37.9993841977262,0,180.360008133219,59.5834540568505,48.8142485383916,44.4676266750979,16.1075694223501,0,3.423814689525,0,22.3370342361453,10.6435113034973,93.9936343053255,12.4360536211864,0,37.4317862394777,0
HERV_dup1932,chr3,46417556,46423902,-,6347,5.62416318948861,0,11.6002392415936,72.4490114536396,0,35.6023550293737,15.5033897443329,9.83381862733013,219.001501265986,14.8021610135696,0,4.22621564352012,0,0,8.44236205907105,0,0,58.6387912071467,0,0,0,45.125662682551,0,343.728023010406,0.65430636745256,120.239315794903,73.7249283654083,156.326983875292,51.9857599078743,10.9126342555516,34.2584380057123,91.7270812211187,16.5766108725564,0,1.45935464652377,6.66363546738422,12.725148553467,6.4868560412825,144.279600548964,123.984622164335,18.1746390809461,0.504612271215213,20.6380583350943,8.40917927171986,7.72784900080887,17.7927321184973,33.3992031561167,13.2696262277774,0,0,2.5905849589935,6.25823699210149,0,11.4095283408313,0,35.7598423128166,88.0238820458074,10.9405881972957,8.86959275291439,15.2739655746154,0,22.2308603702757,6.80577931626867,8.50972988958288
HERV_dup1933,chr3,46426347,46433160,+,6814,0,0,2.32004784831872,0,0,0,7.75169487216644,4.53868552030621,14.3944648719428,3.41588331082376,0,0,0,0,1.58294288607582,0,0,0,0,0,0,0,0,4.54666697103712,20.9378037584819,17.7402269205595,8.39904247200854,17.0777377342756,2.67573764231706,4.09223784583183,12.8469142521421,19.1745875998949,0,0,0,0,0,3.70677488073286,19.8030824282892,4.87579974803566,0,0,0,0,0,0,1.0019760946835,0,0,0,0,0,0,0.671148725931255,0,0.760847708783333,0,15.0433087712815,0,0,0,0,0,0
HERV_dup1934,chr3,48327394,48333098,-,5705,298.080649042896,166.215318220335,208.804306348685,25.4550580783058,411.398683586205,8.70279789606913,222.861227574785,20.424084841378,49.352450989518,79.703943919221,171.322489550315,128.195207853444,192.565262265493,168.240943753393,69.1218393586443,369.871534609986,211.702258648062,133.906493353633,28.4387804937804,130.410312759703,212.938092123217,2.24381748145281,132.444758392689,26.825335129119,287.240495311674,58.477044293696,11.1987232960114,19.7050820010872,40.1360646347559,94.1214704541321,151.308101191896,23.838676475545,29.8378995706015,157.280057403427,211.606423745946,42.2030246267667,132.341544956057,10.8886512121528,72.6113022370603,11.8412279595152,12.3917993733723,56.5165743761038,19.0193870931261,61.387008683555,33.7215229126205,45.1661661469546,17.0335936096195,136.918416077521,126.370100577115,0,20.724679671948,110.144971060986,184.223024796834,92.6185241785132,0,81.4107048398166,88.0238820458074,154.991666128355,39.0262081128233,318.40343620929,206.005931724871,324.91257464249,183.756041539254,352.090074181492
HERV_dup1935,chr3,48722938,48730005,-,7068,28.120815947443,79.4942826271167,2.32004784831872,0,12.1446105855706,7.91163445097193,7.75169487216644,1.5128951734354,4.1127042491265,38.7133441893359,141.952919913118,42.2621564352012,0,119.56746317065,46.4329913248908,28.8962136414052,36.9022285716806,0.437602919456318,89.3790244090242,649.390128844233,129.380106606512,0,28.5007707933635,2.27333348551856,35.3325438424382,34.1663629581145,2.79968082400285,4.59785246692034,5.35147528463412,55.9272505597017,67.08944109452,15.0287308215392,99.4596652353384,146.99070785367,94.8580520240448,9.99545320107633,6.68070299057017,0,24.9896040166506,2.08962846344386,2.47835987467447,0,0.809335620984089,1.68183585434397,18.2658249110028,34.9011283862831,12.6916971993244,16.8886151989894,0,0,119.166908113701,46.310953741551,57.172662867983,2.01344617779376,0,9.51059635979166,12.688127141738,13.6757352466196,6.20871492704007,19.9736472898817,29.7383890941415,46.1717869228802,13.6115586325373,10.6371623619786
HERV_dup1937,chr3,49228341,49232248,+,3908,13.1230474421401,7.22675296610152,4.64009569663744,0,0,6.32930756077755,19.3792371804161,1.5128951734354,11.3099366850979,6.83176662164751,0,0,0,35.9760508655054,0,0,17.4800030076382,8.31445546967005,0,0,0,2.24381748145281,0,4.54666697103712,0,0,0,2.62734426681162,3.05798587693378,0,0,0,0,13.2291637068303,23.3496743443803,5.55302955615352,2.22690099685672,4.40179517087027,0,1.3930856422959,0,3.53228589850649,3.23734248393636,5.8864254902039,0,0,11.0217370415185,0,0,0,0,17.5230635778842,0,9.39608216303757,0,0,0,0,0.886959275291439,0,0,20.5207941879468,0,0
HERV_dup194,chr1,112826178,112832724,+,6547,18.7472106316287,0,4.64009569663744,0,0,3.16465378038877,34.882626924749,5.29513310702392,1.02817606228163,10.2476499324713,0,7.04369273920021,0,0,0,5.77924272828103,0,0.875205838912637,0,0,0,0.249313053494757,0,14.0946676102151,0,0,0.933226941334283,5.91152460032615,0.382248234616723,6.82039640971972,0,0,0,0,0,0,4.45380199371345,0,0.471501962578314,3.48271410573976,0,15.6429804076716,3.23734248393636,2.52275378151596,0,6.84335850711434,3.67391234717284,5.42848345681802,0,0,0,16.2714161794639,0,3.35574362965627,0,1.141271563175,22.2042224980415,12.3081617219576,24.8348597081603,0,10.2732616870671,0,9.07437242169156,8.50972988958288
HERV_dup1940,chr3,5140823,5149818,-,8996,50.6174687053975,93.9477885593197,76.5615789945177,12.4011821407131,33.3976791103192,8.70279789606913,96.8961859020805,18.9111896679426,3.08452818684488,22.7725554054917,58.7391392743936,74.6631430355222,0,29.6273360068868,64.9006583291087,7.70565697104138,123.331132331669,45.5107036234571,115.786463438963,0,177.897646583953,11.9670265677483,40.2363822965132,0,49.072977558942,30.2240903091013,17.7313118853514,30.2144590683337,60.0129728348255,32.7379027666546,91.3558346818996,26.4298369620172,298.378995706015,104.363402576105,176.581912229376,93.2908965433791,55.0362674937447,12.5103652224734,57.9947413971326,2.78617128459181,54.5239172428383,59.5442480033951,25.8987398714909,30.2730453781915,99.0569735558229,184.770679692087,69.1363505331616,54.8879993967156,7.54448361654419,0,44.0399443028895,40.0527167494495,114.345325735966,46.9804108151878,0,8.36932479661666,119.744199900152,84.7895585290414,110.86990941143,42.2971354373965,100.029126953021,124.834831310009,36.2974896867662,0
HERV_dup1943,chr3,54070291,54076543,+,6253,0,0,1.16002392415936,0,0,0,9.68961859020805,2.26934276015311,1.02817606228163,0,0,0,0,0,11.0806002025308,1.92641424276034,0.971111278202122,0,0,154.363227348219,0,1.7451913744633,0,2.72800018262227,0,0.657045441502203,5.5993616480057,9.85254100054359,5.35147528463412,0,8.56460950142808,15.5469629188337,13.2612886980451,5.87962831414679,0,16.6590886684605,14.9520495503237,18.0705275435727,39.6061648565784,7.66197103262747,39.6537579947915,16.652204950102,16.1867124196818,1.68183585434397,35.1265863673131,4.1060151042686,6.67984063122335,7.84114277095937,54.6975062199454,0,2.5905849589935,0,0,0,0,0,0,0,7.09567420233151,0,0,0,0,0
HERV_dup1944,chr3,54634482,54640204,-,5723,0,0,0,1.30538759375927,0,0.791163445097193,0,2.26934276015311,0,4.55451108109834,29.3695696371968,0,0,0,14.7741336033743,21.1905566703638,231.124484212105,0,24.3760975660975,85.1659185369486,2.69541888763566,0,10.0590955741283,0,213.303875789534,2.62818176600881,15.8648580026828,1182.30492006523,0,0,15.7017840859515,0,46.4145104431579,1.4699070785367,0,2.22121182246141,0,0,4.24351766320482,5.57234256918361,4.95671974934894,4.54151044093692,1.61867124196818,0.840917927171986,0,0,0,0,0,0,0,0,0,0,6.7876939076064,0,0,0,0,0,0,0,0,0
HERV_dup1948,chr3,58844745,58854161,+,9417,0,21.6802588983046,6.96014354495616,5.22155037503709,0,2.37349033529158,1.93792371804161,14.3725041476363,6.16905637368975,0,0,8.45243128704025,0,0,5.27647628691941,0,0,15.7537051004275,0,0,37.7358644268992,0.498626106989514,6.70606371608554,7.27466715365938,6.5430636745256,3.28522720751101,2.79968082400285,7.88203280043487,0.764496469233446,4.09223784583183,0,0.518232097294456,6.63064434902256,1.4699070785367,35.0245115165704,6.66363546738422,7.63508913208019,16.448813533252,20.7460863534458,3.48271410573976,10.7395594569227,9.08302088187383,12.5447021252534,10.0910151260638,20.3734200930416,9.58070190996007,11.6897211046409,12.6664613992421,33.9501762744488,1.65467897369926,2.5905849589935,15.0197687810436,0,2.68459490372502,0,7.60847708783333,0.793007946358625,0.911715683107972,0,0,31.9011810282609,5.13019854698669,3.40288965813434,0
HERV_dup1953,chr3,67831665,67838443,+,6779,0,0,1.16002392415936,5.87424417191673,0,6.32930756077755,7.75169487216644,0.756447586717702,6.16905637368975,1.13862777027459,0,0,116.706219554845,9.52307228792791,12.1358954599146,0,0,13.5656905031459,0,0,56.6037966403488,0,0,0,7.19737004197816,0,4.66613470667141,4.59785246692034,0.764496469233446,27.2815856388789,0,11.401106140478,43.0991882686467,44.0972123561009,40.8619301026655,3.33181773369211,0,0,5.18652158836145,1.3930856422959,0,12.1106945091651,3.6420102944284,5.8864254902039,24.5886104571191,23.9517547749002,7.34782469434568,7.84114277095937,0,0,0,25.032947968406,22.233813337549,0,0,0,7.13707151722762,0,0,11.7492042881657,17.3023354729551,15.3905956409601,15.1239540361526,0
HERV_dup1958,chr3,72023117,72028917,+,5801,0,0,0,0,0,0,0,2.26934276015311,0,0,0,0,0,0,2.11059051476776,0,0,0,0,0,0,0,0,0,0,20.3684086865683,0,0,0,0,0,0,0,0,7.29677323261883,0,0,2.08506087041223,0,0,0,0,0.404667810492045,0,0,0,0,0,0,0,0,0,0,0,0,0,0,0,18.6261447811202,0,10.8139596705969,15.3905956409601,0,0
HERV_dup1962,chr3,75136213,75144663,+,8451,16.8724895684658,0,12.760263165753,7.179631765676,0,0,3.87584743608322,2.26934276015311,6.16905637368975,25.0498109460409,0,0,0,0,3.16588577215165,0,0,28.881792684117,0,0,0,0,0,0,0,0,0.933226941334283,7.88203280043487,0.764496469233446,0,5.70973966761872,12.9558024323614,0,0,0,0,4.13567327987677,0.926693720183214,0,6.26888539033157,20.6529989556206,10.0922454243043,4.45134591541249,6.72734341737589,0,23.2674189241888,4.34189641029518,0,0,0,0,0,0,1.34229745186251,0,0,0,7.74958330641776,0,0,0,0,2.64669195632671,0
HERV_dup1972,chr3,78581209,78588919,-,7711,33.7449791369317,36.1337648305076,30.1606220281434,1.30538759375927,18.2169158783559,5.53814411568035,32.9447032067074,8.32092345389472,1.02817606228163,28.4656942568646,14.6847848185984,3.5218463696001,2.91765548887111,35.9760508655054,16.3570764894502,0,5.82666766921273,5.68883795293214,2.03134146384146,66.5358738569911,24.2587699887209,10.4711482467798,83.8257964510692,0.454666697103712,0.65430636745256,55.191817086185,1.86645388266857,47.2921968026092,11.4674470385017,20.4611892291592,7.1371745845234,4.14585677835565,0,1.4699070785367,56.9148312144269,22.2121182246141,11.4526336981203,3.24342802064125,17.4455726153976,2.78617128459181,1.65223991644965,38.8551448835714,12.9493699357454,0,4.21519036407757,11.6337094620944,12.6916971993244,20.5076041702014,7.54448361654419,18.2014687106918,2.5905849589935,8.76153178894209,53.9964038197617,4.02689235558753,6.7876939076064,1.52169541756667,7.13707151722762,11.8523038804036,15.0783076799545,4.69968171526627,12.4360536211864,1.7100661823289,0.75619770180763,0
HERV_dup1973,chr3,78766537,78778019,-,11483,16.8724895684658,7.22675296610152,12.760263165753,20.2335077032687,0,25.3172302431102,7.75169487216644,4.53868552030621,0,28.4656942568646,0,35.218463696001,0,15.8717871465465,18.4676670042179,9.63207121380172,14.5666691730318,7.87685255021373,30.4701219576219,0,0,0,33.5303185804277,0,0,13.1409088300441,13.9984041200142,17.7345738009785,1.14674470385017,10.9126342555516,9.99204441833276,3.10939258376673,33.1532217451128,57.3263760629312,1.45935464652377,5.55302955615352,38.4935743742376,0.926693720183214,18.8600785031326,14.627399244107,9.91343949869787,6.55995952579777,7.2840205888568,5.04550756303192,30.9113960032355,39.0071434905517,8.68379282059035,7.23797794242403,20.7473299454965,0,7.7717548769805,1.2516473984203,0,16.7787181482814,13.5753878152128,13.3148349037083,11.8951191953794,11.8523038804036,15.0783076799545,0,0,3.42013236465779,3.40288965813434,20.2106084877594
HERV_dup1979,chr3,8177024,8186079,+,9056,0,7.22675296610152,0,0,1.51807632319633,0,0,0,0,1.13862777027459,58.7391392743936,0,2.91765548887111,0,0,1.92641424276034,1.94222255640424,6.56404379184477,2.03134146384146,0,0,0,1.67651592902138,0,0,0,11.1987232960114,24.9597705347104,2.67573764231706,0,0,0,26.5225773960902,0,45.2399940422368,0,0.636257427673349,0,6.60102747609639,0,2.47835987467447,0.504612271215213,0,1.68183585434397,2.10759518203878,1.36867170142287,3.33992031561167,0,0,0,10.362339835974,11.2648265857827,0,2.68459490372502,0,0.380423854391666,1.58601589271725,0,0,1.17492042881657,0,0,0,0
HERV_dup1982,chr3,846592,854967,+,8376,29.9955370106059,28.9070118644061,27.8405741798246,15.0119573282316,45.5422896958898,11.8674516764579,29.0688557706242,23.4498751882488,30.8452818684488,31.8815775676884,0,7.04369273920021,40.8471768441956,28.5692168637837,18.9953146329099,15.4113139420828,0,25.3809693284665,36.5641463491463,0,16.1725133258139,1.99450442795805,1.67651592902138,4.54666697103712,60.1961858056355,0,13.06517717868,11.1662131339494,20.641404669303,20.4611892291592,14.2743491690468,12.9558024323614,46.4145104431579,17.6388849424404,23.3496743443803,13.3272709347684,24.1777822515873,9.73028406192375,12.7305529896145,22.2893702767345,38.0015180783418,55.0027375624582,14.1633733672216,10.9319330532358,39.3417767313906,0,5.00988047341751,16.2854503704541,7.54448361654419,0,12.9529247949675,0,22.233813337549,2.68459490372502,0,17.8799211564083,0,0,10.6435113034973,32.8977720068639,2.70348991764923,1.7100661823289,6.80577931626867,18.0831760153636
HERV_dup2002,chr3,93945336,93954706,-,9371,16.8724895684658,0,5.8001196207968,0,3.03615264639265,4.74698067058316,0,9.07737104061243,5.14088031140813,1.13862777027459,0,0,0,19.0461445758558,11.0806002025308,17.3377281848431,0.971111278202122,25.8185722479228,0,0,0,7.97801771183222,0,15.0040010044225,0,3.94227264901322,0,5.91152460032615,1.52899293846689,20.4611892291592,9.99204441833276,0,0,0,4.3780639395713,15.5484827572298,4.13567327987677,0,0,3.48271410573976,9.08731954047305,4.0368981697217,0.404667810492045,4.20458963585993,7.02531727346261,30.1107774313031,1.66996015780584,3.01582414267668,0,0,0,18.7747109763045,0,0.671148725931255,0,24.7275505354583,0,5.01443625709384,25.7218189834517,0,5.9476778188283,1.7100661823289,2.26859310542289,0
HERV_dup201,chr1,114064272,114068966,-,4695,0,0,4.64009569663744,0,0,0,0,10.5902662140478,0,5.69313885137293,0,0,11.6706219554845,0,0.527647628691941,0,0,3.50082335565055,0,0,0,2.99175664193708,0,10.0026673362817,0,1.97113632450661,0,0,0,0,0,0,0,0,0,23.3227241358448,1.59064356918337,17.8388541135269,10.3730431767229,4.87579974803566,33.0447983289929,26.7444503744063,10.5213630727932,18.5001943977837,5.62025381877009,0,9.68576891527385,1.20632965707067,0,0,2.5905849589935,0,0,0,0,0,0,0,5.32175565174863,0,0.540697983529845,0,1.89049425451908,0
HERV_dup2012,chr3,9842123,9854095,-,11973,121.856869105587,43.3605177966091,185.603827865498,136.413003547844,12.1446105855706,221.525764627214,180.22690577787,245.089018096536,177.874458774721,354.113236555396,141.952919913118,138.056377688324,125.459186021458,111.102510025826,185.731965299563,163.745210634629,202.962257144243,185.543637849479,89.3790244090242,439.136767456141,156.334295482868,172.524633018372,263.213000856357,284.16668568982,203.489280277746,162.947269492546,346.227195235019,358.632492419787,151.752549142839,220.980843674919,226.962151787844,266.889530106645,99.4596652353384,117.592566282936,274.358673546468,171.033310329528,299.677248434147,157.769605861192,292.331216798555,462.50443324224,492.367495101994,293.179729576039,265.462083682781,311.139633053635,191.791161565529,25.3204264763231,255.169912112732,156.219690590652,165.978639563972,0,56.992869097857,75.0988439052179,200.104320037941,100.001160163757,414.049328363991,123.637752677292,168.910692574387,76.5841173810696,196.904959114699,179.762825608935,130.308214030693,88.9234414811026,201.904786382637,44.6760819203101
HERV_dup2019,chr4,102742526,102747551,-,5026,0,14.453505932203,6.96014354495616,3.91616278127782,0,7.91163445097193,0,2.26934276015311,0,2.27725554054917,9.78985654573227,14.0873854784004,0,16.9299062896496,3.69353340084359,0,0,0.437602919456318,0,0,0,5.23557412338989,11.7356115031497,0,0,0,0.933226941334283,0,3.05798587693378,20.4611892291592,38.5407427564264,0,0,0,1.45935464652377,0,5.72631684906014,0,3.77201570062651,3.48271410573976,0,0,2.42800686295227,2.52275378151596,5.62025381877009,76.6456152796806,10.6877450099574,4.22215379974735,0,0,0,0,0,4.02689235558753,0,0,0,0,11.5304705787887,2.34984085763314,32.4418790117907,8.55033091164448,11.3429655271145,77.6512852424438
HERV_dup202,chr1,114363331,114369602,-,6272,26.2460948842802,36.1337648305076,15.0803110140717,7.179631765676,22.7711448479449,85.4456520704969,25.1930083345409,3.02579034687081,0,26.1884387163155,0,5.63495419136016,5.83531097774223,87.8238888775574,78.0918490464072,82.8358124386948,52.4400090229146,14.0032934226022,67.0342683067681,7.98430486283893,121.293849943605,2.99175664193708,0,4.0920002739334,30.0980929028177,38.1086356071278,0.933226941334283,9.19570493384068,8.40946116156791,54.5631712777578,32.8310030888077,3.62762468106119,125.982242631429,29.3981415707339,0,97.7333201883019,38.8117030880743,4.40179517087027,4.24351766320482,9.75159949607133,4.13059979112411,4.0368981697217,7.2840205888568,25.2275378151596,11.9430393648864,29.4264415805917,1.0019760946835,12.6664613992421,0,137.338354817038,7.7717548769805,36.2977745541886,15.8812952411064,2.01344617779376,6.7876939076064,11.0322917773583,0,6.3820097817558,0,27.0231698627811,16.2209395058954,17.100661823289,4.53718621084578,95.7344612578075
HERV_dup2027,chr4,106106869,106121520,+,14652,3.74944212632574,0,0,3.26346898439818,0,18.1967592372354,9.68961859020805,10.5902662140478,2.05635212456325,0,14.6847848185984,0,0,33.8598125792992,4.74882865822747,21.1905566703638,30.1044496242658,7.87685255021373,0,0,0,0,0,32.7360021914672,0,0,0,7.88203280043487,1.91124117308362,1.36407928194394,0,0,0,0,0,9.99545320107633,0,0.463346860091607,11.7875490644578,10.4481423172193,2.47835987467447,4.54151044093692,2.42800686295227,6.72734341737589,0.702531727346261,0,0.333992031561167,0,3.77224180827209,0,0,12.516473984203,15.8812952411064,0,0,0,0,3.64686273243189,11.5304705787887,0,0,5.13019854698669,13.6115586325373,85.0972988958288
HERV_dup203,chr11,14522739,14527625,+,4887,52.4921897685603,14.453505932203,71.9214832978803,41.1197092034171,104.747266300547,56.9637680469979,63.9514826953732,40.0917220960382,41.127042491265,54.6541329731801,0,12.6786469305604,154.635740910169,37.0341700086085,39.0459245232036,0,67.0066781959464,65.6404379184477,40.6268292768292,143.717487531101,0,20.1943573330753,63.7076053028126,33.1906688885709,49.072977558942,20.3684086865683,32.6629429466999,66.9972788036964,43.5762987463064,31.3738234847107,22.8389586704749,39.3856393943786,23.207255221579,19.1087920209771,33.5651568700466,53.3090837390737,49.3099506446846,36.604401947237,43.3781805572049,64.7784823667595,24.7835987467447,53.9935130200278,27.9220789239511,19.3411123249557,16.158229728964,59.5372190118947,41.4150119135847,36.7930545406555,54.6975062199454,0,23.3152646309415,62.5823699210149,0,24.1613541335252,359.747777103139,62.0090882658416,116.572168114718,88.4364212614732,79.8263347762295,37.5974537221302,77.8605096282977,78.6630443871293,26.0888207123632,34.0389195583315
HERV_dup2033,chr4,107733106,107741538,+,8433,7.49888425265148,0,19.7204067107091,11.7484883438335,31.8796027871229,8.70279789606913,1.93792371804161,5.29513310702392,4.1127042491265,5.69313885137293,0,0,0,27.5110977206806,0,0,0,0,0,0,0,1.49587832096854,10.0590955741283,17.277334489941,0.65430636745256,0,0,5.91152460032615,10.3207023346515,4.09223784583183,0,4.14585677835565,13.2612886980451,0,0,4.44242364492281,5.09005942138679,4.17012174082446,0,11.8412279595152,0,0.504612271215213,9.30735964131703,0,11.9430393648864,40.3758151919746,9.01778485215152,15.0791207133834,0,0,31.087019507922,0,0,1.34229745186251,0,4.5650862527,72.1637231186349,17.3225979790515,15.9652669552459,12.9241247169823,3.78488588470892,0,17.7706459924793,0
HERV_dup2034,chr4,109312817,109320728,+,7912,0,0,6.96014354495616,23.4969766876669,0,21.3614130176242,0,30.2579034687081,0,7.9703943919221,0,23.2441860393607,0,0,0,0,0,0,0,0,0,0,0,0,9.16028914433583,0,2.79968082400285,2.62734426681162,1.52899293846689,0,0,10.8828740431836,0,0,0,62.1939310289194,96.3930002925124,104.021370090566,18.8600785031326,54.3303400495402,32.2186783707681,146.337558652412,110.87898007482,44.5686501401153,0,0,20.3735139252312,0,1.88612090413605,0,0,0,0,2.68459490372502,0,11.41271563175,0,18.6901715037134,0,0,0,0,0,0
HERV_dup2041,chr4,114588191,114596330,-,8140,0,0,1.16002392415936,5.87424417191673,12.1446105855706,18.1967592372354,5.81377115412483,3.02579034687081,1.02817606228163,7.9703943919221,0,8.45243128704025,0,23.2786211482682,6.33177154430329,1.92641424276034,0,0,0,0,0,9.72320908629552,53.6485097286843,8.63866724497052,0,8.54159073952864,6.53258858933998,0,0,0,7.1371745845234,7.25524936212238,0,8.81944247122018,0,6.66363546738422,5.40818813522347,5.32848889105348,21.2175883160241,0.696542821147952,0,8.07379633944341,6.47468496787271,2.52275378151596,7.72784900080887,28.7421057298802,16.3656095464972,8.4443075994947,0,0,0,13.7681213826233,0,2.01344617779376,346.172389287927,4.94551010709166,0,15.4991666128355,2.66087782587432,0,19.4651274070744,0,7.94007586898012,49.9946631012994
HERV_dup2085,chr4,143177946,143180459,-,2514,0,46.9738942796599,0,0,0,8.70279789606913,42.6343217969154,15.128951734354,4.1127042491265,20.4952998649425,132.163063367386,24.6529245872007,0,31.743574293093,15.8294288607582,0,0,18.8169255366217,0,0,0,16.2053484771592,11.7356115031497,17.277334489941,13.0861273490512,13.7979542715463,22.3974465920228,17.0777377342756,11.4674470385017,30.0097442027668,31.403568171903,0,0,72.0254468482982,58.3741858609507,34.4287832481518,22.2690099685672,9.03526377178634,5.65802355093977,25.7720843824742,8.26119958224823,16.1475926788868,12.1400343147613,14.2956047619238,23.1835470024266,59.5372190118947,2.33794422092817,43.4278676545442,5.65836271240814,0,75.1269638108115,7.50988439052179,3.17625904822128,5.36918980745004,0,17.8799211564083,9.5160953563035,13.2198774050656,31.9305339104918,30.5479311492308,32.9825769953206,18.8107280056179,13.2334597816335,25.5291896687487
HERV_dup209,chr11,17370180,17379293,+,9114,144.353521863541,32.5203883474568,243.605024073466,358.9815882838,72.8676635134237,667.741947662031,125.965041672705,1045.41056484386,2070.74658943519,132.080821351852,24.4746413643307,186.657857588805,300.518515353725,104.753795167207,379.378645029505,267.771579743688,42.7288962408933,859.014530892753,138.131219541219,0,78.1671477414341,334.578117789964,150.886433611925,1428.56276229986,241.439049589995,197.113632450661,1310.25062563333,1144.20842819646,504.185421459458,189.607020190208,282.632113547127,595.966911888624,261.910451786391,167.569406953183,16.0529011117614,264.324206872907,522.049219405983,760.120523980281,149.466122137325,2750.64760071326,1657.19663619899,1042.02434005941,672.153233227286,310.298715126463,398.33548940533,194.351381602047,219.766756767248,277.455821126254,145.231309618476,0,108.804568277727,57.5757803273337,31.7625904822128,346.312742580527,0,1360.01527945021,103.091033026621,232.943357034087,129.49605419255,286.680584631243,37.3081608635593,114.574434216036,218.541135822405,135.091961997128
HERV_dup2093,chr4,153690317,153695722,-,5406,0,0,8.12016746911552,24.8023642814262,77.4218924830127,27.6907205784018,0,12.1031613874832,49.352450989518,5.69313885137293,0,7.04369273920021,0,13.7555488603403,10.5529525738388,0,0,25.3809693284665,0,47.9058291770336,0,29.9175664193708,23.4712230062994,77.7480052047347,11.7775146141461,29.5670448675991,75.5913822480769,56.4879017364499,5.35147528463412,5.45631712777578,18.5566539197608,21.2475159890727,0,0,0,24.4333300470755,48.3555645031745,68.1119884334662,31.1191295301687,41.7925692688771,58.6545170339624,13.6245313228107,20.2333905246022,5.8864254902039,2.81012690938505,0,19.3715378305477,0,20.7473299454965,0,0,1.2516473984203,0,1.34229745186251,0,23.2058551178917,0,0,0,31.7228515780474,0,0,10.9648666762106,0
HERV_dup21,chr10,130292253,130295850,+,3598,0,0,2.32004784831872,0,0,0,0,1.5128951734354,0,9.10902216219668,0,25.3572938611207,0,12.6974297172372,0,0,0,0,0,0,0,0.249313053494757,0,0,3.2715318372628,0,4.66613470667141,2.62734426681162,0,0,0,15.5469629188337,26.5225773960902,0,0,1.1106059112307,12.725148553467,2.54840773050384,14.1450588773494,10.4481423172193,16.5223991644965,0,8.90269183082498,7.56826134454787,7.02531727346261,21.8987472227659,0,1.80949448560601,0,0,0,0,53.9964038197617,1.34229745186251,0,18.6407688651917,0,11.3964460388496,0,0,0,0,2.64669195632671,0
HERV_dup2100,chr4,158292840,158299036,+,6197,14.997768505303,14.453505932203,2.32004784831872,3.26346898439818,0,1.58232689019439,5.81377115412483,0,0,4.55451108109834,0,1.40873854784004,0,0,3.69353340084359,0,0,0,0,0,0,4.98626106989514,0,0.909333394207423,0,0,2.79968082400285,0,0,4.09223784583183,9.99204441833276,0,0,0,0,0,12.725148553467,9.49861063187794,10.3730431767229,4.17925692688771,0,7.06457179701298,6.87935277836476,0,7.02531727346261,23.2674189241888,1.66996015780584,4.22215379974735,0,0,0,11.2648265857827,0,2.01344617779376,0,0,0,3.1910048908779,7.98263347762295,0,0,18.8107280056179,0,0
HERV_dup2106,chr4,163093170,163104749,-,11580,65.6152372107004,39.7471413135584,134.562775202486,56.1316665316487,160.916090258811,114.718699539093,176.351058341787,111.95424283422,108.986662601852,232.280065136015,225.166700551842,204.971458710726,116.706219554845,276.169096349909,269.10029063289,152.186725178067,71.862234586957,95.8350393609337,276.262439082438,715.926002701224,218.328929898488,108.201865216724,144.180369895839,48.1946698929934,149.836158146636,245.734995121824,232.373508392236,185.884606876922,118.114704496567,154.140958859666,244.0913707907,145.623219339742,192.288686121654,235.185132565872,90.4799880844735,132.162103436454,174.334535182498,177.461847415085,161.253671201783,98.2125377818612,274.271826130641,204.367969842161,217.306614234228,231.252429972296,193.196225020222,110.862407815252,195.051346431722,180.949448560601,211.245541263237,0,67.355208933831,101.383439272044,50.8201447715405,22.8190566816627,0,23.966702826675,99.9190012411867,80.2309801135015,83.3741718773953,123.36664502574,87.593073331835,41.0415883758935,78.2664621370897,1.06371623619786
HERV_dup2111,chr4,164975544,164990979,+,15436,0,32.5203883474568,60.3212440562867,0,179.133006137167,100.477757527344,44.5722455149571,48.4126455499329,16.450816996506,52.3768774326309,14.6847848185984,10.5655391088003,116.706219554845,0,3.69353340084359,0,4.85555639101061,27.5689839257481,26.407439029939,0,18.8679322134496,47.8681062709933,114.003083173454,55.9240037437565,34.0239311075331,19.7113632450661,41.0619854187084,18.3914098676814,3.44023411155051,0,18.5566539197608,14.5104987242448,9.94596652353384,16.1689778639037,87.561278791426,11.106059112307,90.0304260157789,86.8775362671763,134.849561297398,89.1574811069378,14.8701592480468,57.5257989185343,87.0035792557896,21.0229481792997,30.2088642758892,41.7444868933975,55.7766692707149,22.3170986558074,7.54448361654419,0,31.087019507922,3.75494219526089,0,28.1882464891127,203.630817228192,28.9122129337666,111.814120436566,54.2470831449243,126.835176366676,32.8977720068639,82.1860934965365,64.9825149284981,32.1384023268243,27.6566221411444
HERV_dup2112,chr4,164995690,165002929,+,7240,0,21.6802588983046,41.7608612697369,8.48501935943527,92.6026557149759,102.060084417538,21.3171608984577,24.9627703616842,14.3944648719428,2.27725554054917,0,4.22621564352012,20.4235884220978,0,4.22118102953553,0,0,19.6921313755343,0,0,0,14.2108440492011,25.1477389353208,28.1893352204301,8.50598277688328,10.5127270640352,19.5977657680199,3.94101640021744,3.44023411155051,6.82039640971972,0,0,29.8378995706015,0,0,0,68.7158021887217,46.1030125791149,33.005137380482,123.288079343187,15.6962792062716,9.08302088187383,38.4434419967442,2.52275378151596,4.21519036407757,2.0530075521343,0.667984063122335,0,58.4697480282174,0,0,2.5032947968406,0,10.7383796149001,0,60.1069689938833,26.9622701761932,3.64686273243189,23.0609411575774,0,0,0,6.80577931626867,5.3185811809893
HERV_dup2128,chr4,173098734,173106239,+,7506,7.49888425265148,21.6802588983046,3.48007177247808,0,0,0,0,1.5128951734354,1.02817606228163,7.9703943919221,0,11.9742776566403,0,22.2205020051651,0.527647628691941,0,0,0,18.2820731745731,0,0,1.99450442795805,0,0,0,0.657045441502203,1.86645388266857,0,8.02721292695118,0,0,0,0,0,16.0529011117614,3.33181773369211,1.90877228302005,0,0,0,3.30447983289929,0,0,3.36367170868794,4.91772209142383,0,0.333992031561167,0.603164828535336,0,0,15.543509753961,0,9.52877714466384,16.1075694223501,0,7.22805323344166,0,23.2487499192533,0,0,0,0,24.576425308748,0
HERV_dup2129,chr4,173606783,173618036,+,11254,14.997768505303,18.0668824152538,4.64009569663744,0,28.8434501407302,2.37349033529158,0,12.8596089742009,20.5635212456325,18.2180443243934,4.89492827286613,1.40873854784004,70.0237317329067,0,22.6888480337535,32.7490421269258,55.3533428575209,6.12644087238846,10.1567073192073,5.32286990855929,88.9488232919767,2.74244358844233,31.8538026514063,5.00133366814083,28.1351738004601,0.657045441502203,39.1955315360399,5.91152460032615,6.11597175386757,2.72815856388789,9.99204441833276,7.77348145941683,36.4685439196241,20.5786990995138,106.532889196235,17.7696945796913,1.2725148553467,0.926693720183214,13.6735569147711,3.48271410573976,0,12.6153067803803,7.2840205888568,16.8183585434397,5.62025381877009,10.2650377606715,14.027665325569,16.2854503704541,20.7473299454965,0,0,16.2714161794639,6.35251809644256,2.01344617779376,407.261634456384,0,3.96503973179312,33.277622433441,24.8348597081603,21.1485677186982,0,0,3.02479080723052,64.8866904080695
HERV_dup2130,chr4,174982917,174990374,-,7458,3.74944212632574,14.453505932203,6.96014354495616,3.26346898439818,0,12.6586151215551,0,4.53868552030621,44.2115706781099,4.55451108109834,0,0,0,0,0,0,42.7288962408933,29.3193956035733,0,0,2.69541888763566,0,50.2954778706415,25.0066683407041,0,0,32.6629429466999,107.721114939277,7.26271645771774,8.18447569166366,7.1371745845234,0,0,0,4.3780639395713,0,13.679534694977,11.5836715022902,14.6165608399277,27.1651700247701,23.131358830295,14.6337558652412,0,10.0910151260638,0,0,4.34189641029518,1.20632965707067,0,3.30935794739852,0,0,0,14.7652719704876,0,10.6518679229667,0,0,0,0,3.78488588470892,0,3.02479080723052,0
HERV_dup2134,chr4,176344477,176348812,+,4336,0,0,5.8001196207968,3.91616278127782,0,23.7349033529158,0,1.5128951734354,0,12.5249054730204,0,2.81747709568008,0,9.52307228792791,0,40.4546990979672,0,5.68883795293214,0,0,91.6442421796124,0,5.02954778706415,0,0,7.22749985652423,6.53258858933998,8.53886886713778,0,10.9126342555516,0,0,0,69.0856326912248,0,18.880300490922,12.725148553467,6.7185294713283,6.12952551351808,6.96542821147952,0,9.08302088187383,7.2840205888568,13.4546868347518,1.40506345469252,0,9.35177688371269,0,0,0,20.724679671948,0,0,5.36918980745004,0,14.4561064668833,7.93007946358625,0,16.8522262305373,0,18.3837314400147,6.84026472931559,2.64669195632671,0
HERV_dup2137,chr4,179166468,179170864,-,4397,5.62416318948861,0,0,0,0,0,0,0,0,0,73.423924092992,0,14.5882774443556,0,8.970009687763,38.5282848552069,173.82891879818,4.37602919456318,4.06268292768292,167.670402119618,0,0,0,0,12.4318209815986,5.91340897351982,3.73290776533713,1015.46855912269,0,0,0,0.518232097294456,29.8378995706015,0,0,0,0,0,0,4.17925692688771,1.65223991644965,2.01844908486085,0,0,0.702531727346261,0,0,0,0,0,0,7.50988439052179,0,0,0,0,0,0,0,0,0,0,0,0
HERV_dup214,chr1,119174039,119177639,+,3601,5.62416318948861,72.2675296610152,6.96014354495616,4.56885657815745,0,16.6144323470411,0,11.3467138007655,14.3944648719428,3.41588331082376,83.2137806387242,12.6786469305604,64.1884207551645,19.0461445758558,5.80412391561135,13.4848996993224,3.88444511280849,17.9417196977091,50.7835365960365,0,5.39083777527132,2.24381748145281,5.02954778706415,0,64.1220240103508,0,1.86645388266857,2.62734426681162,0,15.0048721013834,0,1.55469629188337,33.1532217451128,8.81944247122018,17.5122557582852,2.22121182246141,44.2198912232978,2.08506087041223,28.2901177546988,18.8066561709947,35.5231582036674,19.1752663061781,13.7587055567295,20.1820302521277,35.1265863673131,80.7516303839492,13.0256892308855,33.1740655694435,0,0,20.724679671948,8.76153178894209,0,4.02689235558753,0,11.0322917773583,0,22.7928920776993,47.8958008657377,9.39936343053255,31.360483044731,0,4.9152850617496,20.2106084877594
HERV_dup2141,chr4,182814310,182826499,+,12190,14.997768505303,0,10.4402153174342,7.179631765676,0,0,7.75169487216644,5.29513310702392,4.1127042491265,15.9407887838442,0,0.70436927392002,0,6.3487148586186,11.0806002025308,0,0,0,0,0,10.7816755505426,0,3.35303185804277,0,14.3947400839563,0.657045441502203,3.73290776533713,3.94101640021744,7.64496469233446,9.54855497360761,12.8469142521421,17.6198913080115,0,0,0,7.77424137861492,20.6783663993839,6.7185294713283,16.502568690241,13.930856422959,10.7395594569227,14.6337558652412,4.85601372590454,10.0910151260638,14.0506345469252,9.58070190996007,11.3557290730797,7.84114277095937,0,0,0,13.7681213826233,0,10.0672308889688,0,0,29.3412940152691,0,13.3043891293716,22.3234881475148,0,0,5.67148276355723,0
HERV_dup2149,chr4,186241148,186247584,-,6437,0,0,0,18.9281201095095,0,0,17.4413134623745,1.5128951734354,0,0,4.89492827286613,0.70436927392002,163.388707376782,6.3487148586186,8.970009687763,0,100.995572933021,1.31280875836895,0,0,0,4.98626106989514,1.67651592902138,2.72800018262227,0,0,5.5993616480057,150.415459274965,24.846135250087,0,0,0,16.5766108725564,0,2.91870929304753,0,0,4.17012174082446,5.65802355093977,0.696542821147952,11.5656794151475,0,4.04667810492045,7.56826134454787,7.72784900080887,0,1.33596812624467,0,16.9750881372244,0,0,0,0,0,0,0,0,0,0,0,0,0,2.64669195632671,14.89202730677
HERV_dup215,chr1,119423404,119431645,-,8242,16.8724895684658,0,5.8001196207968,16.3173449219909,47.0603660190861,0,36.8205506427906,7.56447586717702,27.7607536816039,36.4360886487867,0,0,0,0,58.0412391561135,3.85282848552069,0,33.2578218786802,50.7835365960365,0,13.4770944381783,29.4189403123813,38.5598663674918,0,22.9007228608396,38.76568104863,48.5278009493827,51.8900492695296,4.20473058078395,15.0048721013834,179.85679952999,3.10939258376673,0,26.4583274136605,0,12.2166650235377,14.633920836487,18.5338744036643,26.4041099043856,0,1.65223991644965,2.52306135607606,24.2800686295227,10.9319330532358,10.5379759101939,43.7974944455318,3.33992031561167,11.4601317421714,0,0,0,0,0,8.72493343710631,0,7.60847708783333,0,25.9838969685772,20.4000633317031,0,13.5174495882461,0,0.75619770180763,0
HERV_dup2152,chr4,190106257,190113553,-,7297,0,0,4.64009569663744,3.26346898439818,0,0.791163445097193,0,6.05158069374162,12.3381127473795,10.2476499324713,0,2.11310782176006,0,0,0,0,0,0,0,0,0,0,13.4121274321711,0,7.19737004197816,5.91340897351982,3.73290776533713,9.85254100054359,6.88046822310101,2.72815856388789,2.85486983380936,0,0,29.3981415707339,0,1.1106059112307,7.95321784591687,12.973712082565,0,8.35851385377542,46.2627176605901,13.6245313228107,12.5447021252534,13.4546868347518,11.9430393648864,19.8457396706316,1.0019760946835,1.80949448560601,0,0,0,0,0,10.7383796149001,0,0.380423854391666,9.5160953563035,0,12.4174298540801,0,20.5465233741341,0,6.80577931626867,0
HERV_dup2158,chr4,240028,246321,+,6294,0,18.0668824152538,4.64009569663744,20.8862015001484,1.51807632319633,32.4377012489849,0,18.1547420812249,2.05635212456325,4.55451108109834,24.4746413643307,17.6092318480005,0,10.581191431031,5.80412391561135,11.5584854565621,0,25.3809693284665,0,0,0,9.224582979306,3.35303185804277,24.0973349464967,0,8.54159073952864,37.3290776533713,5.91152460032615,11.8496952731184,21.8252685111031,0,10.8828740431836,56.3604769666918,0,0,2.22121182246141,10.1801188427736,17.8388541135269,14.6165608399277,35.5236838785455,14.044039289822,6.55995952579777,17.80538366165,8.40917927171986,11.2405076375402,0,11.3557290730797,0.603164828535336,9.43060452068023,211.798908633505,0,0,0,11.4095283408313,0,24.7275505354583,0,11.8523038804036,0.886959275291439,8.22444300171598,25.4128052259027,18.8107280056179,9.83057012349919,76.587569006246
HERV_dup2159,chr4,24323423,24332755,+,9333,0,0,0,8.48501935943527,0,8.70279789606913,0,0,3.08452818684488,6.83176662164751,0,9.15680056096027,0,0,6.85941917299523,0,0,1.31280875836895,0,0,0,0,0,1.36400009131113,0,0,3.73290776533713,9.85254100054359,4.20473058078395,19.0971099472152,4.28230475071404,12.4375703350669,0,0,11.6748371721901,29.986359603229,21.3146238270572,17.1438338233895,15.5595647650844,11.8412279595152,6.60895966579858,16.652204950102,30.7547535973954,19.3411123249557,3.51265863673131,0,19.0375457989865,0,1.88612090413605,0,0,0,0,0.671148725931255,0,0.380423854391666,0,0,0,1.17492042881657,0,0,0,0
HERV_dup2163,chr4,27974871,27982510,+,7640,80.6130057160034,25.2936353813553,58.001196207968,5.87424417191673,133.590716441277,34.8111915842765,15.5033897443329,31.7707986421435,14.3944648719428,56.9313885137293,44.0543544557952,0.70436927392002,501.836744085831,21.162382862062,12.1358954599146,23.1169709131241,0,10.0648671474953,2.03134146384146,204.930491479533,113.207593280698,2.49313053494757,43.589414154556,15.0040010044225,17.6662719212191,21.6824995695727,11.1987232960114,22.9892623346017,21.7881493731532,76.3884397888609,65.6620061776153,23.3204443782505,82.883054362782,16.1689778639037,17.5122557582852,0,77.6234061761486,1.62171401032062,57.9947413971326,58.509596976428,12.3917993733723,1.51383681364564,19.0193870931261,37.0003887955674,31.6139277305818,22.5830830734773,2.33794422092817,27.7455821126254,35.8362971785849,0,0,21.2780057731451,53.9964038197617,26.8459490372502,0,19.7820404283667,19.032190712607,36.9244851658729,36.365330286949,59.920941869645,0,41.0415883758935,0,68.0778391166631
HERV_dup2166,chr4,3046337,3056570,-,10234,88.1118899686549,18.0668824152538,34.8007177247808,47.6466471722134,0,19.7790861274298,29.0688557706242,43.8739600296267,40.0988664289834,95.6447327030652,9.78985654573227,66.2107117484819,17.5059329332267,0,91.2830397637058,0,44.6711187972976,52.5123503347582,56.8775609875608,77.1816136741096,48.5175399774418,34.903827489266,36.8833504384705,55.9240037437565,67.3935558476136,56.5059079691894,96.1223749574311,52.5468853362325,43.1940505116897,28.6456649208228,49.9602220916638,52.34144182674,29.8378995706015,0,21.8903196978565,62.1939310289194,32.7672575251775,37.9944425275118,18.3885765405542,57.116511334132,90.8731954047305,90.3255965475231,67.1748565416794,69.7961879552748,45.664562277507,68.4335850711434,46.0909003554411,40.4120435118675,37.7224180827209,0,23.3152646309415,27.5362427652466,9.52877714466384,26.8459490372502,0,59.3461212851,36.4783655324967,26.4397548101312,31.9305339104918,125.716485883373,11.3546576541268,71.8227796578137,21.1735356506136,0
HERV_dup2176,chr4,35857815,35864930,-,7116,80.6130057160034,115.628047457624,170.523516851426,36.5508526252596,261.109127589768,24.526066798013,139.530507698996,45.3868552030621,11.3099366850979,126.387682500479,48.9492827286613,88.7505285139226,58.3531097774223,167.18282461029,145.103097890284,23.1169709131241,235.008929324913,66.5156437573604,16.2507317107317,268.804930382244,45.8221210898062,74.5446029949323,162.622045115074,12.7306675189039,110.577776099483,150.463406104004,49.461027890717,62.3994263367761,50.8390152040242,53.1990919958138,188.421409031418,132.667416907381,112.720953933384,101.423588419032,27.7277382839516,118.834832501685,338.488951522222,96.6078203291001,173.984224191398,25.0755415613263,79.307515989583,134.731476414462,182.10051472142,84.9327106443706,40.7468401860832,143.02619279869,111.887330572991,88.062064966159,73.5587152613058,456.691396740995,5.181169917987,77.6021387020585,31.7625904822128,48.9938569929816,0,1.141271563175,5.55105562451037,38.2920586905348,54.1045157927778,108.092679451124,44.8779326329772,76.9529782048004,15.1239540361526,62.7592579356738
HERV_dup2179,chr4,37546189,37552466,+,6278,1.87472106316287,3.61337648305076,5.8001196207968,0.652693796879636,1.51807632319633,8.70279789606913,5.81377115412483,0.756447586717702,8.225408498253,11.3862777027459,0,2.11310782176006,78.7766981995201,16.9299062896496,39.0459245232036,46.2339418262483,59.2377879703294,11.3776759058643,0,95.8116583540671,21.5633511010853,1.7451913744633,55.3250256577057,2.72800018262227,10.468901879241,0,1.86645388266857,5.25468853362325,6.88046822310101,10.9126342555516,12.8469142521421,19.1745875998949,0,44.0972123561009,78.8051509122834,12.2166650235377,2.5450297106934,2.78008116054964,9.90154121414459,1.3930856422959,1.65223991644965,11.1014699667347,1.21400343147613,5.04550756303192,20.3734200930416,14.3710528649401,7.01383266278451,0,5.65836271240814,0,95.8516434827595,53.8208381320728,31.7625904822128,2.01344617779376,40.7261634456384,0.760847708783333,73.7497390113521,23.7046077608073,23.9479004328689,68.145384871361,25.4128052259027,1.7100661823289,9.83057012349919,19.1468922515615
HERV_dup218,chr1,120981774,120995323,-,13550,61.8657950843747,75.8809061440659,33.6406938006214,49.6047285628524,0,5.53814411568035,13.5654660262913,15.128951734354,4.1127042491265,19.356672094668,48.9492827286613,45.7840028048013,0,29.6273360068868,5.27647628691941,0,0,26.6937780868354,0,0,0,4.73694801640038,21.794707077278,18.1866678841485,39.2583820471536,0,4.66613470667141,8.53886886713778,8.40946116156791,28.6456649208228,11.4194793352374,6.73701726482792,0,22.0486061780505,18.971610404809,38.8712068930746,9.22573270126356,20.6189352740765,17.9170745779759,25.0755415613263,2.47835987467447,8.57840861065862,8.90269183082498,28.5912095238475,9.1329124555014,88.279324741775,10.3537529783962,13.2696262277774,0,0,0,26.2845953668263,0,14.7652719704876,0,26.249245953025,3.1720317854345,5.92615194020182,15.9652669552459,11.7492042881657,8.65116773647753,13.6805294586312,16.2582505888641,0
HERV_dup2182,chr4,39539255,39546617,-,7363,123.731590168749,65.0407766949137,404.848349531617,281.311026455123,288.434501407302,492.103662850454,114.337499364455,254.166389137148,262.184895881814,345.004214393199,34.2644979100629,243.007399502407,110.870908577102,176.705896898218,409.454559864946,132.922582750464,232.095595490307,301.070808585947,463.145853755853,327.356499376396,156.334295482868,332.084987255016,300.096351294828,445.573363161637,259.759627878666,164.261360375551,431.150846896439,314.624475950692,344.405659389667,143.228324604114,286.914418297841,586.638734137324,285.11770700797,76.4351680839082,178.0412668759,212.125729045064,168.926347047274,369.750794353102,206.98936157188,301.603041557063,265.184506590168,377.954591140194,271.532100840162,259.843639496144,127.158242649673,153.975566410073,239.138294597796,120.632965707067,194.270453126013,453.382038793597,129.529247949675,199.011936348827,155.636693362843,204.029212683101,0,569.494510024325,137.983382666401,382.00887122224,200.452796215865,406.522468370533,186.000106334267,280.450853901939,266.55968988719,137.219394469524
HERV_dup2183,chr4,3977324,3986843,-,9520,9.37360531581435,79.4942826271167,12.760263165753,15.0119573282316,0,15.0321054568467,21.3171608984577,43.8739600296267,18.5071691210693,69.4562939867497,102.793493730189,9.15680056096027,0,0,17.4123717468341,0,0,0,56.8775609875608,0,51.2129588650775,5.98351328387416,0,6.36533375945196,0,0,21.4642196506885,18.3914098676814,0.382248234616723,2.72815856388789,2.85486983380936,25.3933727674283,0,0,10.2154825256664,0,7.95321784591687,11.815344932336,0,8.35851385377542,39.6537579947915,20.6891031198237,16.1867124196818,10.0910151260638,0,2.73734340284574,3.00592828405051,0,0,0,0,0,3.17625904822128,6.04033853338129,332.597001472714,24.3471266810667,0,3.1910048908779,0,42.2971354373965,0,0,0.378098850903815,0
HERV_dup2187,chr4,400281,409453,-,9173,3.74944212632574,0,24.3605024073466,7.179631765676,0,3.16465378038877,7.75169487216644,8.32092345389472,2.05635212456325,36.4360886487867,0,20.4267089436806,0,0,11.0806002025308,3.85282848552069,37.8733398498827,21.4425430533596,6.09402439152438,0,0,18.1998529051173,21.794707077278,4.0920002739334,0,24.9677267770837,7.46581553067426,3.94101640021744,18.3479152616027,13.6407928194394,0,16.0651950161281,3.31532217451128,1.4699070785367,42.3212847491892,7.77424137861492,18.4514654025271,10.656977782107,30.6476275675904,1.3930856422959,12.3917993733723,15.1383681364564,17.80538366165,24.3866198879876,14.7531662742715,10.9493736113829,20.3735139252312,4.82531862828269,1.88612090413605,0,5.181169917987,8.76153178894209,0,8.72493343710631,0,9.13017250539999,6.344063570869,16.4108822959435,0,0,0,0,5.29338391265341,3.19114870859358
HERV_dup2188,chr4,4042123,4050160,-,8038,26.2460948842802,3.61337648305076,13.9202870899123,12.4011821407131,57.6869002814604,25.3172302431102,0,59.7593593506985,58.6060355500527,9.10902216219668,0,11.9742776566403,2.91765548887111,0,33.2418006075923,0,33.0177834588721,20.1297342949906,0,0,0,35.901079703245,63.7076053028126,40.0106693451266,0,17.0831814790573,84.9236516614197,55.831065669747,25.2283834847037,4.09223784583183,54.2425268423779,140.440898366797,0,0,14.5935464652377,25.5439359583062,30.2222278144841,16.9121603933437,1.88600785031326,22.9859130978824,30.5664384543184,19.6798785773933,24.6847364400147,10.0910151260638,0,3.42167925355717,46.7588844185634,7.23797794242403,1.88612090413605,0,0,5.00658959368119,0,35.5708824743565,0,79.1281617134666,30.1343019616277,51.5119360956004,25.7218189834517,30.5479311492308,24.331409258843,22.2308603702757,23.0640299051327,0
HERV_dup2192,chr4,42284293,42292896,-,8604,16.8724895684658,36.1337648305076,15.0803110140717,2.61077518751854,0,0.791163445097193,5.81377115412483,24.9627703616842,5.14088031140813,0,0,9.15680056096027,32.0942103775822,13.7555488603403,6.33177154430329,0,0,26.2561751673791,0,37.260089359915,21.5633511010853,1.24656526747378,26.8242548643422,0,0,3.28522720751101,31.7297160053656,13.1367213340581,21.4059011385365,9.54855497360761,8.56460950142808,10.8828740431836,9.94596652353384,26.4583274136605,40.8619301026655,14.4378768459991,21.9508812547306,13.9004058027482,78.2693257880001,6.26888539033157,9.91343949869787,28.7628994592671,27.112743302967,2.52275378151596,94.8417831917453,55.4312039076261,20.3735139252312,16.2854503704541,0,0,158.025682498603,70.0922543115367,31.7625904822128,47.6515595411191,0,15.5973780300583,126.88127141738,68.3786762330979,86.0350497032696,0,93.0000531671334,253.089794984677,13.9896574834412,60.6318254632781
HERV_dup2217,chr4,55938235,55948225,-,9991,193.096269505776,151.761812288132,150.803110140717,7.179631765676,236.819906418627,69.622383168553,98.8341096201222,15.8853993210717,45.2397467403915,359.806375406769,0,26.0616631350408,291.765548887111,77.2426974465263,136.133088202521,213.831980946398,64.09334436134,136.532110870371,247.823658588658,0,191.374741022132,9.97252213979027,114.003083173454,83.6586722670829,86.3684405037379,5.25636353201762,14.9316310613485,47.9490328693121,78.743136331045,196.427416599928,117.049663186184,5.70055307023901,182.34271959812,160.2198715605,242.252871322945,161.037857128452,70.6245744717418,9.03526377178634,38.1916589688434,52.2407115860964,23.131358830295,56.5165743761038,16.1867124196818,143.79696554641,69.5506410072799,171.083962677858,8.01580875746802,34.9835600550495,28.2918135620407,0,497.392312126752,180.237225372523,146.107916218179,61.0745340597442,0,90.1604534908249,69.784699279559,81.5985536381635,140.139565496047,569.836407976036,7.56977176941784,205.207941879468,38.944181643093,85.0972988958288
HERV_dup2235,chr4,68029331,68039240,+,9910,3.74944212632574,61.4274002118629,33.6406938006214,36.5508526252596,0,34.8111915842765,34.882626924749,21.9369800148134,14.3944648719428,80.8425716894956,146.847848185984,52.8276955440015,67.1060762440356,75.1264591603202,65.9559535864926,17.3377281848431,4.85555639101061,11.8152788253206,40.6268292768292,5.32286990855929,145.552619932326,11.4684004607588,0,15.9133343986299,64.1220240103508,17.7402269205595,82.1239708374169,30.8712951350366,17.2011705577525,66.8398848152532,18.5566539197608,9.3281777513002,69.6217656647369,26.4583274136605,56.9148312144269,77.7424137861492,42.6292476541144,33.1293004965499,34.8911452307952,43.882197732321,51.219437409939,49.9566148503061,49.3694728800294,66.4325162465869,83.6012755542051,60.2215548626062,29.0573067458216,28.3487469411608,39.608538986857,0,0,47.5626011399713,0,23.4902054075939,0,28.531789079375,0.793007946358625,57.4380880358022,15.0783076799545,74.0199870154438,133.552401931872,30.7811912819201,43.8594667048426,27.6566221411444
HERV_dup2242,chr4,69056240,69064214,+,7975,46.8680265790717,3.61337648305076,0,11.0957945469538,1.51807632319633,0,0,0,2.05635212456325,12.5249054730204,14.6847848185984,7.04369273920021,43.7648323330667,5.2905957155155,1.05529525738388,19.2641424276034,2.91333383460636,0,10.1567073192073,0,0,0,13.4121274321711,0,27.4808674330075,1.31409088300441,0,0,0,36.8301406124865,0,0,16.5766108725564,5.87962831414679,30.6464475769991,0,0,1.62171401032062,0,0,3.30447983289929,0,0,1.68183585434397,0,0.684335850711434,3.00592828405051,0,1.88612090413605,0,2.5905849589935,152.700982607276,15.8812952411064,1.34229745186251,128.966184244522,1.141271563175,1.58601589271725,32.821764591887,0,4.69968171526627,31.360483044731,0,42.7251701521311,0
HERV_dup2250,chr4,73366287,73371291,+,5005,13.1230474421401,0,49.8810287388525,33.9400774377411,13.6626869087669,66.4577293881642,13.5654660262913,39.3352745093205,24.676225494759,0,0,2.11310782176006,116.706219554845,0,3.16588577215165,3.85282848552069,0,47.6987182207387,0,308.726454696439,35.0404455392636,31.6627577938341,10.0590955741283,74.5653383250087,0.65430636745256,0,36.395850712037,51.8900492695296,12.9964399769686,5.45631712777578,1.42743491690468,24.8751406701339,23.207255221579,0,0,6.66363546738422,87.4853963050855,55.369949780947,23.1035961663374,338.519811077905,123.917993733723,85.7840861065862,87.0035792557896,7.56826134454787,49.8797526415846,0,24.7154103355264,1.20632965707067,1.88612090413605,0,0,25.032947968406,12.7050361928851,10.0672308889688,0,51.7376441972666,0,24.1604656023612,9.75655202820583,14.0990451457988,0,0,17.3925471415755,0
HERV_dup2261,chr4,82475594,82486541,+,10948,37.4944212632574,93.9477885593197,74.241531146199,43.077790594056,85.0122740989943,72.7870369489418,40.6963980788738,71.106073151464,133.662888096611,86.5357105408685,4.89492827286613,92.2723748835227,11.6706219554845,60.3127911568767,226.888480337535,30.8226278841655,148.580025564925,229.741532714567,81.2536585536583,0,132.075525494147,53.352993447878,90.5318601671548,62.2893375032085,81.78829593157,29.5670448675991,153.049218378822,70.9382952039138,232.789174881584,66.8398848152532,101.347879100232,55.9690665078012,116.036276107895,117.592566282936,112.37030778233,88.8484728984563,52.809366496888,53.7482357706264,137.207071110289,64.7784823667595,65.263476699761,157.439028619146,142.847737103692,111.842084313874,129.265837831712,91.0166681446207,75.1482071012627,64.5386366532809,22.6334508496326,1.65467897369926,108.804568277727,61.3307225225946,9.52877714466384,48.3227082670503,0,36.9011138759916,33.3063337470622,142.683504406398,177.391855058288,116.31712245284,114.087274524797,78.6630443871293,26.8450184141709,72.3327040614545
HERV_dup2264,chr4,8482383,8488709,-,6327,18.7472106316287,65.0407766949137,8.12016746911552,15.6646511251113,0,4.74698067058316,0,45.3868552030621,23.6480494324774,72.8721772975735,0,15.4961240262405,0,7.40683400172171,43.2671055527392,38.5282848552069,0,14.0032934226022,0,0,67.3854721908914,3.24106969543184,13.4121274321711,0,3.92583820471536,22.9965904525771,30.7964890640313,14.4503934674639,42.4295540424563,75.0243605069169,7.1371745845234,5.18232097294456,53.0451547921805,19.1087920209771,68.589668386617,59.972719206458,12.725148553467,3.24342802064125,6.12952551351808,9.05505667492337,20.6529989556206,29.7721240016976,30.7547535973954,43.7277322129433,28.1012690938505,6.84335850711434,6.01185656810101,12.6664613992421,0,0,12.9529247949675,6.25823699210149,22.233813337549,7.3826359852438,0,0,0,0,23.9479004328689,88.1190321612426,0,15.3905956409601,10.208668974403,0
HERV_dup2266,chr4,86196594,86207696,-,11103,22.4966527579544,18.0668824152538,30.1606220281434,32.6346898439818,101.711113654154,82.2809982901081,63.9514826953732,7.56447586717702,35.9861621798569,29.6043220271392,0,40.1490486134412,0,0,41.6841626666633,9.63207121380172,33.0177834588721,20.1297342949906,0,2.66143495427964,16.1725133258139,22.4381748145281,83.8257964510692,70.4733380510753,44.4928329867741,63.0763623842115,60.6597511867284,42.6943443356889,38.9893199309058,50.4709334319259,34.2584380057123,38.8674072970842,102.77498740985,8.81944247122018,58.3741858609507,22.2121182246141,20.3602376855472,30.5808927660461,17.9170745779759,43.185654911173,42.9582378276908,7.56918406822819,21.8520617665704,10.0910151260638,43.5569670954682,21.2144113720544,3.67391234717284,22.3170986558074,0,302.806252186964,67.355208933831,35.0461271557683,9.52877714466384,20.1344617779376,0,85.5953672381249,31.720317854345,15.4991666128355,38.1392488375319,7.04952257289941,0,13.6805294586312,12.0991632289221,136.155678233326
HERV_dup2272,chr4,88342456,88349306,-,6851,0,0,0,0,0,1.58232689019439,0,13.6160565609186,0,2.27725554054917,83.2137806387242,16.9048625740805,0,2.1162382862062,0.527647628691941,15.4113139420828,0,5.25123503347582,0,0,0,5.48488717688465,0,0,0,12.4838633885419,1.86645388266857,0,14.9076811500522,1.36407928194394,7.1371745845234,0,0,0,5.83741858609507,7.77424137861492,0,0,0,2.08962846344386,0,0,20.2333905246022,5.04550756303192,0.702531727346261,0,0,0,0,0,0,0,0,0,0,0,0,0,7.09567420233151,9.39936343053255,0,0,5.29338391265341,0
HERV_dup2273,chr4,88442747,88453998,+,11252,620.53267190691,534.779719491512,881.618182361113,382.478564971467,913.881946564189,595.746074158187,662.769911570231,580.951746599195,809.174561015639,513.521124393838,533.547181742408,488.127906826574,1015.34411012715,610.534745570489,1167.68420229527,269.697993986448,427.288962408934,733.860095928246,416.425000087499,830.367705735249,253.369375437752,1371.47110727466,876.817830878184,1108.47740753885,519.519255757332,828.534301734278,1076.01066335843,769.811870175806,673.521389394666,381.942198944304,959.236264159945,1808.63001955765,358.054794847218,227.835597173188,685.89668386617,648.593852158731,683.976734748851,666.524458241777,770.905708815543,796.844987393257,605.545929378795,606.039337729471,675.390575711222,481.845972269548,637.196276703059,513.251888033575,764.173768211951,414.977402032311,907.224154889438,1006.04481600915,349.728969464122,1113.96618459407,968.75900970749,824.841784169512,1031.72947395617,581.287649510466,847.72549465737,740.768992525227,687.393438350865,545.163078970888,595.30847986636,567.741972533194,513.836338378285,1500.90360927518
HERV_dup2278,chr4,9094450,9108450,+,14001,0,0,8.12016746911552,3.26346898439818,0,0.791163445097193,19.3792371804161,4.53868552030621,2.05635212456325,11.3862777027459,0,13.3830162044804,0,0,15.3017812320663,0,0,3.93842627510687,0,0,5.39083777527132,15.2080962631802,10.0590955741283,0,19.6291910235768,0,16.7980849440171,0,1.52899293846689,0,7.1371745845234,13.4740345296558,16.5766108725564,0,0,4.44242364492281,29.2678416729741,10.8886512121528,7.07252943867471,0.696542821147952,5.78283970757376,24.2213890183302,7.68868839934885,0.840917927171986,0,30.7951132820145,14.6956493886914,9.04747242803004,3.77224180827209,0,0,0,0,0.671148725931255,0,7.98890094222499,0,1.36757352466196,0,0,0,29.0711250995912,4.15908735994197,0
HERV_dup2282,chr4,9121786,9131367,+,9582,0,21.6802588983046,9.28019139327488,0,0,9.49396134116632,0,3.78223793358851,1.02817606228163,9.10902216219668,0,16.9048625740805,0,22.2205020051651,11.6082478312227,9.63207121380172,0,8.75205838912637,42.6581707406706,0,0,6.73145244435843,25.1477389353208,15.4586677015262,19.6291910235768,11.1697725055374,10.2654963546771,1.97050820010872,11.085198803885,13.6407928194394,2.85486983380936,25.3933727674283,0,0,0,12.2166650235377,25.450297106934,1.39004058027482,2.35750981289157,3.48271410573976,12.3917993733723,9.58763315308905,23.4707330085386,11.7728509804078,10.5379759101939,0,0,14.4759558848481,0,0,0,0,0,6.04033853338129,0,4.18466239830833,1.58601589271725,22.7928920776993,0,0,0,0,19.6611402469984,0
HERV_dup2290,chr4,92438845,92444199,-,5355,0,0,0,0,0,10.2851247862635,0,3.78223793358851,0,15.9407887838442,0,0,0,12.6974297172372,2.6382381434597,0,8.74000150381909,0,2.03134146384146,0,0,0,0,3.63733357682969,0,7.22749985652423,5.5993616480057,63.7130984701819,0,0,0,2.07292838917782,23.207255221579,27.9282344921972,5.83741858609507,4.44242364492281,0,6.95020290137411,8.01553336383133,0.696542821147952,14.044039289822,8.57840861065862,25.8987398714909,31.1139633053635,0,26.6890981777459,3.67391234717284,0,0,0,2.5905849589935,0,0,0,0,0,0,0,0,0,0,0,0,0
HERV_dup2292,chr4,94291864,94299580,-,7717,174.349058874147,83.1076591101675,229.684736983553,51.5628099534913,50.0965186654788,179.594102037063,236.426693601077,106.659109727196,73.0005004219954,86.5357105408685,68.5289958201259,253.572938611207,26.25889939984,70.8939825879077,48.0159342109666,211.905566703638,190.337810527616,168.477123990683,67.0342683067681,311.387889650718,258.760213213023,23.6847400820019,33.5303185804277,178.684011961759,175.354106477286,22.9965904525771,54.1271625973884,84.7318526046749,120.025945669651,343.747979049874,87.0735299311855,48.7138171456788,49.7298326176692,49.9768406702477,36.4838661630942,266.545418695369,96.7111290063491,85.0241488268099,17.4455726153976,148.363620904514,87.5687155718312,199.826459401224,59.8908359528226,217.797743137544,18.9683566383491,137.551505992998,120.905115425143,278.05898595479,43.3807807951291,0,18.1340947129545,172.727340982001,82.5827352537533,132.216299008457,549.803206516119,125.920295803642,126.88127141738,311.350905781372,469.201456629171,280.80598248716,320.093206249669,106.024103304392,287.355126686899,222.316693365353
HERV_dup2298,chr4,9639023,9646909,+,7887,5.62416318948861,14.453505932203,6.96014354495616,10.4431007500742,18.2169158783559,3.16465378038877,23.2550846164993,15.128951734354,10.2817606228163,11.3862777027459,9.78985654573227,8.45243128704025,0,10.581191431031,11.6082478312227,25.0433851558845,11.6533353384255,6.12644087238846,0,63.8744389027114,45.8221210898062,0.74793916048427,20.1181911482566,5.45600036524454,5.88875730707304,25.6247722185859,8.39904247200854,11.1662131339494,12.6141917423519,21.8252685111031,4.28230475071404,0,3.31532217451128,0,13.1341918187139,4.44242364492281,25.7684258207706,1.15836715022902,0,16.0204848864029,5.78283970757376,18.6706540349629,7.68868839934885,10.0910151260638,10.5379759101939,9.58070190996007,10.019760946835,8.4443075994947,0,0,0,12.516473984203,34.9388495304341,8.05378471117506,176.480041597767,11.7931394861417,19.032190712607,20.5136028699294,22.173981882286,4.69968171526627,65.9651539906411,0,7.18387816717249,0
HERV_dup2299,chr4,9658471,9667537,+,9067,69.3646793370262,169.828694703386,60.3212440562867,107.69447648514,156.361861289222,238.931360419352,91.0824147479557,226.177828428593,57.577859487771,91.0902216219668,166.427561277448,145.804439701444,501.836744085831,83.591412305145,64.3730107004168,26.9697993986448,62.1511218049358,28.4441897646607,50.7835365960365,95.8116583540671,43.1267022021705,44.8763496290562,62.0310893737912,112.75734088172,77.8624577268546,63.7334078257137,183.845707442854,225.9516069458,56.572738723275,46.3786955860941,42.8230475071404,48.7138171456788,29.8378995706015,16.1689778639037,5.83741858609507,29.986359603229,37.8573169465643,32.4342802064125,34.4196432682169,195.031989921427,71.8724363655596,83.2610247505101,42.0854522911726,21.8638661064716,59.012665097086,15.0553887156515,32.0632350298721,40.4120435118675,49.0391435075372,1.65467897369926,0,26.2845953668263,50.8201447715405,18.7921643260751,1635.83423173314,199.342099701233,316.410170597091,89.3481369445812,103.774235209098,117.492042881657,229.255945016654,22.2308603702757,11.7210643780183,237.208720672123
HERV_dup23,chr10,133603584,133609809,+,6226,5.62416318948861,3.61337648305076,4.64009569663744,0,0,14.2409420117495,23.2550846164993,5.29513310702392,69.9159722351505,6.83176662164751,0,4.22621564352012,0,0,55.9306486413457,13.4848996993224,0,19.6921313755343,0,0,0,2.74244358844233,21.794707077278,10.0026673362817,24.8636419631973,2.62818176600881,16.7980849440171,35.4691476019569,20.641404669303,0,27.1212634211889,49.7502813402677,13.2612886980451,0,0,8.88484728984563,1.90877228302005,8.80359034174053,0,18.1101133498467,14.8701592480468,13.1199190515955,0,5.8864254902039,0,0.684335850711434,0,0,0,0,0,0,0,20.1344617779376,0,4.94551010709166,0,9.5730146726337,0,0,0,0,1.13429655271145,0
HERV_dup2303,chr4,99013445,99021899,-,8455,0,0,3.48007177247808,5.22155037503709,0,4.74698067058316,29.0688557706242,3.78223793358851,8.225408498253,6.83176662164751,0,21.8354474915206,17.5059329332267,0,0,3.85282848552069,99.0533503766164,4.37602919456318,0,0,0,4.48763496290562,0,18.1866678841485,43.8385266193215,1.97113632450661,5.5993616480057,5.91152460032615,13.760936446202,12.2767135374955,7.1371745845234,15.5469629188337,0,0,0,4.44242364492281,10.8163762704469,30.3492193360003,19.8030824282892,20.1997418132906,21.4791189138454,39.8643694260018,12.5447021252534,16.8183585434397,0,0,0.667984063122335,11.4601317421714,82.9893197819861,0,0,0,15.8812952411064,1.34229745186251,0,2.66296698074166,0,0,23.9479004328689,0,17.8430334564849,0,15.8801517379602,38.293784503123
HERV_dup2319,chr5,110533798,110545603,+,11806,7.49888425265148,0,5.8001196207968,0,9.10845793917796,144.782910452786,1.93792371804161,0.756447586717702,26.7325776193223,26.1884387163155,0,16.2004933001605,0,4.2324765724124,93.3936302784735,13.4848996993224,0,32.8202189592239,0,0,0,18.449165958612,0,24.5520016436004,0,38.76568104863,97.0556018987654,11.1662131339494,38.9893199309058,25.9175063569349,22.8389586704749,123.33923915608,0,0,11.6748371721901,3.33181773369211,2.5450297106934,0,10.3730431767229,13.930856422959,0,1.00922454243043,0.404667810492045,3.36367170868794,0,13.0023811635172,0,9.04747242803004,0,0,0,0,0,2.68459490372502,0,0,0,4.55857841553986,20.4000633317031,0,0,27.3610589172624,0,0
HERV_dup2320,chr5,111567664,111580113,+,12450,1.87472106316287,0,0,10.4431007500742,0,19.7790861274298,0,6.80802828045932,0,3.41588331082376,0,0,0,0,2.6382381434597,13.4848996993224,0,9.627264228039,0,0,0,0.74793916048427,0,2.72800018262227,0,0,0,6.56836066702906,0,0,0,0,0,0,0,0,12.0888911257936,6.7185294713283,13.6735569147711,23.6824559190304,28.9141985378688,27.7536749168367,16.1867124196818,0,0.702531727346261,0,1.66996015780584,13.2696262277774,0,0,0,0,12.7050361928851,0,699.13247248346,0,0,0,16.8522262305373,0,0,0,1.13429655271145,0
HERV_dup2324,chr5,112524093,112532633,+,8541,0,0,4.64009569663744,0,0,0,0,0.756447586717702,0,0,0,0,0,0,0,0,0,0,0,0,0,0,0,0.454666697103712,0,0,0,0,0,2.72815856388789,0,0,0,2.93981415707339,10.2154825256664,0,2.5450297106934,12.973712082565,0.471501962578314,0,3.30447983289929,11.6060822379499,8.09335620984089,6.72734341737589,0,0,0,0,0,125.755602001144,0,0,0,10.7383796149001,0,0,7.93007946358625,17.3225979790515,1.77391855058288,0,30.2790870776713,1.7100661823289,0,13.8283110705722
HERV_dup2334,chr5,118948084,118952819,-,4736,0,0,3.48007177247808,0.652693796879636,0,0.791163445097193,11.6275423082497,6.80802828045932,8.225408498253,5.69313885137293,0,6.33932346528018,0,4.2324765724124,6.85941917299523,11.5584854565621,0.971111278202122,0,0,0,0,7.72870465833746,0,6.82000045655567,6.5430636745256,8.54159073952864,3.73290776533713,5.25468853362325,0,8.18447569166366,0,12.4375703350669,0,0,0,7.77424137861492,4.77193070755012,0,12.2590510270362,2.78617128459181,4.13059979112411,10.5968576955195,2.83267467344431,1.68183585434397,2.81012690938505,0,16.6996015780584,0,0,0,25.905849589935,12.516473984203,0,2.01344617779376,0,2.66296698074166,7.93007946358625,1.82343136621594,7.98263347762295,1.17492042881657,21.6279193411938,44.4617207405513,5.67148276355723,0
HERV_dup2337,chr5,121853831,121861127,-,7297,14.997768505303,21.6802588983046,0,6.52693796879636,0,34.0200281391793,29.0688557706242,3.78223793358851,6.16905637368975,2.27725554054917,0,0,0,0,62.790067814341,0,0,3.06322043619423,0,0,0,20.1943573330753,0,22.2786681580819,13.0861273490512,21.0254541280705,40.1287584773741,8.53886886713778,35.5490858193552,0,2.85486983380936,39.3856393943786,0,0,0,0,3.18128713836675,0,0,2.78617128459181,1.65223991644965,11.6060822379499,7.2840205888568,8.40917927171986,0,0,0,0,0,0,0,0,0,0.671148725931255,0,11.41271563175,0,0,0,0,0,0,0,0
HERV_dup2353,chr5,129524031,129536042,+,12012,35.6197002000945,0,8.12016746911552,0,110.819571593332,25.3172302431102,27.1309320525826,9.07737104061243,27.7607536816039,4.55451108109834,0,21.1310782176006,0,0,29.0206195780567,3.85282848552069,14.5666691730318,23.1929547311849,75.159634162134,0,29.6496077639922,16.9532876376435,0,27.2800018262227,18.3205782886717,12.4838633885419,35.4626237707027,50.5763771361238,14.1431846808188,2.72815856388789,2.85486983380936,15.5469629188337,79.5677321882707,38.2175840419541,112.37030778233,19.9909064021527,26.7228119622807,47.7247265894355,58.4662433597109,48.7579974803566,68.5679565326603,69.6364934276994,36.420102944284,26.9093736695036,51.2848160962771,16.4240604170744,21.3754900199147,16.8886151989894,47.1530226034012,0,25.905849589935,22.5296531715654,19.0575542893277,16.7787181482814,6.7876939076064,27.0100936618083,0,6.3820097817558,18.6261447811202,0,29.1976911106117,0,5.67148276355723,0
HERV_dup2356,chr5,131571798,131582180,+,10383,0,0,0,0,0,0,0,3.02579034687081,6.16905637368975,12.5249054730204,0,0,0,0,10.5529525738388,0,0,0,0,0,0,8.97526992581125,0,8.18400054786681,0,0,1.86645388266857,3.28418033351453,6.49821998848429,0,0,9.3281777513002,0,0,0,17.7696945796913,3.18128713836675,0,6.12952551351808,5.57234256918361,5.78283970757376,15.1383681364564,19.0193870931261,4.20458963585993,20.3734200930416,25.3204264763231,0,0,0,0,0,8.76153178894209,0,0,0,0,0,0,0,0,0,0,0,0
HERV_dup2365,chr5,139502943,139512402,+,9460,376.818933695737,368.564401271177,473.289761057019,393.574359518421,22.7711448479449,643.215880864018,482.543005792361,763.255614998162,232.367790075647,873.327499800607,88.1087089115904,333.16666656417,145.882774443556,201.042637189589,241.662613940909,179.156524576712,306.87116391187,203.047754627732,42.6581707406706,55.8901340398725,156.334295482868,16.9532876376435,25.1477389353208,580.154705504336,651.689141982749,76.2172712142555,258.503862749596,261.420754547757,256.488565427821,2155.24526547143,204.123193117369,116.602221891253,19.8919330470677,97.013867183422,51.0774126283318,760.765049193032,659.16269506959,148.50266865936,13.6735569147711,689.577392936472,307.316624459634,620.673093594712,764.417494019472,1572.51652381161,98.3544418284766,237.464540196868,254.835920081171,581.450894708064,45.2669016992651,87.6979856060607,2.5905849589935,289.130549035089,241.395687664817,295.976588135683,0,108.420798501625,571.758729324569,420.300929912775,479.844967932669,1062.12806765018,384.43626628972,58.1422501991825,214.760147313367,304.222843552588
HERV_dup2366,chr5,139526048,139531564,+,5517,1.87472106316287,32.5203883474568,6.96014354495616,0,0,4.74698067058316,19.3792371804161,1.5128951734354,4.1127042491265,3.41588331082376,88.1087089115904,11.9742776566403,175.059329332267,10.581191431031,1.58294288607582,17.3377281848431,28.1622270678615,2.62561751673791,0,0,0,0,0,3.63733357682969,56.2703476009201,0,0,2.62734426681162,3.82248234616723,8.18447569166366,0,0,0,0,2.91870929304753,0,0,1.62171401032062,0.471501962578314,0,0,0,0,0.840917927171986,9.83544418284766,2.0530075521343,0,4.22215379974735,32.0640553703128,0,5.181169917987,16.2714161794639,0,1.34229745186251,0,2.66296698074166,0,0,0,0,134.633797898932,0,1.51239540361526,54.2495280460909
HERV_dup2376,chr5,152717235,152730830,+,13596,91.8613320949806,148.148435805081,602.052416638708,104.431007500742,661.881276913598,159.023852464536,432.156989123279,190.624791852861,43.1833946158283,470.253269123404,435.648616285086,200.745243067206,507.672055063574,40.2085274379178,172.013126953573,115.584854565621,342.802281205349,433.226890261755,0,404.538113050506,18.8679322134496,99.475908344408,350.391829165469,61.8346708061048,169.465349170213,0,167.047622498837,139.906082207719,385.688468728274,296.005204181836,285.486983380936,51.3049776321511,0,61.7360972985413,745.730224373645,328.739349724288,776.870319189159,279.629830065285,516.294649023254,167.170277075508,148.701592480468,1086.43021992635,290.95615574378,486.89147983258,292.955730303391,286.052385597379,251.495999765559,323.899512923475,11.3167254248163,0,0,371.739277330829,235.043169568375,706.719608405611,20.3630817228192,167.386495932333,481.355823439685,413.463062289465,810.680777616375,499.341182247042,697.500398753501,403.57561902962,242.739462280249,142.537975650513
HERV_dup2378,chr5,154635980,154644486,-,8507,0,0,18.5603827865498,11.0957945469538,6.07230529278531,6.32930756077755,13.5654660262913,5.29513310702392,11.3099366850979,9.10902216219668,0,2.81747709568008,0,0,3.69353340084359,0,0,8.75205838912637,0,0,0,3.24106969543184,0,21.3693347638744,26.1722546981024,0,33.5961698880342,7.22519673373196,5.35147528463412,16.3689513833273,17.1292190028562,3.62762468106119,0,0,0,4.44242364492281,8.27134655975354,13.6687323727024,15.088062802506,19.5031989921427,11.5656794151475,11.1014699667347,14.5680411777136,15.1365226890957,2.10759518203878,0,7.01383266278451,3.61898897121201,16.9750881372244,0,0,0,3.17625904822128,2.68459490372502,0,0,0,4.55857841553986,6.20871492704007,0,0,0,5.67148276355723,0
HERV_dup2379,chr5,154878590,154886326,+,7737,1.87472106316287,0,1.16002392415936,0,0,0,0,6.05158069374162,8.225408498253,23.9111831757663,0,13.3830162044804,145.882774443556,32.8016934361961,6.33177154430329,44.3075275834879,0,2.62561751673791,2.03134146384146,0,0,0,1.67651592902138,0,0,26.2818176600881,2.79968082400285,5.25468853362325,3.44023411155051,5.45631712777578,17.1292190028562,6.21878516753347,26.5225773960902,16.1689778639037,2.91870929304753,33.3181773369211,0.954386141510024,3.01175459059545,7.54403140125302,22.9859130978824,6.60895966579858,16.1475926788868,24.6847364400147,28.5912095238475,7.02531727346261,0,2.003952189367,25.3329227984841,0,0,7.7717548769805,41.3043641478698,6.35251809644256,2.01344617779376,0,1.90211927195833,0.793007946358625,5.47029409864783,26.6087782587432,39.9472945797633,67.0465499577008,5.13019854698669,18.9049425451908,22.3380409601551
HERV_dup2381,chr5,1577341,1585389,-,8049,194.970990568938,148.148435805081,425.728780166485,447.74794465943,428.097523141364,1365.54810623776,403.088133352655,740.562187396631,602.511172497033,235.695948446839,279.01091155337,351.48026768609,1085.36784186005,224.321258337857,269.627938261582,229.243294888481,137.897801504701,682.660554351857,233.604268341768,646.728693889953,231.806024336667,319.370021526783,409.069886681218,1369.45609167638,503.161596571018,242.449767914313,1101.20779077445,983.28359185425,522.53333672106,327.379027666547,344.011814974028,316.121579349618,225.441907866767,352.777698848807,210.147069099422,398.707522131822,719.607150698558,846.071366527274,562.973343318507,3199.91772035369,1206.13513900824,1016.79372649865,744.993439115854,309.457797199291,763.651987625386,401.0208085169,296.918916057878,551.292653281297,441.352291567835,0,139.891587785649,152.700982607276,174.69424765217,414.098763899584,441.200103994416,1159.15148433141,410.778116213768,423.491934803653,351.23587301541,254.957733053195,351.4536892944,129.965029856996,301.722883021244,195.723787460406
HERV_dup2383,chr5,159366332,159373656,+,7325,9.37360531581435,0,20.8804306348685,15.0119573282316,54.6507476350678,39.5581722548597,3.87584743608322,14.3725041476363,6.16905637368975,27.32706648659,0,11.9742776566403,0,0,32.1865053502084,0,9.71111278202122,16.1913080198838,0,0,0,9.224582979306,35.2068345094491,3.18266687972598,3.2715318372628,11.1697725055374,22.3974465920228,7.88203280043487,8.79170939618463,4.09223784583183,0,22.2839801836616,86.1983765372933,0,11.6748371721901,58.8621132952273,36.5848020912176,40.5428502580156,21.2175883160241,13.930856422959,19.8268789973957,36.3320835274953,22.6613973875545,43.7277322129433,14.7531662742715,52.6938605047804,28.3893226826992,30.7614062553021,0,0,0,0,0,6.04033853338129,0,22.8254312635,26.9622701761932,18.6901715037134,31.9305339104918,90.4688730188758,27.0348991764923,0,2.64669195632671,0
HERV_dup2391,chr5,16635590,16647616,+,12027,14.997768505303,57.8140237288121,10.4402153174342,0,66.7953582206384,18.1967592372354,32.9447032067074,0.756447586717702,12.3381127473795,25.0498109460409,122.373206821653,6.33932346528018,230.494783620818,1.0581191431031,6.33177154430329,11.5584854565621,0,5.25123503347582,0,0,37.7358644268992,6.23282633736892,1.67651592902138,1.81866678841485,8.50598277688328,15.7690905960529,27.0635812986942,3.94101640021744,11.8496952731184,0,1.42743491690468,8.29171355671129,26.5225773960902,11.7592566282936,36.4838661630942,2.22121182246141,32.1310000975041,0,19.8030824282892,1.3930856422959,3.30447983289929,4.0368981697217,8.09335620984089,0.840917927171986,24.5886104571191,1.36867170142287,1.33596812624467,9.65063725656537,11.3167254248163,1.65467897369926,2.5905849589935,7.50988439052179,28.5863314339915,4.69804108151878,237.569286766224,23.5862789722833,0,4.10272057398587,27.4957375340346,0,0,3.42013236465779,12.8553609307297,0
HERV_dup240,chr11,29518479,29527893,+,9415,0,25.2936353813553,0,0,0,0,0,0.756447586717702,0,0,0,8.45243128704025,0,0,0,0,0,0,0,0,0,0,0,0,0,0,0,0,0,0,0,0,26.5225773960902,0,0,14.4378768459991,32.7672575251775,46.3346860091607,37.7201570062651,32.0409697728058,61.1328769086369,8.07379633944341,24.6847364400147,26.0684557423316,15.4556980016177,2.0530075521343,40.4130358189012,26.5392524555548,24.5195717537686,71.1511958690681,0,0,0,0,0,0,0,0,0,0,0,0,2.26859310542289,0
HERV_dup2404,chr5,18733431,18746441,-,13011,5.62416318948861,0,11.6002392415936,1.95808139063891,0,7.12047100587474,15.5033897443329,6.05158069374162,0,5.69313885137293,0,19.7223396697606,0,1.0581191431031,0,17.3377281848431,39.815562406287,7.87685255021373,0,0,0,0,0,0,0,0,0,0,8.02721292695118,5.45631712777578,0,0,6.63064434902256,0,36.4838661630942,0,14.633920836487,0,21.6890902786024,4.17925692688771,3.30447983289929,0,5.66534934688862,4.20458963585993,2.10759518203878,0,8.68379282059035,7.84114277095937,0,84.3886276586621,0,6.25823699210149,0,6.71148725931255,0,0,0,8.66129898952573,0,0,0,0,5.67148276355723,0
HERV_dup2412,chr5,242215,247919,+,5705,5.62416318948861,39.7471413135584,32.4806698764621,42.4250967971764,66.7953582206384,84.6544886253997,19.3792371804161,57.4900165905454,26.7325776193223,84.2584550003193,4.89492827286613,61.2801268310418,78.7766981995201,97.3469611654853,18.4676670042179,42.3811133407276,33.9888947370743,31.5074102008549,18.2820731745731,0,72.7763099661628,2.24381748145281,45.2659300835774,49.5586699843046,98.8002614853365,15.7690905960529,53.1939356560541,38.7533279354714,65.3644481194596,17.7330306652713,17.1292190028562,3.62762468106119,29.8378995706015,39.6874911204908,59.8335405074744,35.5393891593825,48.6736932170112,22.2406492843971,34.8911452307952,115.62610831056,33.0447983289929,79.7287388520036,36.420102944284,49.6141577031472,54.7974747330084,34.9011283862831,23.0454501777205,80.824087023735,0,0,0,15.0197687810436,0,25.5036515853877,0,48.6942533621333,16.6531668735311,13.2198774050656,54.9914750680692,7.04952257289941,50.8256104518055,32.491257464249,15.8801517379602,112.753921036973
HERV_dup2415,chr5,24645252,24658321,+,13070,5.62416318948861,0,38.2807894972589,14.359263531352,15.1807632319633,3.95581722548597,11.6275423082497,9.07737104061243,14.3944648719428,38.7133441893359,0,3.5218463696001,17.5059329332267,28.5692168637837,26.382381434597,0,0,5.68883795293214,10.1567073192073,0,0,26.9258097774337,13.4121274321711,8.18400054786681,45.1471393542266,27.5959085430925,49.461027890717,19.0482459343843,27.5218728924041,0,24.2663935873796,46.1226566592066,0,0,10.2154825256664,2.22121182246141,0.636257427673349,0.231673430045803,6.60102747609639,3.48271410573976,4.95671974934894,2.52306135607606,4.85601372590454,1.68183585434397,2.10759518203878,0,12.6916971993244,0.603164828535336,0,0,0,0,0,2.01344617779376,739.858635929098,16.3582257388417,0,4.55857841553986,2.66087782587432,10.5742838593491,22.7093153082535,0,6.80577931626867,0
HERV_dup2422,chr5,31383256,31400155,-,16900,9.37360531581435,14.453505932203,13.9202870899123,6.52693796879636,0,1.58232689019439,3.87584743608322,16.6418469077894,7.19723243597138,1.13862777027459,186.007274368913,8.45243128704025,55.4354542885511,8.46495314482481,7.91471443037911,0,11.6533353384255,3.06322043619423,18.2820731745731,0,8.08625666290697,0.74793916048427,1.67651592902138,8.18400054786681,1.30861273490512,10.5127270640352,3.73290776533713,7.88203280043487,3.05798587693378,10.9126342555516,12.8469142521421,6.73701726482792,125.982242631429,97.013867183422,26.2683836374278,7.77424137861492,13.3614059811403,5.79183575114509,2.35750981289157,1.3930856422959,1.65223991644965,2.52306135607606,2.83267467344431,15.9774406162677,64.632918915856,25.3204264763231,6.34584859966218,9.04747242803004,11.3167254248163,461.655433662093,23.3152646309415,3.75494219526089,9.52877714466384,0,13.5753878152128,0,20.6182066053242,0,4.4347963764572,0,21.087221357664,13.6805294586312,2.26859310542289,51.0583793374973
HERV_dup243,chr11,31317874,31332657,-,14784,5.62416318948861,0,13.9202870899123,8.48501935943527,0,15.0321054568467,1.93792371804161,7.56447586717702,4.1127042491265,4.55451108109834,4.89492827286613,5.63495419136016,0,6.3487148586186,5.80412391561135,0,29.1333383460636,2.62561751673791,0,0,40.4312833145349,5.73420023037941,0,7.7293338507631,0,0,0.933226941334283,7.22519673373196,14.5254329154355,2.72815856388789,11.4194793352374,0,69.6217656647369,0,8.7561278791426,8.88484728984563,11.770762411957,12.2786917924276,16.0310667276627,18.8066561709947,1.65223991644965,1.51383681364564,4.04667810492045,5.8864254902039,0,0,1.0019760946835,2.41265931414134,56.5836271240814,147.266428659234,7.7717548769805,0,0,0,0,34.9989946040333,0,0,0,12.9241247169823,41.0930467482683,0,1.13429655271145,0
HERV_dup2436,chr5,42111369,42121250,+,9882,0,65.0407766949137,9.28019139327488,0,0,9.49396134116632,3.87584743608322,0,0,6.83176662164751,0,0,105.03559759936,14.8136680034434,7.91471443037911,5.77924272828103,84.4866812035846,1.75041167782527,22.344756102256,0,32.3450266516279,0,0,8.18400054786681,0,13.1409088300441,0,0,3.82248234616723,0,9.99204441833276,0,9.94596652353384,0,5.83741858609507,2.22121182246141,4.45380199371345,0,6.60102747609639,2.08962846344386,0,4.54151044093692,7.68868839934885,8.40917927171986,16.158229728964,0,2.67193625248934,3.61898897121201,11.3167254248163,21.5108266580904,7.7717548769805,0,0,1.34229745186251,0,0,17.4461748198897,5.92615194020182,4.4347963764572,0,21.6279193411938,0,2.64669195632671,56.3769605184866
HERV_dup2438,chr5,42813221,42819610,+,6390,46.8680265790717,21.6802588983046,44.0809091180557,23.4969766876669,100.193037330958,45.8874798156372,54.2618641051651,55.2206738303923,44.2115706781099,60.347271824553,97.8985654573226,83.8199435964824,119.623875043716,88.8820080206605,59.0965344134974,21.1905566703638,36.9022285716806,50.7619386569329,32.5014634214633,138.394617622541,51.2129588650775,20.4436703865701,8.38257964510692,58.1973372292751,70.0107813174239,25.6247722185859,27.9968082400285,40.7238361355802,15.2899293846689,25.9175063569349,45.6779173409498,22.802212280956,92.8290208863159,146.99070785367,287.492865365182,104.396955655686,23.5415248239139,13.4370589426566,66.0102747609639,55.7234256918361,18.1746390809461,62.5719216306864,35.6107673232999,63.0688445378989,41.4493719134294,55.4312039076261,27.3873465880157,63.3323069962103,39.608538986857,0,28.4964345489285,58.827427725754,133.402880025294,46.9804108151878,0,145.321912377617,69.784699279559,88.8922791030272,140.139565496047,239.68376747858,70.8314358424098,112.864368033707,89.987526515108,40.4212169755187
HERV_dup2441,chr5,43564821,43571335,+,6515,0,0,0,0,0,0,9.68961859020805,3.02579034687081,1.02817606228163,1.13862777027459,0,1.40873854784004,2.91765548887111,0,0.527647628691941,0,0,7.87685255021373,0,0,0,0,0,0.909333394207423,0,0,0,15.1072295341668,0,0,0,22.2839801836616,0,0,0,4.44242364492281,2.86315842453007,0,0,4.17925692688771,0,0,0.404667810492045,0,0,0,1.66996015780584,0,0,0,5.181169917987,5.00658959368119,0,0,0,27.7709413705916,0,0,0,0,0,0,0,0
HERV_dup2464,chr5,55082032,55091235,-,9204,0,0,0,0,0,2.37349033529158,0,0,0,2.27725554054917,0,0,0,7.40683400172171,2.6382381434597,26.9697993986448,102.937795489425,0,0,0,250.673956550116,0,0,0,0,1.97113632450661,0,35.4691476019569,0,12.2767135374955,0,0,3.31532217451128,0,0,2.22121182246141,1.90877228302005,2.08506087041223,0,6.26888539033157,8.26119958224823,0.504612271215213,1.21400343147613,2.52275378151596,3.51265863673131,0,0,6.03164828535336,0,0,0,0,0,0,0,0,0,0,0,0,0,0,17.0144482906717,0
HERV_dup2476,chr5,71209040,71229599,-,20560,13.1230474421401,0,13.9202870899123,10.4431007500742,40.9880607263008,7.12047100587474,75.5790250036228,25.7192179484019,12.3381127473795,22.7725554054917,181.112346096047,44.3752642569613,90.4473201550045,42.324765724124,10.0253049451469,26.9697993986448,6.79777894741485,33.2578218786802,2.03134146384146,0,8.08625666290697,14.2108440492011,88.8553442381334,0.909333394207423,26.1722546981024,31.5381811921057,11.1987232960114,15.7640656008697,23.3171423116201,12.2767135374955,19.9840888366655,11.401106140478,9.94596652353384,24.9884203351238,86.1019241449022,23.3227241358448,17.1789505471804,14.3637526628398,25.4611059792289,9.75159949607133,13.2179193315972,38.8551448835714,17.4007158511579,15.9774406162677,33.0189911852743,8.21203020853721,17.7015776727419,2.41265931414134,5.65836271240814,8.27339486849629,51.81169917987,16.2714161794639,92.1115123984171,14.7652719704876,20.3630817228192,16.3582257388417,14.2741430344552,12.7640195635116,54.9914750680692,22.3234881475148,40.5523487647384,0,12.4772620798259,106.371623619786
HERV_dup2479,chr5,7263553,7272092,+,8540,0,0,1.16002392415936,0,0,0,0,0,0,0,0,0,0,0,2.6382381434597,0,14.5666691730318,0,0,0,0,0,0,0,0,0,0,19.7050820010872,4.58697881540068,6.82039640971972,0,13.9922666269503,0,0,0,0,0,0,0,0,0,5.55073498336734,0.809335620984089,0,0,0,0,0,0,0,0,0,0,0,0,0,0,0,4.4347963764572,0,0.540697983529845,0,0.75619770180763,11.7008785981765
HERV_dup2480,chr5,72926262,72936085,+,9824,0,0,5.8001196207968,16.3173449219909,0,64.8754024979699,34.882626924749,5.29513310702392,6.16905637368975,25.0498109460409,88.1087089115904,11.2699083827203,17.5059329332267,0,11.6082478312227,1.92641424276034,0,7.00164671130109,0,218.237666250931,0,15.9560354236644,0,8.18400054786681,7.85167640943072,8.54159073952864,19.5977657680199,4.59785246692034,1.14674470385017,8.18447569166366,8.56460950142808,0,9.94596652353384,0,30.6464475769991,4.44242364492281,19.7239802578738,41.7012174082446,25.4611059792289,18.1101133498467,9.91343949869787,5.55073498336734,18.6147192826341,3.36367170868794,6.32278554611635,10.2650377606715,1.0019760946835,23.5234283128781,0,0,0,5.00658959368119,0,7.3826359852438,0,5.706357815875,17.4461748198897,0,11.5304705787887,35.2476128644971,0,0,21.9297333524213,54.2495280460909
HERV_dup2481,chr5,76044861,76055646,-,10786,1.87472106316287,28.9070118644061,0,0,0,0,0,0,0,0,88.1087089115904,3.5218463696001,0,7.40683400172171,0,0,0,0,0,0,0,0,18.4416752192352,0,0,0,0,0,0,0,0,0,169.081430900075,167.569406953183,18.971610404809,94.4015024546098,14.9520495503237,3.70677488073286,18.8600785031326,0.696542821147952,0,16.652204950102,0,22.7047840336436,48.474689186892,9.58070190996007,0,42.2215379974735,3.77224180827209,0,0,1.2516473984203,3.17625904822128,0,739.858635929098,0,0,0,0,0,0,0,0,0
HERV_dup2482,chr5,76357122,76363340,+,6219,0,0,0,0,0,4.74698067058316,7.75169487216644,7.56447586717702,0,0,0,8.45243128704025,0,0,0,0,4.85555639101061,4.8136321140195,0,0,0,0,0,10.4573340333854,0,0,0.933226941334283,19.7050820010872,0,0,0,0,36.4685439196241,8.81944247122018,0,19.9909064021527,47.4011783616645,68.8070087236036,59.8807492474459,44.5787405534689,47.9149575770397,24.7260012895454,53.8208187954419,12.6137689075798,9.83544418284766,25.3204264763231,14.027665325569,8.4443075994947,50.9252644116733,0,0,0,0,2.01344617779376,0,0,0,0,6.20871492704007,17.6238064322485,0,0,1.51239540361526,0
HERV_dup249,chr11,3352957,3357883,-,4927,13.1230474421401,0,10.4402153174342,41.1197092034171,3.03615264639265,10.2851247862635,7.75169487216644,15.128951734354,24.676225494759,35.2974608785121,0,16.9048625740805,11.6706219554845,0,42.7394579240472,26.9697993986448,1.94222255640424,7.87685255021373,22.344756102256,0,0,4.98626106989514,18.4416752192352,38.1920025567118,69.3564749499713,18.3972723620617,46.6613470667141,5.91152460032615,29.050865830871,45.0146163041501,32.8310030888077,39.9038714916731,0,29.3981415707339,4.3780639395713,33.3181773369211,19.7239802578738,36.3727285171911,14.6165608399277,39.7029408054333,29.7403184960936,28.2582871880519,22.6613973875545,20.1820302521277,6.32278554611635,39.6914793412632,15.0296414202525,34.3803952265141,11.3167254248163,0,0,5.00658959368119,38.1151085786553,21.4767592298002,0,35.379418458425,30.9273099079864,0.911715683107972,14.191348404663,95.1685547341421,49.2035165012159,17.100661823289,13.9896574834412,0
HERV_dup2491,chr5,82267274,82273716,-,6443,1366.67165504573,3327.91974088975,1711.03528813506,1948.94367748259,3272.97255281128,1514.28683391603,922.451689787807,992.459233773625,1477.4890014987,1344.71939669429,4376.06587594232,1982.09513681094,2847.63175713821,3032.56946413349,1730.68422210957,2928.14964899572,2449.14264362575,1353.94343279785,2352.29341512841,3018.06723815312,3865.23068486953,2721.75060500226,3673.24640048585,1574.96543876726,1419.84481737205,2444.8660878297,1061.07903229708,1593.48429782125,996.13889941118,1437.73956316892,1585.8801926811,563.836521856368,1972.61669383421,4070.17270046811,2467.76870727169,1377.15132992607,1457.34763808581,2296.8103854741,3054.38971358232,1081.03445842162,1607.6294387055,1121.75307891142,1200.6493937299,1882.81523893808,2076.68378603555,1831.96707235451,461.242995585972,1385.46961114567,2099.25256630342,3067.77481723842,2556.90735452658,2290.51473910915,3516.11876638096,1326.86103116609,11613.7442759146,1853.4250185962,988.087901162847,1758.24369487372,827.533003846913,1955.06759355077,3406.39729623803,2394.09265526046,1630.74034394815,2991.17005618838
HERV_dup250,chr11,3447426,3456906,-,9481,3.74944212632574,0,4.64009569663744,9.13771315631491,0,13.4497785666523,0,10.5902662140478,34.9579861175753,6.83176662164751,0,0,0,0,5.27647628691941,0,1.94222255640424,32.8202189592239,0,0,0,6.73145244435843,26.8242548643422,32.7360021914672,32.0610120051754,32.1952266336079,29.863262122697,46.6353607359063,7.64496469233446,0,48.5327871747591,15.5469629188337,9.94596652353384,0,0,0,0.318128713836675,2.31673430045803,0,1.3930856422959,15.6962792062716,0.504612271215213,2.83267467344431,0,14.0506345469252,0,6.67984063122335,0,0,0,0,6.25823699210149,0,0,0,11.0322917773583,0,6.83786762330979,0,7.04952257289941,0,13.6805294586312,3.02479080723052,0
HERV_dup2500,chr5,95706046,95713994,-,7949,0,0,16.240334938231,24.1496704845465,0,17.4055957921383,0,15.128951734354,29.8171058061671,10.2476499324713,39.1594261829291,19.7223396697606,0,0,17.940019375526,0,0.971111278202122,28.881792684117,0,111.780268079745,5.39083777527132,46.12291489653,53.6485097286843,41.3746694364377,54.961734866015,51.2495444371718,29.863262122697,30.8712951350366,13.3786882115853,32.7379027666546,11.4194793352374,13.9922666269503,19.8919330470677,0,0,15.5484827572298,20.0421089717105,25.7157507350842,9.90154121414459,22.2893702767345,16.5223991644965,23.2121644758998,34.8014317023158,18.5001943977837,34.4240546399668,31.479449132726,5.34387250497868,42.8247028260088,24.5195717537686,0,7.7717548769805,5.00658959368119,41.2913676268766,32.2151388447002,0,36.5206900216,11.8951191953794,13.6757352466196,15.0783076799545,39.9472945797633,13.5174495882461,5.13019854698669,10.208668974403,0
HERV_dup251,chr11,3473099,3480750,-,7652,3.74944212632574,32.5203883474568,2.32004784831872,28.718527062704,39.4699844031045,38.7670088097625,13.5654660262913,24.2063227749665,10.2817606228163,25.0498109460409,19.5797130914645,0,0,17.9880254327527,14.7741336033743,26.9697993986448,29.1333383460636,20.567337214447,2.03134146384146,0,0,10.7204613002745,21.794707077278,17.277334489941,75.2452322570444,22.3395450110749,38.2623045947056,40.0670000688773,6.88046822310101,5.45631712777578,85.6460950142808,16.0651950161281,0,0,52.5367672748556,9.99545320107633,2.86315842453007,8.10857005160312,0,3.48271410573976,7.4350796240234,0,2.83267467344431,0,0,0,7.34782469434568,10.856966913636,3.77224180827209,0,0,0,0,0,0,26.249245953025,0,10.0288725141877,0,19.9736472898817,0,0,1.51239540361526,0
HERV_dup2518,chr6,109855689,109861844,-,6156,0,0,0,0,0,0,11.6275423082497,4.53868552030621,3.08452818684488,0,0,11.9742776566403,0,0,4.74882865822747,0,4.85555639101061,5.25123503347582,0,143.717487531101,0,0,0,0,3.2715318372628,0,2.79968082400285,2.62734426681162,2.29348940770034,0,0,0,6.63064434902256,13.2291637068303,0,1.1106059112307,22.2690099685672,7.41354976146571,16.0310667276627,8.35851385377542,19.8268789973957,15.1383681364564,6.47468496787271,2.52275378151596,0,0,8.68379282059035,8.4443075994947,0,0,0,11.2648265857827,0,6.04033853338129,0,0.760847708783333,5.55105562451037,0,1.77391855058288,0,0,18.8107280056179,10.5867678253068,0
HERV_dup2524,chr6,111132297,111141257,+,8961,9.37360531581435,0,5.8001196207968,2.61077518751854,0,4.74698067058316,0,1.5128951734354,0,3.41588331082376,0,0,29.1765548887111,32.8016934361961,3.16588577215165,15.4113139420828,0,0,0,0,0,2.49313053494757,18.4416752192352,0,43.8385266193215,5.25636353201762,0.933226941334283,0.656836066702906,8.79170939618463,6.82039640971972,0,0,79.5677321882707,41.1573981990275,0,16.6590886684605,9.22573270126356,2.78008116054964,28.2901177546988,1.3930856422959,2.47835987467447,11.6060822379499,10.1166952623011,27.7502915966755,48.474689186892,25.3204264763231,0,12.0632965707067,11.3167254248163,0,0,10.0131791873624,0,0,0,4.94551010709166,0,0,8.86959275291439,0,0,8.55033091164448,4.53718621084578,4.25486494479144
HERV_dup2525,chr6,111284171,111290629,-,6459,0,0,0,1.95808139063891,0,0,0,0.756447586717702,0,2.27725554054917,0,8.45243128704025,0,0,0.527647628691941,0,0,7.43924963075741,0,0,0,0,0,0,0,0,0,0,0,0,0,0,0,0,0,1.1106059112307,0,0,0.471501962578314,20.8962846344386,3.30447983289929,9.58763315308905,4.45134591541249,0,0,8.21203020853721,0,6.63481311388869,0,0,0,0,0,2.68459490372502,0,14.836530321275,0,2.27928920776993,11.5304705787887,0,68.6686439082904,3.42013236465779,63.8987058027448,19.1468922515615
HERV_dup2529,chr6,114422438,114428336,-,5899,0,0,0,3.26346898439818,0,0,0,0,0,0,171.322489550315,0,0,0,2.6382381434597,11.5584854565621,478.757860153646,10.940072986408,0,159.686097256779,5.39083777527132,0,0,0,34.6782374749857,0.657045441502203,27.0635812986942,2257.54556125789,6.49821998848429,0,1.42743491690468,0.518232097294456,59.6757991412031,5.87962831414679,0,3.33181773369211,0,0,7.54403140125302,0,3.30447983289929,4.54151044093692,4.85601372590454,0,0,0,0,0,0,0,0,0,0,0,0,0,0,0.455857841553986,0,0,0,0,0,0
HERV_dup2530,chr6,114997809,115009783,+,11975,9.37360531581435,28.9070118644061,97.4420096293862,98.5567633288251,0,153.485708348855,106.585804492289,139.942803542775,54.4933313009262,40.9905997298851,0,66.2107117484819,201.318228732107,57.1384337275674,35.880038751052,0,27.1911157896594,97.1478481193027,87.3476829451827,0,21.5633511010853,38.3942102381925,72.0901849479195,49.5586699843046,71.319394052329,38.76568104863,97.9888288400997,68.3109509371022,101.678030408048,30.0097442027668,79.9363553466621,76.180118302285,19.8919330470677,8.81944247122018,16.0529011117614,152.153009838606,129.16025781769,178.388541135269,132.492051484506,34.1305982362496,91.6993153629553,299.739689101836,235.921333516862,179.115518487633,52.6898795509696,57.4842114597604,103.203537752401,53.6816697396449,7.54448361654419,582.446998742139,2.5905849589935,100.131791873624,28.5863314339915,112.08183723052,468.350879624842,100.812321413792,111.021112490207,134.022205416872,317.531420554335,163.313939605503,282.244347402579,78.6630443871293,47.6404552138807,156.366286721086
HERV_dup2533,chr6,117656952,117665351,-,8400,24.3713738211173,3.61337648305076,26.6805502556653,4.56885657815745,0,34.0200281391793,40.6963980788738,26.4756655351196,10.2817606228163,14.8021610135696,0,21.1310782176006,0,0,14.7741336033743,28.8962136414052,1.94222255640424,14.4408963420585,67.0342683067681,0,0,27.9230619914128,8.38257964510692,16.8226677928373,0,0,43.8616662427113,18.3914098676814,5.73372351925085,30.0097442027668,0,48.7138171456788,33.1532217451128,10.2893495497569,30.6464475769991,29.986359603229,23.8596535377506,17.8388541135269,21.6890902786024,22.9859130978824,21.4791189138454,20.1844908486085,20.2333905246022,29.4321274510195,1.40506345469252,0.684335850711434,22.043474083037,4.82531862828269,13.2028463289523,0,0,11.2648265857827,15.8812952411064,6.71148725931255,0,22.0645835547167,50.752508566952,1.36757352466196,23.0609411575774,0,15.6802415223655,30.7811912819201,9.07437242169156,0
HERV_dup2536,chr6,118574056,118578291,+,4236,0,0,0,7.83232556255563,0,30.0642109136933,0,9.07737104061243,1.02817606228163,0,0,4.22621564352012,0,25.3948594344744,1.05529525738388,0,0,2.18801459728159,0,0,0,0,0,7.7293338507631,0,0,1.86645388266857,9.19570493384068,5.73372351925085,28.6456649208228,15.7017840859515,0,0,0,43.780639395713,0,6.04444556289682,4.17012174082446,0,38.3098551631373,15.6962792062716,8.57840861065862,6.07001715738067,9.25009719889185,0,0,23.3794422092817,5.42848345681802,0,1.65467897369926,0,0,0,0,0,7.60847708783333,29.3412940152691,0,12.4174298540801,0,0,0,0,0
HERV_dup2548,chr6,122838869,122845748,+,6880,5.62416318948861,0,0,0,0,10.2851247862635,25.1930083345409,0.756447586717702,9.25358456053463,1.13862777027459,0,0.70436927392002,2.91765548887111,0,11.0806002025308,0,0,6.56404379184477,0,0,5.39083777527132,0,0,0,18.9748846561242,0.657045441502203,10.2654963546771,27.587114801522,0.382248234616723,0,2.85486983380936,6.21878516753347,6.63064434902256,0,27.7277382839516,2.22121182246141,7.95321784591687,2.78008116054964,8.01553336383133,0,2.47835987467447,14.129143594026,3.6420102944284,0,0,6.1590226564029,1.0019760946835,0,0,0,0,1.2516473984203,0,7.3826359852438,101.815408614096,11.41271563175,0,0,14.191348404663,0,28.6569931270818,0,4.53718621084578,0
HERV_dup2550,chr6,123556844,123562688,+,5845,5.62416318948861,65.0407766949137,66.1213636770835,45.6885657815745,109.301495270136,10.2851247862635,31.0067794886658,136.160565609186,5.14088031140813,6.83176662164751,63.6340675472597,254.981677159047,0,105.81191431031,6.85941917299523,28.8962136414052,4.85555639101061,243.744826137169,4.06268292768292,0,371.967806493721,2.24381748145281,85.5023123800906,5.91066706234825,176.662719212191,137.32249727396,36.395850712037,40.7238361355802,45.48753991939,54.5631712777578,172.719624945466,36.2762468106119,324.901573102106,1092.14095935277,0,26.6545418695369,532.547466962593,47.9564000194813,774.67772451617,89.8540239280858,202.399389765082,71.6549425125602,85.7895758243135,148.842473109442,1669.21538417472,446.186974663855,169.667952033073,575.41924642271,158.434155947428,157.194502501429,240.924401186395,22.5296531715654,44.4676266750979,96.6454165341007,0,0,27.7552781225519,52.4236517787084,104.66119448439,0,111.383784607148,78.6630443871293,27.9793149668823,0
HERV_dup2555,chr6,126597159,126613716,+,16558,7.49888425265148,14.453505932203,22.0404545590278,4.56885657815745,0,4.74698067058316,0,2.26934276015311,0,15.9407887838442,0,9.86116983488029,84.6120091772623,4.2324765724124,16.3570764894502,1.92641424276034,0,3.50082335565055,8.12536585536583,63.8744389027114,2.69541888763566,0.498626106989514,0,0.454666697103712,1.30861273490512,2.62818176600881,15.8648580026828,5.25468853362325,0,10.9126342555516,31.403568171903,15.0287308215392,33.1532217451128,0,0,2.22121182246141,8.27134655975354,3.47510145068705,0,0,0,0,2.83267467344431,7.56826134454787,0.702531727346261,4.79035095498004,4.34189641029518,0.603164828535336,0,0,2.5905849589935,0,0,0,0,0,0,12.3081617219576,0,39.9472945797633,37.8488588470892,0,0,0
HERV_dup2557,chr6,126848846,126858060,+,9215,0,3.61337648305076,0,5.22155037503709,0,2.37349033529158,0,2.26934276015311,2.05635212456325,2.27725554054917,0,0,0,0,1.58294288607582,0,0,0,0,0,0,0,0,5.91066706234825,0,0,18.6645388266857,3.94101640021744,0,0,5.70973966761872,0,53.0451547921805,0,0,3.33181773369211,0.318128713836675,0,3.77201570062651,0,5.78283970757376,2.52306135607606,7.68868839934885,7.56826134454787,0,0,0.667984063122335,1.80949448560601,0,0,0,0,44.4676266750979,0,0,13.6952587581,0,0.911715683107972,0,0,0,0,0,0
HERV_dup2561,chr6,131323296,131329145,+,5850,35.6197002000945,39.7471413135584,4.64009569663744,33.9400774377411,0,15.0321054568467,15.5033897443329,11.3467138007655,13.3662888096611,7.9703943919221,0,0,180.894640310009,10.581191431031,31.6588577215165,0,10.6822240602233,15.3161021809711,0,2.66143495427964,0,7.97801771183222,1.67651592902138,3.63733357682969,34.6782374749857,0,7.46581553067426,55.1742296030441,11.085198803885,9.54855497360761,4.28230475071404,0,33.1532217451128,0,0,9.99545320107633,7.31696041824352,2.54840773050384,3.77201570062651,27.8617128459181,11.5656794151475,1.00922454243043,10.9260308832852,5.04550756303192,11.9430393648864,19.8457396706316,1.33596812624467,8.4443075994947,45.2669016992651,0,18.1340947129545,3.75494219526089,9.52877714466384,7.3826359852438,0,0.760847708783333,21.4112145516829,15.4991666128355,14.191348404663,11.7492042881657,0,0,0,0
HERV_dup2562,chr6,131338777,131348185,+,9409,22.4966527579544,3.61337648305076,11.6002392415936,7.179631765676,0,21.3614130176242,19.3792371804161,13.6160565609186,22.6198733701958,20.4952998649425,0,0,0,0,19.5229622616018,15.4113139420828,0,7.00164671130109,12.1880487830488,0,35.0404455392636,13.4629048887169,6.70606371608554,18.1866678841485,9.16028914433583,0,55.0603895387227,34.1554754685511,32.4910999424215,9.54855497360761,12.8469142521421,19.1745875998949,9.94596652353384,89.6643317907385,4.3780639395713,0,4.45380199371345,8.34024348164893,2.82901177546988,21.5928274555865,9.08731954047305,44.9104921381539,27.9220789239511,19.3411123249557,14.0506345469252,21.2144113720544,11.3557290730797,1.80949448560601,7.54448361654419,0,10.362339835974,3.75494219526089,0,2.01344617779376,0,1.52169541756667,0,0,0,0,16.2209395058954,0,4.53718621084578,0
HERV_dup2566,chr6,134596703,134605136,-,8434,26.2460948842802,79.4942826271167,53.3611005113305,3.26346898439818,214.048761570682,7.91163445097193,122.089194236621,21.9369800148134,4.1127042491265,10.2476499324713,0,20.4267089436806,0,84.6495314482481,9.49765731645494,0,0.971111278202122,10.5024700669516,4.06268292768292,340.663674147794,43.1267022021705,42.6325321476034,216.270554843759,0,48.4186711914894,39.4227264901322,16.7980849440171,4.59785246692034,0.382248234616723,2.72815856388789,25.6938285042843,17.101659210717,3.31532217451128,0,20.4309650513327,3.33181773369211,49.6280793585212,68.8070087236036,76.3833179376868,20.8962846344386,9.91343949869787,90.3255965475231,59.8908359528226,0.840917927171986,9.1329124555014,83.4889737867949,66.7984063122335,19.3012745131307,20.7473299454965,23.1655056317896,0,35.0461271557683,38.1151085786553,19.4633130520064,0,8.36932479661666,88.816889992166,36.9244851658729,18.6261447811202,0,0,20.5207941879468,23.0640299051327,67.0141228804652
HERV_dup2588,chr6,150849238,150856692,+,7455,24.3713738211173,46.9738942796599,18.5603827865498,0.652693796879636,0,11.0762882313607,29.0688557706242,13.6160565609186,5.14088031140813,19.356672094668,0,1.40873854784004,0,8.46495314482481,46.9606389535827,44.3075275834879,12.6244466166276,31.5074102008549,44.6895122045121,0,0,23.9340531354967,57.0015415867271,0,85.7141341362853,11.1697725055374,15.8648580026828,7.22519673373196,16.8189223231358,30.0097442027668,7.1371745845234,0,26.5225773960902,36.7476769634174,33.5651568700466,34.4287832481518,48.0374357893379,13.6687323727024,15.088062802506,27.8617128459181,2.47835987467447,24.7260012895454,24.6847364400147,37.0003887955674,42.8544353681219,5.47468680569147,6.01185656810101,15.6822855419187,30.1779344661767,0,80.3081337287985,10.0131791873624,69.8776990608681,34.8997337484252,0,49.8355249253083,69.784699279559,4.10272057398587,50.556678691612,83.4193504459764,122.197744277745,75.2429120224715,4.9152850617496,71.2689878252567
HERV_dup2589,chr6,150856845,150862887,+,6043,50.6174687053975,65.0407766949137,40.6008373455776,61.3532169066858,71.3495871902274,68.8312197234558,50.3860166690819,49.1690931366507,8.225408498253,40.9905997298851,73.423924092992,57.7582804614417,23.3412439109689,23.2786211482682,116.082478312227,42.3811133407276,20.3933368422446,66.9532466768167,28.4387804937804,0,10.7816755505426,7.72870465833746,68.7371530898768,35.4640023740895,141.984481737205,0,64.3926589520655,18.3914098676814,33.6378446462716,32.7379027666546,45.6779173409498,41.9767998808509,311.64028440406,0,183.878685461995,62.1939310289194,129.796515245363,101.704635790108,124.005016158097,158.811763221733,57.8283970757376,52.4796762063821,67.9841921626635,46.2504859944592,203.03166920307,123.86478897877,19.7055298621089,54.8879993967156,60.3558689323535,0,168.388022334577,72.5955491083773,130.226620977072,48.3227082670503,33.938469538032,158.256323426933,84.0588423140142,125.360906427346,135.70476911959,88.1190321612426,113.005878557738,70.1127134754848,20.417337948806,74.4601365338502
HERV_dup2598,chr6,158611703,158621178,-,9476,7.49888425265148,39.7471413135584,6.96014354495616,24.1496704845465,0,7.91163445097193,0,12.1031613874832,6.16905637368975,21.6339276352171,0,16.2004933001605,70.0237317329067,29.6273360068868,12.6635430886066,26.9697993986448,20.3933368422446,5.25123503347582,0,0,0,13.9615309957064,10.0590955741283,10.9120007304891,16.357659186314,0,4.66613470667141,21.6755902011959,21.0236529039198,28.6456649208228,11.4194793352374,1.03646419458891,3.31532217451128,14.699070785367,24.809028990904,26.6545418695369,9.86199012893691,10.1936309220154,27.8186157921205,34.8271410573976,17.3485191227213,26.2398381031911,29.9454179764113,11.7728509804078,6.32278554611635,52.009524654069,16.031617514936,19.9044393416661,0,0,18.1340947129545,3.75494219526089,0,8.72493343710631,0,28.9122129337666,0,14.1315930881736,39.0262081128233,8.22444300171598,0,11.9704632763023,9.83057012349919,78.7150014786417
HERV_dup2599,chr6,158880395,158889163,-,8769,31.8702580737688,0,103.242129250183,27.4131394689447,98.6749610077612,268.995571333046,31.0067794886658,71.8625207381817,30.8452818684488,107.031010405811,0,53.5320648179216,0,15.8717871465465,127.69072614345,28.8962136414052,15.5377804512339,75.2677021464868,71.0969512344511,518.97981608453,21.5633511010853,19.446418172591,21.794707077278,151.404010135536,139.367256267395,90.0152254858018,101.721736605437,94.5843936052185,51.2212634386409,31.3738234847107,85.6460950142808,111.938133015602,0,0,8.7561278791426,48.8666600941509,281.22578303162,150.356056099726,129.191537746458,542.606857674254,201.573269806857,152.392905906994,180.481843479452,112.683002241046,20.3734200930416,42.4288227441089,113.557290730797,44.0310324830795,243.30959663355,0,2.5905849589935,3.75494219526089,19.0575542893277,4.69804108151878,0,75.3239231695499,18.2391827662484,0,39.0262081128233,14.0990451457988,69.2093418918202,0,0.378098850903815,0
HERV_dup26,chr10,15011465,15018996,-,7532,58.116352958049,140.92168283898,32.4806698764621,36.5508526252596,56.1688239582641,11.0762882313607,67.8273301314564,62.0287021108516,28.7889297438855,29.6043220271392,73.423924092992,30.2878787785609,99.2002866216178,55.0221954413612,69.6494869873362,34.6754563696862,3.88444511280849,38.0714539926997,166.570000035,71.8587437655504,91.6442421796124,10.9697743537693,20.1181911482566,18.6413345812522,105.997631527315,76.8743166557577,89.5897863680911,56.4879017364499,91.7395763080135,234.621636494358,97.0655743495183,7.25524936212238,62.9911213157143,0,5.83741858609507,62.1939310289194,65.8526437641917,28.9591787557254,88.1708670021447,74.5300818628308,55.3500372010631,73.1687793262059,71.2215346465998,88.2963823530585,103.2721639199,22.5830830734773,23.3794422092817,84.443075994947,115.053375152299,0,28.4964345489285,5.00658959368119,60.3489219162043,12.7518257926938,0,11.7931394861417,30.9273099079864,57.8939458773562,100.226398107933,12.9241247169823,43.7965366659175,30.7811912819201,12.8553609307297,0
HERV_dup2602,chr6,16223536,16231761,-,8226,0,0,0,0,0,0,0,0,0,0,34.2644979100629,9.15680056096027,0,3.1743574293093,0,0,0,0,0,0,0,0,0,0,0,0,0,1.31367213340581,0,0,0,0,0,0,0,0,2.86315842453007,0,0,1.3930856422959,0,0,0,0,0.702531727346261,0,6.01185656810101,0,0,0,0,0,0,3.35574362965627,0,3.423814689525,21.4112145516829,24.1604656023612,7.98263347762295,0,4.86628185176861,13.6805294586312,1.13429655271145,0
HERV_dup2603,chr6,16259465,16265757,-,6293,0,173.442071186436,5.8001196207968,85.5028873912323,0,15.8232689019439,7.75169487216644,46.8997503764975,5.14088031140813,9.10902216219668,24.4746413643307,228.920014024007,61.2707652662934,353.411793796436,4.74882865822747,34.6754563696862,62.1511218049358,8.31445546967005,0,101.134528262626,0,3.24106969543184,3.35303185804277,17.7320011870447,25.5179483306498,30.2240903091013,0,32.1849672684424,17.965667026986,24.553427074991,4.28230475071404,4.14585677835565,6.63064434902256,1.4699070785367,74.4270869727121,5.55302955615352,23.2233961100772,6.4868560412825,38.6631609314217,29.254798488214,19.8268789973957,12.6153067803803,6.07001715738067,6.72734341737589,27.3987373665042,9.58070190996007,357.70546580201,49.4595159398975,0,34.7482584476844,365.272479218083,729.710433279034,1912.10794702921,459.065728536978,217.206205043405,65.8133268097583,1451.99754978264,365.597988926297,1158.36881353062,133.940928885089,758.599270892373,1072.21149632022,472.245464778865,1717.90172145954
HERV_dup2604,chr6,164336950,164344806,-,7857,0,28.9070118644061,27.8405741798246,5.22155037503709,0,6.32930756077755,0,4.53868552030621,2.05635212456325,0,0,30.2878787785609,0,22.2205020051651,4.74882865822747,17.3377281848431,1.94222255640424,26.2561751673791,18.2820731745731,0,0,0,0,1.36400009131113,6.5430636745256,0,3.73290776533713,7.22519673373196,4.9692270500174,4.09223784583183,15.7017840859515,6.21878516753347,6.63064434902256,66.1458185341514,52.5367672748556,22.2121182246141,63.9438714811716,5.56016232109928,63.1812629854941,18.8066561709947,5.78283970757376,6.55995952579777,8.90269183082498,23.5457019608156,66.7405140978948,35.5854642369946,3.00592828405051,45.2373621401502,24.5195717537686,0,5.181169917987,31.2911849605075,41.2913676268766,19.4633130520064,0,12.1735633405333,19.032190712607,11.3964460388496,0,7.04952257289941,48.1221205341562,23.9409265526046,2.64669195632671,0
HERV_dup2607,chr6,164807530,164814293,-,6764,35.6197002000945,3.61337648305076,13.9202870899123,30.6766084533429,28.8434501407302,68.8312197234558,32.9447032067074,48.4126455499329,16.450816996506,6.83176662164751,0,0,125.459186021458,1.0581191431031,14.2464859746824,11.5584854565621,14.5666691730318,28.0065868452044,0,0,0,4.23832190941087,30.1772867223849,30.9173354030524,10.468901879241,9.19863618103084,1.86645388266857,33.4986394018482,47.3987810924737,35.4660613305425,22.8389586704749,1.03646419458891,0,7.34953539268349,0,2.22121182246141,17.8152079748538,20.3872618440307,24.5181020540723,39.0063979842853,21.4791189138454,13.1199190515955,18.6147192826341,5.04550756303192,30.9113960032355,14.3710528649401,9.68576891527385,4.82531862828269,56.5836271240814,0,2.5905849589935,11.2648265857827,0,22.8190566816627,0,33.096875332075,11.1021112490207,24.1604656023612,0,0,3.78488588470892,6.84026472931559,10.5867678253068,9.57344612578074
HERV_dup2620,chr6,21351965,21368721,-,16757,0,10.8401294491523,0,71.79631765676,0,18.9879226823326,0,9.83381862733013,0,0,0,0,0,0,1.05529525738388,0,0,0,0,0,0,0,0,6.82000045655567,0,0,0,8.53886886713778,0,0,0,0,0,0,0,0,6.04444556289682,3.01175459059545,0,15.3239420652549,16.5223991644965,1.00922454243043,13.3540377462375,2.52275378151596,0,0,6.67984063122335,0,0,0,7.7717548769805,0,0,0.671148725931255,0,0,0,0,0,3.52476128644971,0,0,0,0
HERV_dup2623,chr6,24667859,24683904,-,16046,26.2460948842802,0,17.4003588623904,11.0957945469538,63.7592055742457,39.5581722548597,34.882626924749,18.9111896679426,8.225408498253,59.2086440542784,0,17.6092318480005,20.4235884220978,28.5692168637837,45.3776960675069,13.4848996993224,97.1111278202122,28.881792684117,0,0,16.1725133258139,24.1833661889914,18.4416752192352,17.277334489941,96.8373423829788,10.5127270640352,40.1287584773741,7.22519673373196,13.760936446202,31.3738234847107,28.5486983380936,25.9116048647228,3.31532217451128,33.807862806344,102.154825256664,53.3090837390737,42.3111189402777,32.8976270665041,53.7512237339278,36.2202266996935,34.6970382454425,44.4058798669387,35.6107673232999,31.9548812325355,33.0189911852743,28.0577698791688,18.035569704303,31.9677359123728,47.1530226034012,0,51.81169917987,22.5296531715654,0,12.7518257926938,0,12.1735633405333,2.37902383907587,13.6757352466196,15.9652669552459,17.6238064322485,63.8023620565218,0,5.67148276355723,75.5238527700481
HERV_dup2631,chr6,29875650,29881048,-,5399,224.966527579544,10.8401294491523,0,0,0,422.481279681901,118.213346800538,58.2464641772631,0,75.1494328381226,0,138.056377688324,113.788564065973,28.5692168637837,292.316786295335,1.92641424276034,0,0,10.1567073192073,0,0,0,0,404.653360422303,302.943848130535,7.22749985652423,82.1239708374169,0,102.060278642665,80.4806776346927,0,0,255.279807437369,0,7.29677323261883,403.149945776745,0,0,0,576.737455910504,0,114.546985565853,89.8362539292339,122.77401736711,48.474689186892,0,0,145.965888505551,56.5836271240814,3.30935794739852,88.079888605779,133.926271630972,50.8201447715405,0,0,274.666022870783,84.8518502603729,0,174.730977232413,85.7691913036095,0,0,57.8491241882837,45.739798156508
HERV_dup2632,chr6,3052609,3055527,+,2919,0,14.453505932203,5.8001196207968,12.4011821407131,12.1446105855706,26.1083936882074,15.5033897443329,5.29513310702392,6.16905637368975,4.55451108109834,0,3.5218463696001,2.91765548887111,6.3487148586186,6.85941917299523,5.77924272828103,0,0.875205838912637,0,0,5.39083777527132,4.23832190941087,0,0,0,5.91340897351982,10.2654963546771,1.97050820010872,0,9.54855497360761,0,0,0,0,0,3.33181773369211,10.1801188427736,12.2786917924276,0,2.08962846344386,0,0,0.404667810492045,5.8864254902039,7.02531727346261,0,0,0.603164828535336,0,0,10.362339835974,0,0,4.69804108151878,61.0892451684576,8.36932479661666,0,11.3964460388496,4.4347963764572,3.52476128644971,3.24418790117907,20.5207941879468,11.3429655271145,0
HERV_dup2635,chr6,3167220,3174989,+,7770,0,0,1.16002392415936,0,0,23.7349033529158,13.5654660262913,15.128951734354,5.14088031140813,1.13862777027459,0,3.5218463696001,0,2.1162382862062,7.91471443037911,0,0,1.75041167782527,0,0,0,7.97801771183222,73.7667008769409,9.09333394207423,6.5430636745256,10.5127270640352,3.73290776533713,0,3.05798587693378,1.36407928194394,0,0,49.7298326176692,0,0,4.44242364492281,5.09005942138679,5.79183575114509,18.3885765405542,36.9167695208414,29.7403184960936,2.52306135607606,10.1166952623011,11.7728509804078,0,0,0,0,0,0,0,6.25823699210149,0,3.35574362965627,0,18.2603450108,0,0.455857841553986,13.3043891293716,31.7228515780474,0.540697983529845,0,4.15908735994197,0
HERV_dup2643,chr6,35554118,35567686,-,13569,33.7449791369317,39.7471413135584,18.5603827865498,20.2335077032687,1.51807632319633,53.007950821512,13.5654660262913,15.8853993210717,13.3662888096611,86.5357105408685,24.4746413643307,95.0898519792028,84.6120091772623,144.962322605125,28.4929719493648,23.1169709131241,92.2555714292016,27.1313810062917,0,343.325109102074,16.1725133258139,12.7149657282326,72.0901849479195,13.1853342160076,134.787111695227,62.4193169427093,7.46581553067426,16.4209016675726,8.79170939618463,32.7379027666546,19.9840888366655,3.62762468106119,43.0991882686467,80.8448893195183,23.3496743443803,29.986359603229,14.3157921226504,25.2524038749926,33.005137380482,56.4199685129841,15.6962792062716,38.8551448835714,19.0193870931261,58.864254902039,77.981021735435,13.0023811635172,12.023713136202,65.1418014818163,162.2063977557,0,12.9529247949675,88.8669652878412,15.8812952411064,24.1613541335252,563.378594331332,32.7164514776833,10.3091033026621,25.9838969685772,40.8001266634062,8.22444300171598,150.314039421297,32.491257464249,36.6755885376701,216.998112184364
HERV_dup2646,chr6,40861389,40868726,-,7338,16.8724895684658,3.61337648305076,16.240334938231,2.61077518751854,7.59038161598163,11.0762882313607,3.87584743608322,14.3725041476363,23.6480494324774,20.4952998649425,0,52.8276955440015,0,0,33.2418006075923,11.5584854565621,0,17.9417196977091,4.06268292768292,0,8.08625666290697,0.249313053494757,26.8242548643422,10.4573340333854,19.6291910235768,65.0474987087181,30.7964890640313,30.8712951350366,13.3786882115853,17.7330306652713,15.7017840859515,44.0497282700287,26.5225773960902,66.1458185341514,0,4.44242364492281,46.1286635063178,0,33.9481413056386,5.57234256918361,19.8268789973957,4.0368981697217,9.71202745180907,22.7047840336436,122.240520558249,19.1614038199201,28.7233147142604,59.7133180249982,113.167254248163,0,0,0,0,0,0,2.28254312635,0,0,5.32175565174863,0,8.11046975294768,0,6.04958161446104,58.5043929908823
HERV_dup2647,chr6,42893647,42903472,-,9826,11.2483263789772,0,8.12016746911552,11.7484883438335,0,3.16465378038877,3.87584743608322,0,0,0,0,1.40873854784004,43.7648323330667,0,1.58294288607582,0,0,10.0648671474953,0,0,0,0,16.7651592902138,3.63733357682969,1.30861273490512,0,0,0,0,0,0,0,0,0,0,0,3.18128713836675,4.63346860091607,1.88600785031326,37.6133123419894,9.91343949869787,11.1014699667347,1.61867124196818,5.8864254902039,4.21519036407757,21.2144113720544,11.6897211046409,2.41265931414134,5.65836271240814,0,0,0,0,0.671148725931255,0,16.3582257388417,0,0,0,7.04952257289941,0,11.9704632763023,3.02479080723052,0
HERV_dup265,chr1,1412252,1418852,-,6601,1301.05641783503,2214.99978411012,1083.46234516484,446.442557065671,1625.85974214327,301.433272582031,998.03071479143,537.077786569569,516.144383265376,1828.63619906098,1189.46757030647,990.343199131549,1374.21573525829,1688.75815239255,1047.3805429535,837.99019560075,755.524574441251,587.263117910379,1344.74804906305,854.320620323765,1371.96821380655,1398.89554315908,1850.87358563961,610.617374210285,1073.71674898965,1670.2095122986,527.27322185387,620.053246967543,483.544016790155,937.122466695489,713.71745845234,1062.89403155093,875.245054070978,896.643317907385,1723.49783754457,948.45744819102,530.95682339341,578.488554824371,1332.46454624631,426.980749363694,456.844336898327,378.963815682625,693.600627183365,634.893035014849,699.01906870953,1204.43109725212,704.723186594063,1524.80068653733,1329.71523741591,3855.40200871927,652.827409666362,1297.95835216185,1337.20505930116,438.931266759041,2653.9883178741,681.339123215475,969.05571045024,802.309801135015,583.619203141767,1461.60101344781,999.750571546684,920.015606092947,1117.28210442077,895.649070878599
HERV_dup2651,chr6,44872700,44888971,+,16272,5.62416318948861,0,8.12016746911552,0,0,3.16465378038877,27.1309320525826,3.78223793358851,0,1.13862777027459,0,6.33932346528018,96.2826311327467,14.8136680034434,1.05529525738388,0,2.91333383460636,0,4.06268292768292,0,10.7816755505426,0,11.7356115031497,0.909333394207423,0.65430636745256,0,0,0,0,5.45631712777578,1.42743491690468,1.03646419458891,6.63064434902256,1.4699070785367,8.7561278791426,0,2.5450297106934,0.231673430045803,7.07252943867471,2.08962846344386,1.65223991644965,6.55995952579777,0,1.68183585434397,2.81012690938505,18.4770679692087,0,6.03164828535336,7.54448361654419,0,0,10.0131791873624,0,0,0,0.380423854391666,0,0.455857841553986,17.7391855058288,0,0,1.7100661823289,12.4772620798259,0
HERV_dup2653,chr6,47308689,47315993,-,7305,24.3713738211173,0,5.8001196207968,12.4011821407131,19.7349922015522,3.16465378038877,0,17.3982944945072,18.5071691210693,4.55451108109834,0,0,49.6001433108089,15.8717871465465,0,1.92641424276034,14.5666691730318,0.875205838912637,0,0,0,9.72320908629552,33.5303185804277,0.909333394207423,4.58014457216792,0,4.66613470667141,15.1072295341668,11.4674470385017,9.54855497360761,4.28230475071404,6.73701726482792,0,0,8.7561278791426,9.99545320107633,4.13567327987677,2.08506087041223,6.60102747609639,10.4481423172193,3.30447983289929,1.00922454243043,4.04667810492045,5.8864254902039,1.40506345469252,4.79035095498004,2.67193625248934,4.22215379974735,0,0,0,3.75494219526089,0,50.3361544448441,0,22.8254312635,7.93007946358625,19.6018871868214,14.191348404663,39.9472945797633,5.40697983529845,18.8107280056179,16.6363494397679,0
HERV_dup2655,chr6,47634877,47647929,+,13053,1.87472106316287,10.8401294491523,0,0,59.2049766046567,3.16465378038877,17.4413134623745,2.26934276015311,0,0,0,0,2.91765548887111,0,0,5.77924272828103,0,0,0,0,0,0,0,0,0,0,0,3.28418033351453,4.58697881540068,0,0,0,53.0451547921805,2.93981415707339,0,0,0,0.926693720183214,0,0.696542821147952,6.60895966579858,0,8.49802402033294,0.840917927171986,0,0,0,0,0,0,15.543509753961,0,28.5863314339915,0,0,0,0,0,0,0,0,0,9.83057012349919,0
HERV_dup2662,chr6,57069287,57076259,+,6973,29.9955370106059,57.8140237288121,10.4402153174342,16.9700387188705,72.8676635134237,24.526066798013,58.1377115412483,29.5014558819904,29.8171058061671,45.5451108109834,39.1594261829291,42.9665257091212,78.7766981995201,105.81191431031,52.2371152405021,73.2037412248931,1.94222255640424,10.940072986408,38.5954878129877,85.1659185369486,18.8679322134496,19.9450442795805,73.7667008769409,20.0053346725633,60.1961858056355,19.0543178035639,24.2639004746913,21.018754134493,13.760936446202,66.8398848152532,44.2504824240451,39.3856393943786,129.29756480594,22.0486061780505,29.1870929304753,103.286349744455,40.084217943421,19.9239149839391,46.2071923326748,35.5236838785455,16.5223991644965,20.6891031198237,33.1827604603477,49.6141577031472,33.7215229126205,69.8022567725663,29.0573067458216,30.7614062553021,33.9501762744488,0,2.5905849589935,37.5494219526089,57.172662867983,10.7383796149001,0,27.7709413705916,41.2364132106485,40.1154900567508,18.6261447811202,17.6238064322485,57.3139862541636,25.6509927349335,31.0041057741128,0
HERV_dup2663,chr6,58398931,58405899,+,6969,9.37360531581435,0,0,0,45.5422896958898,6.32930756077755,17.4413134623745,3.78223793358851,6.16905637368975,1.13862777027459,0,0,0,0,16.3570764894502,0,0,4.8136321140195,0,0,0,0,0,4.54666697103712,6.5430636745256,0,12.1319502373457,8.53886886713778,12.6141917423519,0,0,0,62.9911213157143,0,29.1870929304753,0,4.13567327987677,1.62171401032062,7.54403140125302,1.3930856422959,5.78283970757376,7.56918406822819,1.21400343147613,5.8864254902039,0,19.1614038199201,0,0,16.9750881372244,0,0,0,0,0,0,33.096875332075,0,12.3081617219576,4.4347963764572,0,0,5.13019854698669,0,0
HERV_dup2680,chr6,63950260,63956533,+,6274,11.2483263789772,0,0,5.22155037503709,0,14.2409420117495,0,0,61.6905637368975,1.13862777027459,0,0,0,0,0,11.5584854565621,0,0,0,0,0,0,0,0,0.65430636745256,0,0,1.97050820010872,0,0,0,0,0,0,0,0,1.2725148553467,0,0,0,0,0,0,0,0,0,0,0,0,0,0,0,0,0,0,0,0,0,0,0,1.62209395058954,0,0,0
HERV_dup2695,chr6,70436656,70448522,-,11867,26.2460948842802,10.8401294491523,0,6.52693796879636,18.2169158783559,41.9316625901512,17.4413134623745,3.78223793358851,0,5.69313885137293,93.0036371844565,5.63495419136016,0,0,18.9953146329099,0,0,14.0032934226022,0,66.5358738569911,10.7816755505426,0.249313053494757,20.1181911482566,33.6453355856747,3.92583820471536,0,33.5961698880342,2.62734426681162,10.3207023346515,20.4611892291592,39.9681776733311,0,3.31532217451128,4.40972123561009,5.83741858609507,9.99545320107633,5.40818813522347,5.56016232109928,32.0621334553253,18.1101133498467,14.8701592480468,11.1014699667347,8.09335620984089,1.68183585434397,63.9303871885098,4.79035095498004,9.01778485215152,4.22215379974735,28.2918135620407,0,0,0,0,2.68459490372502,0,0,0,1.82343136621594,8.86959275291439,0,0,0,6.42768046536486,0
HERV_dup2696,chr6,71747697,71756055,-,8359,0,0,0,0,0,10.2851247862635,0,3.78223793358851,17.4789930587876,19.356672094668,0,0,87.5296646661334,0,12.1358954599146,0,0,4.8136321140195,2.03134146384146,0,0,3.98900885591611,0,0,0,0,29.863262122697,8.53886886713778,3.05798587693378,0,18.5566539197608,25.3933727674283,16.5766108725564,0,0,8.88484728984563,17.8152079748538,20.6189352740765,8.01553336383133,20.8962846344386,65.263476699761,30.2767362729128,19.0193870931261,13.4546868347518,0,0,7.68181672590685,3.01582414267668,0,0,0,0,0,5.36918980745004,0,0.760847708783333,0,16.4108822959435,0,0,0,0,0,0
HERV_dup27,chr10,17011267,17018507,-,7241,3.74944212632574,43.3605177966091,37.1207655730995,0,6.07230529278531,6.32930756077755,7.75169487216644,9.83381862733013,8.225408498253,30.7429497974138,171.322489550315,9.86116983488029,0,33.8598125792992,3.16588577215165,57.7924272828103,43.7000075190955,22.7553518117286,6.09402439152438,223.56053615949,26.9541888763566,4.23832190941087,0,8.63866724497052,1.30861273490512,0,13.06517717868,4.59785246692034,7.26271645771774,24.553427074991,9.99204441833276,17.101659210717,0,1.4699070785367,32.1058022235229,3.33181773369211,15.5883069779971,9.49861063187794,25.4611059792289,11.8412279595152,5.78283970757376,8.57840861065862,0.809335620984089,8.40917927171986,12.6455710922327,34.2167925355717,5.67786453653985,21.7139338272721,0,0,15.543509753961,5.00658959368119,12.7050361928851,2.01344617779376,0,18.6407688651917,11.1021112490207,25.5280391270232,0,10.5742838593491,2.16279193411938,10.2603970939734,6.04958161446104,0
HERV_dup2706,chr6,77716945,77726366,-,9422,5.62416318948861,36.1337648305076,0,8.48501935943527,0,20.570249572527,0,12.8596089742009,6.16905637368975,0,0,2.11310782176006,0,0,1.58294288607582,9.63207121380172,0,3.50082335565055,8.12536585536583,0,0,0,0,0.454666697103712,0,9.85568162253304,20.5309927093542,0,0,0,48.5327871747591,7.25524936212238,0,0,0,8.88484728984563,11.770762411957,6.4868560412825,15.088062802506,29.9513413093619,19.8268789973957,9.08302088187383,11.3306986937772,16.8183585434397,0,0,4.34189641029518,0,0,0,0,5.00658959368119,0,0.671148725931255,0,11.0322917773583,0,10.4847303557417,0,0,0.540697983529845,0,0.378098850903815,0
HERV_dup2719,chr6,84712294,84717943,-,5650,0,18.0668824152538,48.7210048146931,14.359263531352,97.1568846845649,61.7107487175811,91.0824147479557,24.2063227749665,6.16905637368975,56.9313885137293,78.3188523658581,6.33932346528018,20.4235884220978,0,16.3570764894502,55.86601304005,122.360021053467,65.2028349989914,0,66.5358738569911,0,0,28.5007707933635,57.7426705321714,17.0119655537666,21.0254541280705,38.2623045947056,44.6648525357976,42.811802277073,130.951611066619,25.6938285042843,16.5834271134226,16.5766108725564,10.2893495497569,11.6748371721901,8.88484728984563,105.618732993776,7.41354976146571,52.8082198087711,85.6747670011981,21.4791189138454,41.3782062396475,40.4667810492045,53.8187473390071,18.9683566383491,32.8481208341488,10.019760946835,39.8088786833322,22.6334508496326,0,5.181169917987,0,0,19.4633130520064,0,12.1735633405333,54.7175482987451,45.1299263138446,30.1566153599089,15.2739655746154,0,23.9409265526046,14.7458551852488,124.45479963515
HERV_dup272,chr1,143764840,143778331,-,13492,5.62416318948861,0,8.12016746911552,4.56885657815745,0,26.1083936882074,21.3171608984577,1.5128951734354,2.05635212456325,1.13862777027459,0,26.7660324089608,0,0,12.6635430886066,0,2.91333383460636,1.31280875836895,0,0,0,0,0,14.0946676102151,0,0,2.79968082400285,28.243950868225,16.4366740885191,5.45631712777578,41.3956125902357,0,0,0,0,11.106059112307,3.8175445660401,3.70677488073286,5.65802355093977,19.5031989921427,39.6537579947915,48.9473903078757,2.42800686295227,10.9319330532358,0,64.3275699668748,6.01185656810101,13.8727910563127,0,0,0,17.5230635778842,0,6.71148725931255,0,16.7386495932333,3.96503973179312,57.4380880358022,63.8610678209836,0,0,68.4026472931559,1.13429655271145,52.1220955736952
HERV_dup2728,chr6,93660600,93667867,+,7268,0,25.2936353813553,0,0,0,3.16465378038877,7.75169487216644,3.78223793358851,2.05635212456325,2.27725554054917,0,7.74806201312023,0,0,0,3.85282848552069,0,0,75.159634162134,0,0,0.997252213979027,5.02954778706415,0,0,0,0,0.656836066702906,0,0,7.1371745845234,0,43.0991882686467,0,0,0,7.31696041824352,2.08506087041223,0,28.558255667066,9.91343949869787,5.55073498336734,6.87935277836476,0,0,0,3.33992031561167,0,0,0,0,17.5230635778842,79.406476205532,2.68459490372502,0,0.380423854391666,35.6853575861381,0,0,2.34984085763314,0,0,0,36.1663520307273
HERV_dup2730,chr6,94553199,94559610,-,6412,24.3713738211173,0,64.9613397529241,0,0,0,25.1930083345409,0.756447586717702,4.1127042491265,4.55451108109834,0,0,0,0,11.0806002025308,0,2.91333383460636,12.2528817447769,0,0,2.69541888763566,0.249313053494757,0,0,9.8145955117884,0,6.53258858933998,141.219754341125,0,0,9.99204441833276,4.14585677835565,0,0,0,0,0,0,0,0,0,0,0,0,3.51265863673131,0,0,0,0,0,0,0,0,0,0,3.80423854391666,0,0,0,0,0,0,0,0
HERV_dup2733,chr6,98166615,98173385,+,6771,1.87472106316287,0,2.32004784831872,0,80.4580451294053,10.2851247862635,7.75169487216644,14.3725041476363,6.16905637368975,0,0,23.2441860393607,0,43.3828848672271,8.44236205907105,9.63207121380172,18.4511142858403,3.06322043619423,18.2820731745731,23.9529145885168,35.0404455392636,13.4629048887169,60.3545734447698,0,42.5299138844164,38.76568104863,6.53258858933998,5.91152460032615,11.8496952731184,25.9175063569349,4.28230475071404,3.62762468106119,36.4685439196241,108.773123811716,68.589668386617,19.9909064021527,12.725148553467,3.01175459059545,14.1450588773494,0,18.1746390809461,20.1844908486085,6.07001715738067,0.840917927171986,38.6392450040444,30.7951132820145,2.67193625248934,8.4443075994947,43.3807807951291,226.691019396798,0,11.2648265857827,0,0.671148725931255,319.021613657501,11.41271563175,11.1021112490207,7.74958330641776,10.6435113034973,23.4984085763314,0,0,9.07437242169156,0
HERV_dup2735,chr6,99261844,99269046,-,7203,14.997768505303,0,23.2004784831872,18.9281201095095,3.03615264639265,14.2409420117495,5.81377115412483,23.4498751882488,21.5916973079141,43.2678552704342,0,4.93058491744014,0,0,39.5735721518956,17.3377281848431,0,43.3226890261755,0,0,0,64.0734547481525,58.6780575157485,24.5520016436004,32.715318372628,28.9099994260969,56.9268434213912,19.0482459343843,5.73372351925085,12.2767135374955,38.5407427564264,54.9326023132123,23.207255221579,1.4699070785367,0,6.66363546738422,20.3602376855472,36.3727285171911,0,12.5377707806631,12.3917993733723,41.3782062396475,26.3034076819829,15.9774406162677,4.91772209142383,0,35.7371473770449,6.03164828535336,9.43060452068023,0,0,6.25823699210149,0,38.9266261040128,0,35.379418458425,7.13707151722762,31.910048908779,16.8522262305373,110.442520308757,2.16279193411938,0,34.785094283151,62.7592579356738
HERV_dup2736,chr7,100838727,100847199,+,8473,33.7449791369317,39.7471413135584,4.64009569663744,13.7065697344724,60.7230529278531,5.53814411568035,15.5033897443329,8.32092345389472,10.2817606228163,20.4952998649425,0,26.0616631350408,5.83531097774223,21.162382862062,40.1012197805875,148.333896692546,0,4.8136321140195,54.8462195237194,53.2286990855929,88.9488232919767,0,18.4416752192352,8.63866724497052,41.2213011495113,17.7402269205595,5.5993616480057,5.25468853362325,14.1431846808188,35.4660613305425,17.1292190028562,21.7657480863671,6.63064434902256,95.5439601048853,48.1587033352843,24.4333300470755,16.5426931195071,3.24342802064125,2.82901177546988,5.57234256918361,1.65223991644965,14.129143594026,17.4007158511579,25.2275378151596,9.1329124555014,59.5372190118947,14.3616573571302,16.8886151989894,7.54448361654419,0,49.2211142208765,15.0197687810436,3.17625904822128,6.04033853338129,0,15.2169541756667,1.58601589271725,15.9550244543895,33.7044524610747,8.22444300171598,0,39.3315221935646,8.69627357078775,0
HERV_dup2739,chr7,104685064,104697557,+,12494,13.1230474421401,21.6802588983046,1.16002392415936,0,6.07230529278531,7.91163445097193,0,1.5128951734354,2.05635212456325,12.5249054730204,73.423924092992,6.33932346528018,0,10.581191431031,3.69353340084359,0,0,4.8136321140195,0,0,0,0,30.1772867223849,3.63733357682969,0,0,0,0,0,0,0,0,23.207255221579,0,17.5122557582852,16.6590886684605,0,5.09681546100768,4.71501962578314,5.57234256918361,0,10.0922454243043,1.21400343147613,0.840917927171986,31.6139277305818,36.269800087706,3.33992031561167,6.03164828535336,37.7224180827209,0,0,2.5032947968406,0,2.01344617779376,0,8.36932479661666,0,0,0,0,11.3546576541268,0,9.07437242169156,76.587569006246
HERV_dup2743,chr7,107098203,107106669,-,8467,0,0,0,0,0,0,0,0,0,0,0,0,0,0,0,0,0,4.8136321140195,81.2536585536583,0,0,4.98626106989514,0,0.454666697103712,0,0,0,0,0,0,0,0,19.8919330470677,439.502216482472,0,2.22121182246141,0,43.0912579885195,0,0,0,0.504612271215213,0,0,0,0,0,0,0,0,49.2211142208765,12.516473984203,0,0,0,0,0,0,0,0,0,0,0,0
HERV_dup2747,chr7,108669265,108677908,+,8644,7.49888425265148,0,4.64009569663744,0,3.03615264639265,2.37349033529158,11.6275423082497,0.756447586717702,2.05635212456325,13.663533243295,0,1.40873854784004,72.9413872217778,8.46495314482481,5.80412391561135,9.63207121380172,7.76889022561697,8.31445546967005,10.1567073192073,0,161.725133258139,0.249313053494757,1.67651592902138,0,0,0.657045441502203,0.933226941334283,0.656836066702906,5.73372351925085,4.09223784583183,18.5566539197608,10.8828740431836,13.2612886980451,4.40972123561009,27.7277382839516,8.88484728984563,0,8.80359034174053,7.54403140125302,1.3930856422959,0,8.07379633944341,8.09335620984089,0,2.81012690938505,0,0.333992031561167,0.603164828535336,0,0,7.7717548769805,2.5032947968406,0,5.36918980745004,6.7876939076064,1.52169541756667,0.793007946358625,0.911715683107972,0,2.34984085763314,0.540697983529845,0,0,63.8229741718716
HERV_dup2752,chr7,112717823,112733508,-,15686,14.997768505303,54.2006472457614,29.000598103984,17.6227325157502,83.494197775798,7.91163445097193,120.15127051858,20.424084841378,4.1127042491265,35.2974608785121,122.373206821653,16.9048625740805,35.0118658664534,78.3008165896294,68.5941917299523,34.6754563696862,39.815562406287,30.6322043619423,58.9089024514023,0,67.3854721908914,38.1448971846978,21.794707077278,9.09333394207423,11.7775146141461,3.94227264901322,9.33226941334283,34.812311535254,18.3479152616027,43.6505370222062,24.2663935873796,7.25524936212238,188.973363947143,122.002287518546,78.8051509122834,53.3090837390737,54.718138779908,23.630689864672,4.71501962578314,16.0204848864029,32.2186783707681,37.3413080699258,41.6807844806806,37.8413067227394,42.8544353681219,99.2286983531579,22.3774661145982,46.4436917972209,56.5836271240814,26.4748635791881,62.174039015844,111.396618459407,69.8776990608681,10.7383796149001,515.864736978087,6.08678167026666,23.7902383907587,33.7334802749949,25.7218189834517,9.39936343053255,76.2384156777082,88.9234414811026,17.3925471415755,20.2106084877594
HERV_dup276,chr1,145185039,145189674,+,4636,0,0,0,1.30538759375927,0,0,0,0.756447586717702,3.08452818684488,6.83176662164751,0,0,43.7648323330667,5.2905957155155,11.0806002025308,0,0,0,0,2.66143495427964,35.0404455392636,0.498626106989514,0,7.7293338507631,1.30861273490512,1.97113632450661,19.5977657680199,17.0777377342756,1.91124117308362,0,0,1.03646419458891,0,0,0,0,3.18128713836675,0.231673430045803,0,0,2.47835987467447,6.05534725458256,2.02333905246022,0,0,17.1083962677858,1.33596812624467,0,16.9750881372244,0,0,0,3.17625904822128,0.671148725931255,0,0.760847708783333,20.6182066053242,0.455857841553986,4.4347963764572,0,0,0,0.378098850903815,60.6318254632781
HERV_dup2769,chr7,122171273,122183944,+,12672,3.74944212632574,28.9070118644061,35.9607416489402,31.9819960471022,0,39.5581722548597,29.0688557706242,23.4498751882488,6.16905637368975,21.6339276352171,0,26.7660324089608,0,58.1965528706705,5.80412391561135,3.85282848552069,12.6244466166276,26.2561751673791,0,0,78.1671477414341,11.9670265677483,45.2659300835774,4.54666697103712,92.2571978108109,15.7690905960529,29.863262122697,14.4503934674639,4.58697881540068,17.7330306652713,19.9840888366655,0,19.8919330470677,45.5671194346376,10.2154825256664,32.2075714256904,46.4467922201545,29.8858724759086,15.088062802506,21.5928274555865,9.91343949869787,26.7444503744063,17.80538366165,15.9774406162677,46.3670940048533,15.0553887156515,7.01383266278451,29.5550765982315,15.0889672330884,0,0,28.7878901636669,101.640289543081,12.7518257926938,0,21.3037358459333,7.13707151722762,8.20544114797174,40.8001266634062,0,25.9535032094326,49.591919287538,22.6859310542289,0
HERV_dup277,chr1,146378731,146398318,-,19588,0,10.8401294491523,2.32004784831872,10.4431007500742,1.51807632319633,1.58232689019439,0,9.07737104061243,9.25358456053463,7.9703943919221,0,9.86116983488029,0,8.46495314482481,20.5782575189857,0,0.971111278202122,9.627264228039,0,0,0,4.73694801640038,15.0886433611925,4.0920002739334,0.65430636745256,0.657045441502203,0.933226941334283,9.85254100054359,9.17395763080135,0,7.1371745845234,1.03646419458891,49.7298326176692,23.5185132565872,30.6464475769991,11.106059112307,6.36257427673349,6.25518261123669,11.7875490644578,12.5377707806631,11.5656794151475,10.5968576955195,8.49802402033294,29.4321274510195,18.9683566383491,0,1.66996015780584,5.42848345681802,0,0,0,0,0,1.34229745186251,0,0,1.58601589271725,0,0,7.04952257289941,0,0,0,1.06371623619786
HERV_dup2772,chr7,122817181,122827713,+,10533,0,0,0,5.87424417191673,0,2.37349033529158,13.5654660262913,0.756447586717702,3.08452818684488,0,0,0,142.965118954685,0,8.44236205907105,0,2.91333383460636,0,0,0,0,3.73969580242135,0,2.72800018262227,0,0,0,22.3324262678988,0,0,19.9840888366655,0,0,0,0,1.1106059112307,0,0,4.71501962578314,5.57234256918361,0,0,0,0.840917927171986,0,0,0,0,0,0,0,0,0,0,0,0,0,0,0,0,0,0,3.02479080723052,63.8229741718716
HERV_dup2778,chr7,125309362,125313349,+,3988,31.8702580737688,7.22675296610152,10.4402153174342,7.179631765676,56.1688239582641,0,19.3792371804161,1.5128951734354,17.4789930587876,29.6043220271392,102.793493730189,14.0873854784004,58.3531097774223,37.0341700086085,3.16588577215165,30.8226278841655,0,7.43924963075741,26.407439029939,0,18.8679322134496,5.23557412338989,15.0886433611925,0,0,11.1697725055374,0,0,5.73372351925085,21.8252685111031,9.99204441833276,0,26.5225773960902,8.81944247122018,26.2683836374278,6.66363546738422,17.4970792610171,3.93844831077866,11.7875490644578,1.3930856422959,3.30447983289929,3.02767362729128,4.04667810492045,7.56826134454787,32.316459457928,69.1179209218548,0.667984063122335,22.3170986558074,28.2918135620407,0,0,3.75494219526089,0,1.34229745186251,0,4.5650862527,22.9972304444001,0,1.77391855058288,14.0990451457988,28.6569931270818,13.6805294586312,0,0
HERV_dup2784,chr7,12659918,12665594,+,5677,35.6197002000945,25.2936353813553,32.4806698764621,0,0,22.9437399078186,40.6963980788738,6.80802828045932,2.05635212456325,48.9609941218072,88.1087089115904,83.1155743225624,0,50.7897188689488,10.0253049451469,42.3811133407276,31.0755609024679,4.37602919456318,0,0,153.638876595232,11.2190874072641,0,15.0040010044225,26.1722546981024,18.3972723620617,17.7313118853514,7.88203280043487,0,35.4660613305425,8.56460950142808,0,106.090309584361,49.9768406702477,26.2683836374278,145.489374371222,84.9403665943921,30.1175459059545,85.8133571892531,7.66197103262747,65.263476699761,57.5257989185343,51.3928119324897,130.342278711658,26.6962056391579,70.4865926232777,58.1146134916431,115.204482250249,33.9501762744488,0,0,86.3636704910006,136.579139073515,20.1344617779376,0,35.379418458425,86.4378661530901,15.9550244543895,78.0524162256466,19.9736472898817,77.3198116447679,90.6335076634315,36.2974896867662,0
HERV_dup2785,chr7,129578189,129586623,+,8435,0,32.5203883474568,4.64009569663744,0,0,4.74698067058316,0,139.186355956057,0,1.13862777027459,0,46.4883720787214,0,10.581191431031,3.69353340084359,0,0,0,0,0,0,5.48488717688465,3.35303185804277,4.0920002739334,0,11.8268179470396,1.86645388266857,0.656836066702906,0,13.6407928194394,0,15.0287308215392,86.1983765372933,14.699070785367,0,51.0878719166123,43.2655050817878,59.0767246616799,30.6476275675904,140.005107050738,162.74563177029,68.627268885269,107.641637590884,117.728509804078,62.5253237338173,0,138.940685129446,56.6974938823216,0,0,0,0,0,0.671148725931255,0,0.380423854391666,0,0,0,0,0,0,0,0
HERV_dup2789,chr7,135174033,135184466,+,10434,247.463180337499,462.512189830497,527.810885492509,257.161355970577,552.579781643463,412.196154895638,399.212285916572,509.845673447731,498.665390206588,424.70815831242,758.713882294251,596.600775010257,423.060045886311,532.23392898086,384.655121316425,539.395987972896,510.804532334316,420.536405597522,621.590487935486,0,698.113491897635,208.924338828606,516.366906138586,362.369357591658,653.652061085107,420.50908256141,595.398788571272,555.683312430658,522.915584955677,362.845088997089,325.455161054267,259.116048647228,540.397514445339,670.277627812734,763.24248013193,388.712068930746,667.434041629343,424.425723843912,801.081834420555,447.877033998133,425.451778485784,562.642682404962,572.200284035751,445.686501401153,371.639283766172,499.565171019347,336.329975782096,588.085707821952,375.338059923073,221.726982475701,445.580612946882,398.023872697655,273.15827814703,544.972765456179,0,322.219004669741,638.371396818693,796.839507036367,673.202089946202,707.302098147574,906.209820396021,608.783560909087,552.402421170474,920.114544311149
HERV_dup2797,chr7,138556758,138566149,-,9392,0,0,4.64009569663744,15.6646511251113,0,3.95581722548597,7.75169487216644,3.78223793358851,1.02817606228163,0,0,4.93058491744014,5.83531097774223,17.9880254327527,19.5229622616018,0,0,3.93842627510687,0,0,0,8.97526992581125,3.35303185804277,4.54666697103712,0,4.59931809051542,0,0,0,0,7.1371745845234,0.518232097294456,23.207255221579,0,0,14.4378768459991,28.6315842453007,32.6659536364583,8.01553336383133,9.05505667492337,28.088078579644,21.1937153910389,8.49802402033294,7.56826134454787,0,0,10.019760946835,0.603164828535336,0,0,0,0,0,0.671148725931255,0,1.52169541756667,0,0,0,0,0.540697983529845,0,0,0
HERV_dup2801,chr7,140662286,140670370,+,8085,1.87472106316287,32.5203883474568,27.8405741798246,2.61077518751854,0,30.0642109136933,19.3792371804161,17.3982944945072,14.3944648719428,37.5747164190613,0,29.5835095046409,96.2826311327467,12.6974297172372,54.8753533839619,23.1169709131241,13.5955578948297,20.567337214447,0,55.8901340398725,51.2129588650775,5.73420023037941,16.7651592902138,6.82000045655567,0,15.1120451545507,31.7297160053656,29.5576230016308,9.55620586541808,12.2767135374955,35.685872922617,0,109.405631758872,58.7962831414679,32.1058022235229,23.3227241358448,47.4011783616645,5.79183575114509,51.8652158836145,5.57234256918361,23.131358830295,6.55995952579777,21.8520617665704,27.7502915966755,99.0569735558229,95.8070190996007,24.047426272404,41.0152083404028,0,0,0,23.7813005699857,63.5251809644256,15.4364206964189,0,11.7931394861417,0,56.0705145111403,22.173981882286,17.6238064322485,42.1744427153279,15.3905956409601,15.8801517379602,0
HERV_dup2803,chr7,141745605,141756102,-,10498,1.87472106316287,0,1.16002392415936,12.4011821407131,28.8434501407302,30.8553743587905,7.75169487216644,22.6934276015311,40.0988664289834,36.4360886487867,4.89492827286613,8.45243128704025,0,17.9880254327527,71.232429873412,48.1603560690086,49.5266751883082,36.3210423148744,40.6268292768292,0,45.8221210898062,20.1943573330753,30.1772867223849,19.0960012783559,0,15.7690905960529,25.1971274160256,30.2144590683337,58.8662281309754,19.0971099472152,9.99204441833276,24.3569085728394,49.7298326176692,61.7360972985413,30.6464475769991,78.8530196973799,0.318128713836675,25.4840773050384,22.6320942037591,27.1651700247701,61.1328769086369,62.0673093594712,92.2642607921862,19.3411123249557,44.9620305501607,5.47468680569147,19.3715378305477,7.23797794242403,0,0,0,56.3241329289134,0,11.4095283408313,0,19.401616573975,0,60.6290929266801,30.1566153599089,28.1980902915976,54.6104963365144,10.2603970939734,9.45247127259538,0
HERV_dup2804,chr7,143105117,143111818,+,6702,18.7472106316287,10.8401294491523,0,0,0,0,0,7.56447586717702,7.19723243597138,45.5451108109834,0,0,0,0,8.44236205907105,0,0,0,42.6581707406706,0,0,0,0,0,0,0,3.73290776533713,0,9.17395763080135,0,0,0,0,0,49.6180579818081,6.66363546738422,0,0.695020290137411,6.60102747609639,1.3930856422959,0,0.504612271215213,16.1867124196818,5.04550756303192,16.8607614563103,28.7421057298802,0,0.603164828535336,0,0,0,0,25.4100723857702,5.36918980745004,0,0,0,5.47029409864783,6.20871492704007,16.448886003432,0,39.3315221935646,0,0
HERV_dup2809,chr7,146240231,146249184,-,8954,0,0,4.64009569663744,5.22155037503709,0,0,0,3.02579034687081,0,15.9407887838442,0,0,43.7648323330667,0,16.3570764894502,0,10.6822240602233,2.62561751673791,0,50.5672641313132,0,0,5.02954778706415,0,0,0,0.933226941334283,68.9677870038051,24.0816387808536,4.09223784583183,4.28230475071404,0.518232097294456,0,16.1689778639037,0,2.22121182246141,0,0.926693720183214,12.2590510270362,0.696542821147952,4.13059979112411,7.56918406822819,14.9727089882057,3.36367170868794,20.3734200930416,0,0,3.01582414267668,0,0,2.5905849589935,17.5230635778842,0,0,0,8.74974865100833,0,0,0,0,0,0,0,0
HERV_dup2812,chr7,149638837,149653233,-,14397,3.74944212632574,0,1.16002392415936,18.9281201095095,80.4580451294053,2.37349033529158,52.3239403871235,13.6160565609186,16.450816996506,36.4360886487867,44.0543544557952,33.105355874241,137.129807976942,0,31.6588577215165,55.86601304005,0.971111278202122,10.0648671474953,2.03134146384146,0,0,13.2135918352221,55.3250256577057,22.7333348551856,24.2093355957447,0,14.9316310613485,17.7345738009785,1.14674470385017,65.4758055333093,18.5566539197608,0,53.0451547921805,22.0486061780505,0,2.22121182246141,13.679534694977,1.85338744036643,12.2590510270362,8.35851385377542,0.826119958224823,4.54151044093692,8.49802402033294,15.9774406162677,7.72784900080887,6.1590226564029,2.67193625248934,12.0632965707067,45.2669016992651,0,28.4964345489285,3.75494219526089,0,0.671148725931255,196.843123320586,7.98890094222499,21.4112145516829,0,0.886959275291439,9.39936343053255,0,0,0,21.2743247239572
HERV_dup282,chr1,149673518,149687102,-,13585,26.2460948842802,14.453505932203,66.1213636770835,14.359263531352,1.51807632319633,32.4377012489849,50.3860166690819,8.32092345389472,5.14088031140813,18.2180443243934,0,57.0539111875217,0,24.3367402913713,25.3270861772132,36.6018706124465,50.4977864665103,45.0731007040008,16.2507317107317,0,35.0404455392636,8.22733076532698,16.7651592902138,18.1866678841485,51.0358966612997,7.22749985652423,0,49.2627050027179,17.2011705577525,100.941866863852,34.2584380057123,1.03646419458891,9.94596652353384,0,7.29677323261883,57.7515073839966,48.0374357893379,9.26693720183214,22.1605922411808,49.4545403015046,57.8283970757376,31.7905730865584,27.517411113459,47.9323218488032,18.9683566383491,30.7951132820145,20.3735139252312,37.9993841977262,0,0,15.543509753961,51.3175433352322,3.17625904822128,40.9400722818065,0,49.4551010709166,6.344063570869,42.3947792645207,67.4089049221494,18.7987268610651,14.058147571776,25.6509927349335,23.4421287560365,23.4017571963529
HERV_dup2823,chr7,17414063,17420763,+,6701,11.2483263789772,18.0668824152538,19.7204067107091,0,209.494532601093,27.6907205784018,1.93792371804161,3.02579034687081,0,33.020205337963,0,4.93058491744014,0,2.1162382862062,9.49765731645494,0,0,7.00164671130109,0,0,0,1.49587832096854,15.0886433611925,0.454666697103712,3.92583820471536,5.25636353201762,1.86645388266857,9.85254100054359,1.91124117308362,20.4611892291592,4.28230475071404,5.18232097294456,9.94596652353384,0,0,4.44242364492281,2.22690099685672,4.17012174082446,7.07252943867471,5.57234256918361,2.47835987467447,0.504612271215213,28.7314145449352,0.840917927171986,6.32278554611635,0,0.667984063122335,11.4601317421714,0,0,0,8.76153178894209,0,0,0,0,0,0,0,0,0,0,0.378098850903815,0
HERV_dup2834,chr7,24789380,24795800,-,6421,50.6174687053975,21.6802588983046,6.96014354495616,0,60.7230529278531,8.70279789606913,23.2550846164993,0.756447586717702,14.3944648719428,6.83176662164751,112.583350275921,4.22621564352012,17.5059329332267,55.0221954413612,33.7694482362842,77.0565697104138,35.9311172934785,9.18966130858268,117.817804902805,111.780268079745,177.897646583953,8.97526992581125,18.4416752192352,34.5546689798821,41.8756075169638,53.2206807616784,21.4642196506885,16.4209016675726,3.82248234616723,50.4709334319259,1.42743491690468,2.59116048647228,169.081430900075,169.03931403172,16.0529011117614,5.55302955615352,2.22690099685672,4.40179517087027,4.24351766320482,3.48271410573976,0,20.6891031198237,1.21400343147613,6.72734341737589,8.43038072815514,13.6867170142287,7.68181672590685,13.8727910563127,20.7473299454965,0,103.62339835974,18.7747109763045,63.5251809644256,12.7518257926938,196.843123320586,0.380423854391666,6.344063570869,25.5280391270232,6.20871492704007,0,22.7093153082535,8.55033091164448,13.9896574834412,37.2300682669251
HERV_dup2838,chr7,29636375,29646231,-,9857,914.86387882348,943.091262076248,899.018541223504,704.909300630007,1293.40102736327,526.123690989634,763.541944908395,658.109400444401,784.49833552088,1095.35991500415,1316.73570540099,1147.41754721571,1826.45233603332,1358.62497974438,1366.60735831213,1111.54101807272,464.191190980614,1025.74124320561,1208.64817098567,1429.19057044817,857.143206268139,778.106039957136,1089.7353538639,640.62537621913,1385.82088626452,1287.80906534432,849.236516614197,832.868132579285,643.706027094562,626.11239041227,927.832695988042,1310.60897405768,838.776510151354,1081.85160980301,802.645055588072,871.825640316102,1425.53476670214,1063.61271734028,935.459893755375,501.510831226525,988.865589995113,1089.45789355364,909.288570175624,983.873974791224,1100.16468502425,988.180968427311,926.493895550678,1183.40939358633,863.843374094309,1171.51271337907,987.012869376523,834.848814746339,794.06476205532,542.288170552454,977.427922695322,900.463263345074,635.992372979617,707.94722793334,502.018949814955,1166.69598581485,829.430706734783,1253.47851164708,825.767890373932,900.967652059588
HERV_dup2840,chr7,30480038,30491137,+,11100,256.836785653313,534.779719491512,25.5205263315059,1.30538759375927,309.687569932051,57.7549314920951,79.4548724397061,2.26934276015311,6.16905637368975,79.703943919221,1414.63427085831,5.63495419136016,487.248466641476,150.25291832064,41.1565150379714,244.654608830564,31.0755609024679,16.1913080198838,251.886341516341,306.065019742159,280.323564314108,3.24106969543184,348.715313236448,23.642668249393,100.763180587694,102.499088874344,5.5993616480057,6.56836066702906,4.9692270500174,160.961355269385,35.685872922617,6.21878516753347,192.288686121654,69.0856326912248,40.8619301026655,15.5484827572298,6.68070299057017,6.25518261123669,40.549168781735,15.3239420652549,6.60895966579858,11.1014699667347,10.5213630727932,10.9319330532358,101.164568737862,85.5419813389292,5.00988047341751,21.1107689987368,105.622770631619,0,36.268189425909,61.3307225225946,76.2302171573107,6.04033853338129,929.914065342077,32.3360276232916,2.37902383907587,0.911715683107972,0,9.39936343053255,49.7442144847458,30.7811912819201,4.9152850617496,99.9893262025989
HERV_dup2841,chr7,30572445,30579657,-,7213,335.575070306154,437.218554449142,620.612799425257,619.406413238775,2134.41531041404,2057.8161206978,988.341096201222,1930.45424130358,668.314440483057,1254.76780284259,890.876945661636,588.148343723217,1881.88779032187,340.714364079198,736.068442025258,1159.70137414173,375.820064664221,751.364212706499,936.448414830912,404.538113050506,1477.08955042434,420.84043429915,1017.64516891598,1601.33610719927,1128.02417748821,254.276585861352,3308.28950703003,1360.96433020842,661.289445886931,1447.28811814252,693.733369615675,456.562477716415,1571.46271071835,1384.65246798157,690.274747805742,837.39685706795,1044.09843881197,1070.09957338157,3353.32195785697,4505.9355100061,1658.84887611544,1413.92358394503,2167.40079299539,1727.24542241126,2233.34836123376,774.668183005343,618.219250419721,825.732650264875,760.106724366827,153.885144554031,554.385181224609,411.791994080278,397.03238102766,522.153708774516,149.329265967341,1239.04049375366,1428.20731139188,786.810634522179,713.115257334317,1057.42838593491,1321.46587174694,829.382098429515,405.32196816889,1250.93029376868
HERV_dup2843,chr7,32835275,32843539,-,8265,196.845711632101,90.334412076269,41.7608612697369,12.4011821407131,45.5422896958898,34.0200281391793,104.647880774247,60.5158069374162,79.1695567956852,407.628741758302,9.78985654573227,7.74806201312023,221.741817154205,0,100.780697080161,181.082938819472,49.5266751883082,66.5156437573604,113.755121975122,0,72.7763099661628,3.24106969543184,11.7356115031497,44.10266961906,45.8014457216792,53.2206807616784,43.8616662427113,64.3699345368848,129.199903300452,143.228324604114,29.9761332549983,0,135.928209154963,76.4351680839082,312.301894356086,68.8575664963036,13.9976634088137,15.0587729529772,52.8082198087711,48.7579974803566,19.8268789973957,160.466702246438,58.2721647108544,186.683779832181,57.6076016423934,0,12.3577051677632,37.3962193691908,79.217077973714,461.655433662093,33.6776044669155,8.76153178894209,25.4100723857702,39.597774829944,0,46.0312863813916,0,133.566347575318,119.739502164344,305.479311492308,43.2558386823876,114.574434216036,31.0041057741128,130.837097052337
HERV_dup2847,chr7,36491123,36504730,-,13608,7.49888425265148,0,35.9607416489402,22.8442828907873,227.711448479449,109.97171886851,46.5101692329987,35.553036575732,30.8452818684488,10.2476499324713,0,33.809725148161,67.1060762440356,52.905957155155,20.0506098902938,0,0.971111278202122,23.1929547311849,0,0,0,30.9148186333498,63.7076053028126,59.1066706234825,37.9497693122485,9.19863618103084,31.7297160053656,17.7345738009785,26.7573764231706,13.6407928194394,4.28230475071404,24.3569085728394,82.883054362782,17.6388849424404,1.45935464652377,47.7560541829202,182.924010456088,90.1209642878176,144.279600548964,147.667078083366,211.486709305555,92.344045632384,79.3148908564408,37.8413067227394,121.537988830903,31.479449132726,100.19760946835,47.6500214542915,337.615641840352,0,0,0,0,17.4498668742126,481.926267440055,52.8789157604416,13.4811350880966,15.0433087712815,45.2349230398634,52.8714192967456,0,0,6.04958161446104,338.26176311092
HERV_dup2848,chr7,38160250,38164990,+,4741,1.87472106316287,14.453505932203,9.28019139327488,0,0,23.7349033529158,19.3792371804161,9.07737104061243,0,17.0794165541188,0,33.105355874241,0,0,65.4283059578007,0,22.3355593986488,0,0,0,0,0,1.67651592902138,5.91066706234825,0,0,13.9984041200142,2.62734426681162,1.14674470385017,0,28.5486983380936,23.3204443782505,0,0,7.29677323261883,7.77424137861492,0,5.79183575114509,7.07252943867471,2.08962846344386,14.8701592480468,8.57840861065862,16.5913802301738,0,13.348102819579,0,2.33794422092817,1.20632965707067,0,0,0,5.00658959368119,0,11.4095283408313,0,19.0211927195833,38.064381425214,3.64686273243189,14.191348404663,0,0,1.7100661823289,1.13429655271145,20.2106084877594
HERV_dup2855,chr7,43810663,43821357,+,10695,5.62416318948861,0,2.32004784831872,13.7065697344724,0,0,9.68961859020805,3.78223793358851,0,6.83176662164751,0,4.22621564352012,0,9.52307228792791,9.49765731645494,15.4113139420828,60.2088992485315,0,36.5641463491463,69.1973088112707,61.9946344156201,0,0,0.454666697103712,36.6411565773433,0,0.933226941334283,1.31367213340581,5.35147528463412,19.0971099472152,1.42743491690468,0,0,29.3981415707339,11.6748371721901,17.7696945796913,10.4982475566103,2.08506087041223,25.9326079418073,0,0,2.52306135607606,0,0,10.5379759101939,0,13.3596812624467,19.9044393416661,0,0,0,6.25823699210149,41.2913676268766,4.02689235558753,0,0,0,5.47029409864783,0,0,0,8.55033091164448,12.4772620798259,0
HERV_dup2856,chr7,43853073,43866752,-,13680,1572.89097199365,1788.62135911013,1280.66641227193,1419.60900821321,1229.64182178902,909.046798416675,980.589401329055,959.931987544764,1421.96749413549,1413.03706291076,1404.84441431258,1327.73608133924,1928.57027814381,2304.58349367855,1416.20623540917,1901.37085760446,2140.32925715748,1239.72907081975,1608.82243936244,2493.76455216003,1393.53156490764,2317.36483223376,1634.60303079585,1210.77741438718,1262.81128918344,1764.82405587492,949.091799336965,1490.36103534889,1053.47613460369,1327.24914133146,1553.04918959229,2393.1958253058,1899.67960599496,1512.53438381426,2184.65390584608,1215.00286688639,864.991972921918,1509.35239674841,1293.32988335231,801.720787141293,1154.9157015983,1233.7770031212,1169.48997232201,1581.76662101051,1225.21533249188,1634.1940114989,1730.07872348685,1098.36315276285,2489.67959345958,2386.04708007433,2121.68908141568,2111.52916113504,2150.32737564581,1418.80840661867,8348.86350635588,1520.93456985788,799.352009929494,1639.72065606969,1113.13389049076,1639.01399819911,1457.72176359646,1783.59902816904,2254.22534908855,1925.32638751813
HERV_dup2857,chr7,4582426,4591919,-,9494,44.9933055159089,10.8401294491523,46.4009569663744,31.9819960471022,72.8676635134237,13.4497785666523,42.6343217969154,30.2579034687081,20.5635212456325,27.32706648659,83.2137806387242,12.6786469305604,0,13.7555488603403,25.8547338059051,0,0,13.1280875836895,26.407439029939,0,21.5633511010853,61.0816981062154,77.1197327349837,11.3666674275928,28.7894801679126,84.101816512282,48.5278009493827,25.6166066014133,22.1703976077699,20.4611892291592,0,51.8232097294456,0,16.1689778639037,4.3780639395713,15.5484827572298,50.9005942138679,24.3257101548094,38.6631609314217,34.8271410573976,24.7835987467447,8.57840861065862,17.80538366165,19.3411123249557,30.9113960032355,0.684335850711434,47.4268684816858,27.7455821126254,62.2419898364895,0,2.5905849589935,30.0395375620872,9.52877714466384,34.8997337484252,0,1.90211927195833,28.5482860689105,8.20544114797174,24.8348597081603,32.8977720068639,10.8139596705969,27.3610589172624,12.8553609307297,121.263650926556
HERV_dup2875,chr7,61858873,61874485,+,15613,0,0,1.16002392415936,0,0,0.791163445097193,0,0,0,0,0,0,0,1.0581191431031,0,0,0,0,0,0,0,0,0,0.454666697103712,0,0,0,0,0,0,0,0,0,0,1.45935464652377,0,0,0,0.471501962578314,0,0,0,0,0,0,2.0530075521343,0,0,0,0,0,0,0,0,0,0,0,10.4847303557417,0.886959275291439,0,0.540697983529845,25.6509927349335,10.208668974403,0
HERV_dup2877,chr7,64679995,64686561,+,6567,13.1230474421401,28.9070118644061,48.7210048146931,11.7484883438335,56.1688239582641,4.74698067058316,17.4413134623745,21.1805324280957,20.5635212456325,39.8519719596105,0,35.218463696001,0,7.40683400172171,14.2464859746824,55.86601304005,124.302243609872,57.3259824487777,0,274.127800290803,2.69541888763566,17.7012267981277,97.2379238832403,13.1853342160076,64.7763303778034,0,27.0635812986942,24.9597705347104,0.382248234616723,357.388771869313,2.85486983380936,2.59116048647228,0,17.6388849424404,23.3496743443803,38.8712068930746,83.3497230252087,16.2171401032062,33.9481413056386,21.5928274555865,17.3485191227213,5.55073498336734,10.9260308832852,44.5686501401153,19.6708883656953,31.479449132726,18.3695617358642,27.7455821126254,39.608538986857,0,5.181169917987,30.0395375620872,88.9352533501958,45.6381133633253,0,12.553987194925,0,24.1604656023612,22.173981882286,97.5183955917752,100.569824936551,3.42013236465779,8.31817471988393,32.9752033221337
HERV_dup2878,chr7,64834895,64840158,-,5264,11.2483263789772,83.1076591101675,1.16002392415936,7.179631765676,0,7.91163445097193,0,36.3094841624497,24.676225494759,42.1292275001597,78.3188523658581,14.0873854784004,58.3531097774223,46.5572422965364,14.2464859746824,26.9697993986448,0,5.25123503347582,115.786463438963,0,45.8221210898062,1.24656526747378,0,0.909333394207423,9.8145955117884,0,23.3306735333571,1.31367213340581,26.7573764231706,47.742774868038,14.2743491690468,0,3.31532217451128,0,62.752249800522,48.8666600941509,0,20.3872618440307,16.9740706528193,27.8617128459181,5.78283970757376,36.3320835274953,39.2527776177283,48.7732397759752,23.1835470024266,0,7.01383266278451,12.0632965707067,0,0,0,3.75494219526089,0,4.02689235558753,0,6.84762937905,0,15.4991666128355,13.3043891293716,89.2939525900592,7.56977176941784,1.7100661823289,6.80577931626867,0
HERV_dup2879,chr7,64945898,64951162,+,5265,73.1141214633519,46.9738942796599,37.1207655730995,475.161084128375,28.8434501407302,121.048007099871,36.8205506427906,351.748127823732,166.564522089623,74.0108050678481,53.8442110015275,329.64482019457,110.870908577102,29.6273360068868,376.212759257354,1.92641424276034,0.971111278202122,163.225888957207,170.632682962683,0,21.5633511010853,303.413986103119,28.5007707933635,118.668007944069,71.9737004197816,159.004996843533,246.371912512251,102.466426405653,106.647257458066,25.9175063569349,147.025796441182,322.858596614446,139.243531329474,45.5671194346376,2.91870929304753,249.886330026908,490.236348022316,750.390239918357,126.834027933566,373.346952135302,669.983286120331,490.987739892402,508.262769978008,396.913261625177,38.6392450040444,92.3853398460436,605.861545251958,75.9987683954523,88.6476824943942,0,5.181169917987,146.442745615175,44.4676266750979,1518.1384180565,0,435.204889424066,64.2336436550486,263.485832418204,121.513420714927,252.607892195562,89.2151672824245,0,1667.03783363492,195.723787460406
HERV_dup288,chr1,150626264,150635776,-,9513,5901.62190683671,2464.32276144062,3753.83741857969,8226.55261587093,3156.08067592516,2874.2967960381,4089.0190450678,3951.68219301328,7493.34714190849,3124.39460163346,2809.68882862516,2077.88935806406,5368.48609952285,2097.19214163035,1833.0478620758,1972.64818458659,2510.32265415248,2786.21778817838,2212.13085412335,3867.06498856832,1792.45356027771,6702.28281709955,3232.32271115323,4021.07226918522,2939.1442025969,2859.46176141759,3645.18443285171,3536.40538312845,3193.3017519881,2721.33816747817,1878.50435064656,4638.69550288267,905.08295364158,887.823875436165,1017.17018862707,1484.88010331545,2912.46837517476,3307.60156076394,1555.01347258328,3787.10331858141,2838.54817646049,2489.25233390465,2189.25285476196,1831.51924538059,1598.25967971274,1297.50077294888,2799.18721651414,2573.70432336028,2874.44825790334,2344.68010573185,2020.65626801493,1503.22852550278,2236.08636994778,3600.04176589525,3461.72389287927,3259.4715844278,3540.78048049126,1774.19871932811,1663.93560044674,2274.64595018888,2284.98967839713,2412.90338326607,2567.2911976369,5313.26259980831
HERV_dup2880,chr7,64990455,64999936,-,9482,318.702580737688,252.936353813553,737.775215765353,2105.59018873371,546.507476350678,746.067128726653,546.494488487734,1106.682819368,1367.47416283456,775.405511556993,812.558093295778,562.791049862096,819.861192372783,401.027155236075,633.704802059021,614.52614344055,479.728971431848,974.104098709765,487.52195132195,1918.89460203562,320.754847628643,1835.69201288189,638.752568957148,871.141391650711,733.477437914319,655.074305177696,1203.86275432122,1033.85996899037,840.946116156791,763.884397888609,608.087274601394,1263.44985320388,384.577372243309,352.777698848807,774.91731730412,529.759019657045,948.02356723329,1841.80376886414,744.973100873736,999.538948347311,1450.66664664279,1054.63964683979,942.06666282548,1036.85180420306,926.639348369719,435.921936903183,916.474134603843,469.262236600491,809.145867874364,9.92807384219555,284.964345489285,411.791994080278,724.187062994452,989.27322202267,1445.77880232016,877.257408227183,823.935256266611,1136.90945683564,600.471429372304,1337.05944799326,1379.32055598464,294.13138336057,819.340209908567,581.85278120023
HERV_dup2886,chr7,6903782,6913903,+,10122,3.74944212632574,7.22675296610152,4.64009569663744,11.0957945469538,83.494197775798,0,5.81377115412483,10.5902662140478,3.08452818684488,0,0,5.63495419136016,0,0,11.0806002025308,0,0,11.8152788253206,22.344756102256,18.6300446799575,0,7.23007855134795,67.0606371608554,13.1853342160076,0.65430636745256,0,31.7297160053656,0.656836066702906,17.5834187923693,13.6407928194394,0,37.3127110052008,3.31532217451128,10.2893495497569,0,4.44242364492281,2.86315842453007,3.70677488073286,11.7875490644578,4.87579974803566,0,0,1.21400343147613,1.68183585434397,3.51265863673131,0,12.3577051677632,14.4759558848481,28.2918135620407,0,18.1340947129545,25.032947968406,12.7050361928851,0.671148725931255,0,0.380423854391666,0,0,8.86959275291439,4.69968171526627,2.16279193411938,0,13.2334597816335,0
HERV_dup2891,chr7,77339937,77345880,+,5944,3.74944212632574,0,9.28019139327488,7.179631765676,13.6626869087669,32.4377012489849,5.81377115412483,9.07737104061243,8.225408498253,4.55451108109834,0,0,0,15.8717871465465,8.970009687763,1.92641424276034,0,15.3161021809711,0,34.5986544056354,0,0,13.4121274321711,28.1893352204301,30.0980929028177,0,0,1.97050820010872,1.91124117308362,4.09223784583183,4.28230475071404,0,16.5766108725564,0,10.2154825256664,9.99545320107633,23.8596535377506,8.80359034174053,3.77201570062651,32.0409697728058,4.13059979112411,0.504612271215213,2.83267467344431,0.840917927171986,0.702531727346261,0,39.0770676926566,7.84114277095937,50.9252644116733,0,98.442228441753,80.1054334988991,60.3489219162043,25.5036515853877,88.2400207988833,26.249245953025,103.091033026621,26.4397548101312,95.7916017314754,0,37.3081608635593,41.0415883758935,2.64669195632671,147.856556831503
HERV_dup2894,chr7,83459668,83465385,+,5718,7.49888425265148,0,0,0,0,3.95581722548597,0,0,0,0,4.89492827286613,0,0,0,2.6382381434597,5.77924272828103,284.535604513222,14.4408963420585,32.5014634214633,183.639011845295,2.69541888763566,0,0,0,54.3074284985625,0,5.5993616480057,941.246083585264,0,0,0,0,13.2612886980451,1.4699070785367,0,0,0,0,4.24351766320482,0,6.60895966579858,0,0,0,0,0,0,0,0,0,0,0,0,0,6.7876939076064,0,0,0,4.4347963764572,0,29.1976911106117,6.84026472931559,0,1.06371623619786
HERV_dup2896,chr7,85737904,85746338,-,8435,0,0,0,5.22155037503709,157.879937612418,0,0,3.02579034687081,5.14088031140813,1.13862777027459,0,0,46.6824878219378,0,0,0,0,0,0,0,0,0,0,0,50.3815902938471,0,0.933226941334283,0.656836066702906,0,4.09223784583183,0,5.70055307023901,13.2612886980451,0,0,2.22121182246141,16.5426931195071,38.2261159575576,8.48703532640965,4.17925692688771,13.2179193315972,32.7997976289888,15.7820446091897,0.840917927171986,0,25.3204264763231,0.333992031561167,0,0,0,0,12.516473984203,0,2.01344617779376,0,4.5650862527,0,0,0,5.87460214408284,0,6.84026472931559,0,0
HERV_dup2897,chr7,86087733,86094279,+,6547,0,0,0,0,0,0,3.87584743608322,0,0,0,0,0,0,0,1.58294288607582,0,0,0,0,0,0,0,0,0,5.23445093962048,3.94227264901322,0,0,0,0,0,0,9.94596652353384,0,0,7.77424137861492,4.45380199371345,3.93844831077866,0.943003925156628,0,0,9.58763315308905,2.83267467344431,12.6137689075798,15.4556980016177,8.21203020853721,0,21.7139338272721,32.0640553703128,0,0,0,0,3.35574362965627,0,0,0,0,0,0,0,0,0,0
HERV_dup29,chr10,18570092,18577466,+,7375,11.2483263789772,83.1076591101675,18.5603827865498,1.30538759375927,0,34.8111915842765,19.3792371804161,15.128951734354,4.1127042491265,59.2086440542784,83.2137806387242,0,0,2.1162382862062,42.2118102953553,0,0,28.0065868452044,20.3134146384146,0,0,0,28.5007707933635,12.7306675189039,0,21.6824995695727,9.33226941334283,3.94101640021744,12.6141917423519,39.5582991763744,7.1371745845234,0,102.77498740985,145.520800775133,27.7277382839516,22.2121182246141,3.8175445660401,5.79183575114509,49.0362041081446,6.26888539033157,0,7.06457179701298,20.2333905246022,23.5457019608156,147.531662742715,19.1614038199201,0,8.4443075994947,0,0,15.543509753961,3.75494219526089,0,6.71148725931255,0,10.6518679229667,0,0.455857841553986,1.77391855058288,22.3234881475148,0,30.7811912819201,3.78098850903815,0
HERV_dup290,chr1,150650452,150657785,+,7334,1.87472106316287,28.9070118644061,33.6406938006214,11.7484883438335,112.337647916528,17.4055957921383,60.0756352592899,24.9627703616842,5.14088031140813,55.7927607434547,44.0543544557952,26.0616631350408,37.9295213553245,33.8598125792992,5.27647628691941,25.0433851558845,71.862234586957,8.75205838912637,127.974512222012,7.98430486283893,16.1725133258139,9.224582979306,26.8242548643422,1.36400009131113,74.5909258895918,11.1697725055374,69.0587936587369,27.587114801522,29.050865830871,51.8350127138699,22.8389586704749,13.4740345296558,72.9370878392482,10.2893495497569,40.8619301026655,4.44242364492281,34.9941585220342,15.5221198130688,30.1761256050121,24.3789987401783,23.131358830295,23.2121644758998,23.0660651980465,48.7732397759752,17.5632931836565,24.6360906256116,11.0217370415185,25.3329227984841,66.0142316447616,0,62.174039015844,5.00658959368119,9.52877714466384,4.69804108151878,33.938469538032,14.0756826124917,101.505017133904,30.542475384117,31.0435746352004,27.0231698627811,106.51750275538,17.100661823289,2.64669195632671,69.1415553528609
HERV_dup2900,chr7,87322848,87330901,-,8054,506.174687053975,852.756849999979,479.089880677816,517.586180925552,705.905490286292,488.939009070065,455.412073739779,447.81697133688,388.650551542454,342.72695885265,719.554456111321,735.361521972501,443.483634308409,638.04584329117,433.726350784775,757.080797404815,534.111203011167,471.735947173911,635.809878182377,287.434975062201,808.625666290697,513.584890199199,735.990492840388,310.537354121835,458.668763584244,590.68385191048,517.007725499193,568.820033764717,451.052916847733,482.884065808156,438.222519489737,631.206694504647,1249.87645979075,1255.30064507034,820.157311346357,543.086290591814,571.359170050668,572.928392503272,733.657053771856,437.428891680914,668.331046203881,527.319823419897,541.445530438356,641.620378432225,923.829221460334,845.154775628621,630.242963555923,706.306014214878,724.270427188242,547.698740294454,1194.259666096,831.093872551078,1133.924480215,438.260118033109,3407.42234161841,502.159487797,592.376935929893,643.671272274228,573.862651113561,486.417057530059,778.064398299448,660.085546378954,623.485005140391,421.231629534353
HERV_dup2902,chr7,88375475,88387461,+,11987,16.8724895684658,115.628047457624,27.8405741798246,19.5808139063891,97.1568846845649,11.8674516764579,85.2686435938309,6.05158069374162,3.08452818684488,33.020205337963,293.695696371968,25.3572938611207,145.882774443556,98.4050803085884,53.820058126578,290.888550656812,133.042245113691,6.12644087238846,111.72378051128,359.293718827752,140.161782157054,16.9532876376435,58.6780575157485,11.8213341246965,47.7643648240369,55.8488625276872,15.8648580026828,5.91152460032615,12.2319435077351,75.0243605069169,42.8230475071404,24.8751406701339,62.9911213157143,41.1573981990275,58.3741858609507,7.77424137861492,5.09005942138679,3.01175459059545,4.71501962578314,5.57234256918361,7.4350796240234,1.00922454243043,2.02333905246022,19.3411123249557,12.6455710922327,28.7421057298802,7.01383266278451,11.4601317421714,50.9252644116733,0,137.301002826655,58.827427725754,47.6438857233192,0,2457.14519455352,13.6952587581,46.7874688351589,4.55857841553986,11.5304705787887,18.7987268610651,92.4593551836036,17.100661823289,18.1487448433831,240.399869380716
HERV_dup2905,chr7,91447795,91454614,-,6820,1.87472106316287,0,19.7204067107091,16.9700387188705,0,33.2288646940821,29.0688557706242,12.8596089742009,4.1127042491265,5.69313885137293,0,0,0,13.7555488603403,59.0965344134974,13.4848996993224,37.8733398498827,10.940072986408,20.3134146384146,0,0,7.97801771183222,41.9128982255346,29.0986686146375,87.677053238643,12.4838633885419,76.5246091894112,3.28418033351453,22.9348940770034,25.9175063569349,7.1371745845234,36.2762468106119,0,0,0,29.986359603229,41.038604084931,22.7039961444887,0.943003925156628,73.1369962205349,9.91343949869787,9.58763315308905,51.3928119324897,4.20458963585993,37.2341815493519,30.7951132820145,11.6897211046409,20.5076041702014,82.9893197819861,0,28.4964345489285,20.0263583747248,0,6.71148725931255,0,25.10797438985,50.752508566952,0,16.8522262305373,0,0,0,4.53718621084578,0
HERV_dup2907,chr7,92478033,92485008,-,6976,3.74944212632574,0,2.32004784831872,0,0,7.12047100587474,7.75169487216644,9.07737104061243,6.16905637368975,12.5249054730204,0,9.15680056096027,0,0,13.7188383459905,0,27.1911157896594,12.2528817447769,56.8775609875608,0,0,0.997252213979027,8.38257964510692,16.8226677928373,13.7404337165038,0,5.5993616480057,3.94101640021744,12.9964399769686,10.9126342555516,9.99204441833276,0,16.5766108725564,20.5786990995138,48.1587033352843,29.986359603229,3.18128713836675,2.08506087041223,9.43003925156628,10.4481423172193,3.30447983289929,12.6153067803803,12.5447021252534,11.7728509804078,0,0,0,0,0,0,20.724679671948,0,0,6.04033853338129,0,7.60847708783333,0,5.92615194020182,30.1566153599089,17.6238064322485,0,5.13019854698669,6.04958161446104,27.6566221411444
HERV_dup291,chr11,5158975,5167133,-,8159,0,14.453505932203,1.16002392415936,0.652693796879636,6.07230529278531,0.791163445097193,0,0,1.02817606228163,0,0,0,0,9.52307228792791,0,3.85282848552069,607.915660154528,0.437602919456318,14.2193902468902,13.3071747713982,2.69541888763566,0.249313053494757,1.67651592902138,0.909333394207423,0.65430636745256,0,0,11.1662131339494,0.764496469233446,8.18447569166366,4.28230475071404,0,16.5766108725564,2.93981415707339,1.45935464652377,0,0.318128713836675,0.695020290137411,4.71501962578314,0.696542821147952,0,0,0,0,0,2.0530075521343,0,0.603164828535336,1.88612090413605,1.65467897369926,12.9529247949675,5.00658959368119,19.0575542893277,0,0,1.141271563175,3.1720317854345,2.73514704932391,1.77391855058288,2.34984085763314,2.16279193411938,18.8107280056179,0.378098850903815,8.50972988958288
HERV_dup2914,chr7,97948903,97960343,-,11441,39.3691423264203,252.936353813553,127.60263165753,39.1616278127782,148.77147967324,42.7228260352484,118.213346800538,130.108984915445,51.4088031140813,43.2678552704342,24.4746413643307,42.9665257091212,75.8590427106489,86.7657697344543,67.5388964725684,82.8358124386948,27.1911157896594,79.6437313410499,2.03134146384146,154.363227348219,105.121336617791,15.9560354236644,147.533401753882,54.5600036524454,88.3313596060955,103.156134315846,105.454644370774,93.9275575385155,84.8591080849125,34.1019820485986,98.493009266423,24.8751406701339,82.883054362782,36.7476769634174,115.289017075378,55.5302955615352,219.508812547305,88.7309237075427,136.735569147711,92.6401952126776,139.614272939995,175.605070382894,112.092983506296,63.9097624650709,89.9240611003215,152.60689470865,61.4545338072548,119.426636049996,13.2028463289523,0,25.905849589935,18.7747109763045,88.9352533501958,59.0610878819504,481.926267440055,52.8789157604416,73.7497390113521,77.4958330641776,97.5655202820583,18.7987268610651,50.8256104518055,70.1127134754848,38.944181643093,69.1415553528609
HERV_dup2915,chr7,99723172,99729894,+,6723,3.74944212632574,7.22675296610152,8.12016746911552,4.56885657815745,0,22.9437399078186,29.0688557706242,7.56447586717702,6.16905637368975,3.41588331082376,39.1594261829291,12.6786469305604,70.0237317329067,22.2205020051651,26.382381434597,23.1169709131241,11.6533353384255,6.56404379184477,14.2193902468902,316.710759559278,0,4.23832190941087,0,0,0,9.85568162253304,18.6645388266857,5.91152460032615,8.40946116156791,19.0971099472152,8.56460950142808,5.70055307023901,0,2.93981415707339,1.45935464652377,5.55302955615352,7.63508913208019,11.5836715022902,16.502568690241,6.96542821147952,14.8701592480468,7.56918406822819,0.809335620984089,2.52275378151596,6.32278554611635,2.73734340284574,13.0256892308855,0,5.65836271240814,0,0,30.0395375620872,12.7050361928851,12.0806770667626,0,3.80423854391666,40.4434052642899,6.3820097817558,26.6087782587432,9.39936343053255,25.4128052259027,34.2013236465779,0,0
HERV_dup292,chr1,154045665,154054739,+,9075,43.118584452746,213.189212499995,17.4003588623904,1.30538759375927,98.6749610077612,4.74698067058316,58.1377115412483,25.7192179484019,18.5071691210693,285.795570338921,68.5289958201259,78.1849894051223,122.541530532587,124.858058886166,92.3383350210897,59.7188415255707,113.620019549648,11.8152788253206,152.350609788109,0,234.501443224302,34.4052013822764,21.794707077278,9.54800063917794,70.6650876848764,125.495679326921,41.0619854187084,11.8230492006523,3.82248234616723,128.223452502731,88.5009648480902,4.6640888756501,331.532217451128,213.136526387821,45.2399940422368,77.7424137861492,46.1286635063178,22.2406492843971,51.8652158836145,11.1446851383672,14.8701592480468,16.652204950102,55.4394900374101,129.501360784486,46.3670940048533,158.081581514341,50.0988047341751,97.1095373941891,39.608538986857,967.987199614066,51.81169917987,41.3043641478698,31.7625904822128,12.0806770667626,0,1.90211927195833,30.1343019616277,42.3947792645207,24.8348597081603,110.442520308757,66.505851974171,340.30317028345,59.7396184428028,120.199934690358
HERV_dup293,chr1,154671475,154679310,+,7836,1960.95823206836,523.93959004236,378.167799275951,984.262245694491,69.831510867031,1199.40378276735,315.881566040783,441.00894305642,84.3104371070933,15.9407887838442,445.438472830818,335.27977438593,52.51779879968,86.7657697344543,99.1977541940849,38.5282848552069,171.886696241776,107.212715266798,52.8148780598779,45.2443942227539,105.121336617791,27.4244358844233,51.9719937996629,95.4800063917794,160.305060025877,153.748633311515,50.3942548320513,104.436934605762,118.496952731184,55.9272505597017,124.186837770707,51.3049776321511,33.1532217451128,24.9884203351238,36.4838661630942,103.286349744455,72.2152180409251,51.89484833026,43.8496825197832,190.852732994539,81.7858758642574,43.9012675957235,76.0775483725044,39.5231425770833,146.829131015369,60.9058907133176,229.118533650961,71.776614595705,339.501762744488,0,5.181169917987,65.0856647178555,31.7625904822128,24.1613541335252,0,7.98890094222499,91.9889217776005,29.1749018594551,7.98263347762295,0,0,3.42013236465779,33.6507977304395,0
HERV_dup2934,chr8,119871435,119883619,-,12185,1.87472106316287,0,4.64009569663744,2.61077518751854,34.9157554335155,0,9.68961859020805,10.5902662140478,7.19723243597138,0,0,6.33932346528018,0,0,3.16588577215165,3.85282848552069,32.04667218067,0,0,0,0,7.47939160484271,11.7356115031497,18.6413345812522,0,1.31409088300441,0.933226941334283,5.91152460032615,6.11597175386757,2.72815856388789,0,0,13.2612886980451,0,0,2.22121182246141,18.7695941163638,2.78008116054964,14.1450588773494,18.8066561709947,1.65223991644965,3.53228589850649,10.1166952623011,6.72734341737589,0,0,3.00592828405051,1.80949448560601,0,0,0,0,0,3.35574362965627,33.938469538032,7.98890094222499,0,29.1749018594551,7.09567420233151,0,80.0233015624171,0,10.5867678253068,0
HERV_dup2936,chr8,12216461,12225988,-,9528,20.6219316947916,43.3605177966091,4.64009569663744,22.1915890939076,60.7230529278531,0.791163445097193,7.75169487216644,15.128951734354,11.3099366850979,0,4.89492827286613,69.028188844162,20.4235884220978,41.2666465810209,120.831306970454,3.85282848552069,0,8.75205838912637,65.0029268429267,79.8430486283893,5.39083777527132,56.0954370363203,23.4712230062994,0,32.0610120051754,88.7011346027974,27.0635812986942,7.88203280043487,24.846135250087,0,21.4115237535702,1.03646419458891,6.63064434902256,0,0,31.0969655144597,14.9520495503237,32.8976270665041,16.502568690241,0.696542821147952,7.4350796240234,26.7444503744063,16.9960480406659,2.52275378151596,1.40506345469252,15.0553887156515,0,29.5550765982315,20.7473299454965,0,0,15.0197687810436,34.9388495304341,7.3826359852438,386.898552733565,0,63.44063570869,4.55857841553986,0.886959275291439,0,0.540697983529845,6.84026472931559,0,0
HERV_dup2937,chr8,122829075,122836867,-,7793,0,21.6802588983046,0,3.26346898439818,0,2.37349033529158,13.5654660262913,5.29513310702392,0,15.9407887838442,0,0,0,0,8.970009687763,0,0,5.25123503347582,0,0,13.4770944381783,4.23832190941087,0,0,0,0,2.79968082400285,0,3.05798587693378,9.54855497360761,0,0,56.3604769666918,195.497641445381,18.971610404809,13.3272709347684,4.77193070755012,14.3637526628398,24.046600091494,2.08962846344386,11.5656794151475,23.716776747115,20.2333905246022,20.1820302521277,0.702531727346261,8.21203020853721,0,0,0,0,0,10.0131791873624,0,1.34229745186251,0,3.04339083513333,0,7.74958330641776,17.7391855058288,0,20.5465233741341,0,0,0
HERV_dup2939,chr8,12484489,12494262,-,9774,3.74944212632574,0,8.12016746911552,7.83232556255563,88.0484267453869,26.8995571333046,1.93792371804161,29.5014558819904,54.4933313009262,15.9407887838442,0,97.9073290748829,2.91765548887111,11.6393105741341,97.0871636793171,15.4113139420828,0,1.75041167782527,42.6581707406706,0,0,37.895584131203,31.8538026514063,13.6400009131113,124.318209815986,86.0729528367886,42.928439301377,19.7050820010872,14.9076811500522,13.6407928194394,52.8150919254732,17.6198913080115,96.1443430608272,1.4699070785367,40.8619301026655,14.4378768459991,1.2725148553467,11.815344932336,27.3471138295422,21.5928274555865,38.0015180783418,19.6798785773933,18.210051472142,18.5001943977837,12.6455710922327,19.8457396706316,35.0691633139226,22.9202634843428,15.0889672330884,0,0,23.7813005699857,0,12.7518257926938,88.2400207988833,49.4551010709166,46.7874688351589,6.83786762330979,6.20871492704007,0,41.0930467482683,15.3905956409601,43.1032690030349,20.2106084877594
HERV_dup2941,chr8,125987127,125994738,+,7612,13.1230474421401,0,8.12016746911552,7.179631765676,9.10845793917796,5.53814411568035,9.68961859020805,0,5.14088031140813,11.3862777027459,146.847848185984,57.0539111875217,2.91765548887111,22.2205020051651,13.7188383459905,5.77924272828103,18.4511142858403,9.18966130858268,26.407439029939,39.9215243141946,43.1267022021705,0,41.9128982255346,4.54666697103712,2.61722546981024,3.94227264901322,8.39904247200854,11.1662131339494,8.40946116156791,0,5.70973966761872,0,795.677321882707,276.342530764899,26.2683836374278,153.263615749837,172.425762899478,5.79183575114509,132.492051484506,10.4481423172193,6.60895966579858,135.236088685677,26.7080754924749,160.615324089849,283.120286120543,266.206645926748,9.68576891527385,82.0304166808057,303.665465565904,14.8921107632933,0,1.2516473984203,44.4676266750979,2.68459490372502,81.4523268912769,0,41.2364132106485,10.0288725141877,23.0609411575774,18.7987268610651,1.08139596705969,0,6.04958161446104,59.5681092270802
HERV_dup2942,chr8,126008502,126012155,+,3654,0,0,0,5.87424417191673,0,13.4497785666523,0,4.53868552030621,1.02817606228163,0,0,0,0,0,0,0,0,0,0,0,0,0,0,5.00133366814083,32.715318372628,0,6.53258858933998,3.28418033351453,0,0,0,0,0,0,0,17.7696945796913,32.4491288113408,28.9591787557254,2.82901177546988,14.627399244107,7.4350796240234,79.2241265807884,17.80538366165,18.5001943977837,0,0,15.0296414202525,16.2854503704541,0,0,0,0,0,1.34229745186251,0,0,0,0,0,0,0,0,12.8553609307297,0
HERV_dup2945,chr8,127431701,127437473,+,5773,0,0,5.8001196207968,5.22155037503709,0,3.16465378038877,0,4.53868552030621,1.02817606228163,2.27725554054917,0,0,0,0,8.44236205907105,0,0,13.5656905031459,0,0,0,3.98900885591611,0,0,0,0,3.73290776533713,9.19570493384068,0,21.8252685111031,0,0,0,0,0,0,12.0888911257936,3.24342802064125,19.3315804657109,11.8412279595152,0,0,4.04667810492045,5.04550756303192,8.43038072815514,0,2.003952189367,1.80949448560601,0,0,10.362339835974,0,0,4.02689235558753,0,2.28254312635,2.37902383907587,0,0,0,0,0,1.51239540361526,0
HERV_dup2949,chr8,131309579,131317223,+,7645,0,0,18.5603827865498,33.9400774377411,101.711113654154,17.4055957921383,19.3792371804161,8.32092345389472,2.05635212456325,5.69313885137293,0,16.2004933001605,0,0,24.2717909198293,0,0.971111278202122,3.93842627510687,0,0,37.7358644268992,5.48488717688465,0,16.3680010957336,31.4067056377229,0.657045441502203,8.39904247200854,36.1259836686598,1.52899293846689,1.36407928194394,2.85486983380936,0,0,44.0972123561009,0,6.66363546738422,10.1801188427736,0.926693720183214,21.6890902786024,11.1446851383672,15.6962792062716,3.02767362729128,11.7353665042693,12.6137689075798,16.8607614563103,0,10.6877450099574,5.42848345681802,24.5195717537686,0,2.5905849589935,0,34.9388495304341,14.7652719704876,0,7.22805323344166,11.8951191953794,44.6740684722906,15.0783076799545,31.7228515780474,0,10.2603970939734,1.51239540361526,0
HERV_dup2961,chr8,144858915,144868670,-,9756,29.9955370106059,93.9477885593197,47.5609808905337,28.0658332658244,112.337647916528,53.7991142666091,67.8273301314564,62.7851496975693,47.2960988649548,51.2382496623563,0,10.5655391088003,2.91765548887111,53.9640762982581,31.6588577215165,59.7188415255707,34.9600060152764,32.8202189592239,0,0,16.1725133258139,10.221835193285,25.1477389353208,45.9213364074749,19.6291910235768,13.7979542715463,41.0619854187084,46.6353607359063,53.5147528463412,55.9272505597017,7.1371745845234,17.101659210717,16.5766108725564,20.5786990995138,26.2683836374278,27.7651477807676,34.9941585220342,25.94742416513,58.9377453222892,102.391794708749,90.8731954047305,75.1872284110667,35.6107673232999,49.6141577031472,36.5316498220056,13.0023811635172,30.7272669036274,39.2057138547968,16.9750881372244,0,2.5905849589935,15.0197687810436,130.226620977072,48.9938569929816,0,87.8779103644749,66.6126674941245,37.3803430074268,77.1654569503552,17.6238064322485,82.7267914800664,17.100661823289,18.1487448433831,0
HERV_dup2962,chr8,144871551,144877827,+,6277,39.3691423264203,0,13.9202870899123,9.13771315631491,18.2169158783559,36.3935184744709,1.93792371804161,27.2321131218373,5.14088031140813,3.41588331082376,0,0,37.9295213553245,20.1042637189589,3.69353340084359,0,12.6244466166276,3.93842627510687,0,0,0,13.7122179422116,36.8833504384705,0.909333394207423,0,5.25636353201762,7.46581553067426,5.25468853362325,22.9348940770034,9.54855497360761,2.85486983380936,16.5834271134226,53.0451547921805,0,18.971610404809,17.7696945796913,14.633920836487,21.0822821341681,10.8445451393012,20.8962846344386,17.3485191227213,2.01844908486085,12.9493699357454,8.40917927171986,0,0,20.03952189367,1.20632965707067,0,0,2.5905849589935,47.5626011399713,41.2913676268766,4.02689235558753,0,3.80423854391666,32.5133258007036,6.3820097817558,15.0783076799545,32.8977720068639,0,0,0,0
HERV_dup2963,chr8,144950206,144959802,-,9597,59.9910740212118,0,41.7608612697369,9.79040695319454,200.386074661915,30.0642109136933,54.2618641051651,31.0143510554258,14.3944648719428,29.6043220271392,88.1087089115904,18.3136011219205,75.8590427106489,14.8136680034434,52.7647628691941,25.0433851558845,14.5666691730318,24.9433664090101,0,0,21.5633511010853,18.9477920656015,55.3250256577057,23.1880015522893,7.19737004197816,45.336135463652,59.7265242453941,24.9597705347104,38.2248234616723,25.9175063569349,19.9840888366655,58.5602269942735,0,7.34953539268349,56.9148312144269,37.7606009818439,49.3099506446846,53.9799092006722,31.1191295301687,36.2202266996935,50.3933174517142,62.0673093594712,65.5561852997112,26.9093736695036,18.9683566383491,39.0071434905517,20.7075059567924,19.3012745131307,16.9750881372244,339.209189608348,0,25.032947968406,0,23.4902054075939,0,21.684159700325,15.0671509808139,30.998333225671,25.7218189834517,35.2476128644971,5.40697983529845,17.100661823289,1.89049425451908,15.9557435429679
HERV_dup2964,chr8,145021244,145028842,-,7599,33.7449791369317,0,23.2004784831872,22.8442828907873,0,69.622383168553,25.1930083345409,16.6418469077894,45.2397467403915,7.9703943919221,0,18.3136011219205,0,0,60.6794772995732,9.63207121380172,0,31.0698072813986,0,63.8744389027114,0,34.1558883287817,23.4712230062994,121.396008126691,20.9378037584819,8.54159073952864,31.7297160053656,36.1259836686598,10.7029505692682,6.82039640971972,24.2663935873796,26.4298369620172,6.63064434902256,0,0,52.198477827843,83.0315943113721,198.775802979299,8.48703532640965,79.4058816108665,171.832951310763,143.814497296336,113.306986937772,33.6367170868794,4.21519036407757,0,56.1106613022761,3.01582414267668,0,0,20.724679671948,6.25823699210149,0,4.69804108151878,0,67.7154460817166,9.5160953563035,16.4108822959435,22.173981882286,23.4984085763314,0,20.5207941879468,3.02479080723052,53.185811809893
HERV_dup2966,chr8,145055669,145066696,+,11028,1025.47242155009,1391.14994597454,1013.86090971528,914.42400942837,956.388083613686,1178.83353319482,1052.29257889659,786.70549018641,753.653053652431,899.515938516922,1737.69953686748,912.862579000347,1417.98056759136,1464.43689405469,1161.35243075096,1198.22965899693,1149.79575339131,759.678668176169,1172.08402463652,817.06053096385,628.032600819108,1450.254032179,1356.3013865783,1367.63742488796,895.091110675102,1200.42202162452,791.376446251472,730.401706173631,767.172206875763,639.75318323171,913.558346818996,1104.35259933449,815.569254929775,893.703503750312,1428.70819894677,707.455965453958,633.076140534983,862.983526920618,1011.37170973048,1003.02166245305,623.720568459741,685.768076581474,685.507270973524,624.802019888786,981.436823102727,1277.65503327825,931.503776024096,779.892123296189,2376.51233921142,2574.68048307604,1816.00005625444,1544.53288965065,1797.76262129324,1290.6189999658,2178.84974434166,1594.35637375547,1191.09793543065,1276.85781419271,835.515637324536,941.111263482071,1472.32060915177,1838.32114600356,1760.42824980816,2148.70679711968
HERV_dup2967,chr8,17907211,17916624,-,9414,0,0,0,0,0,0,3.87584743608322,0.756447586717702,13.3662888096611,3.41588331082376,0,0,0,0,5.80412391561135,0,0,3.50082335565055,0,2.66143495427964,0,4.73694801640038,0,0,16.357659186314,7.22749985652423,13.06517717868,3.94101640021744,22.9348940770034,28.6456649208228,4.28230475071404,21.2475159890727,6.63064434902256,5.87962831414679,1.45935464652377,8.88484728984563,10.8163762704469,0.695020290137411,22.1605922411808,0.696542821147952,2.47835987467447,17.6614294925325,9.71202745180907,5.8864254902039,16.8607614563103,19.1614038199201,2.67193625248934,9.65063725656537,11.3167254248163,0,0,0,0,2.68459490372502,0,0.380423854391666,0,7.74958330641776,0,2.34984085763314,12.9767516047163,0,6.04958161446104,0
HERV_dup2972,chr8,24235858,24242918,+,7061,0,0,1.16002392415936,0,0,6.32930756077755,0,2.26934276015311,0,0,0,2.11310782176006,0,7.40683400172171,0,0,0,0,0,0,0,0,0,1.36400009131113,0,0,2.79968082400285,0,0,2.72815856388789,0,0,0,0,0,0,0.318128713836675,0,0,0,0,0,0,0.840917927171986,0,0,0,0,0,0,15.543509753961,10.0131791873624,0,0,0,0,0,0,0,0,4.32558386823876,0,3.40288965813434,0
HERV_dup2977,chr8,3238012,3243448,-,5437,26.2460948842802,36.1337648305076,2.32004784831872,27.4131394689447,0,0.791163445097193,3.87584743608322,3.78223793358851,19.5353451833509,7.9703943919221,0,0,0,0,10.0253049451469,7.70565697104138,0,1.31280875836895,0,0,0,0,6.70606371608554,2.27333348551856,5.88875730707304,15.1120451545507,13.9984041200142,22.3324262678988,3.82248234616723,0,15.7017840859515,9.84640984859466,23.207255221579,0,0,4.44242364492281,0.318128713836675,3.01175459059545,0.943003925156628,6.96542821147952,13.2179193315972,0,2.83267467344431,9.25009719889185,0,0,0.333992031561167,7.23797794242403,7.54448361654419,0,0,0,0,4.69804108151878,0,10.6518679229667,0,4.55857841553986,0,0,0,0,0,0
HERV_dup2978,chr8,35932163,35939350,+,7188,31.8702580737688,7.22675296610152,6.96014354495616,0,0,0,0,0,13.3662888096611,13.663533243295,0,0,32.0942103775822,0,22.1612004050615,5.77924272828103,0,1.31280875836895,0,348.647979010633,0,2.24381748145281,13.4121274321711,3.18266687972598,0,8.54159073952864,4.66613470667141,2.62734426681162,6.11597175386757,8.18447569166366,31.403568171903,12.4375703350669,9.94596652353384,0,0,0,0,0,0,0,0,0,0,0,5.62025381877009,0,0,0,0,0,0,0,0,0,0,0,0,0,2.66087782587432,0,0,3.42013236465779,0,0
HERV_dup2979,chr8,35951599,35960233,+,8635,0,0,5.8001196207968,1.95808139063891,0,0,0,1.5128951734354,19.5353451833509,5.69313885137293,0,4.22621564352012,0,0,1.05529525738388,0,0,11.8152788253206,0,0,0,0,0,15.4586677015262,0,0,47.5945740080484,21.018754134493,12.2319435077351,0,17.1292190028562,9.84640984859466,23.207255221579,0,0,0,2.22690099685672,0.231673430045803,4.24351766320482,0.696542821147952,4.13059979112411,0,0,1.68183585434397,7.02531727346261,0,0,3.01582414267668,15.0889672330884,0,0,0,0,1.34229745186251,0,0,0,0,0,0,0,0,0,0
HERV_dup2985,chr8,41587702,41601387,-,13686,0,28.9070118644061,0,0,0,9.49396134116632,9.68961859020805,6.80802828045932,10.2817606228163,0,0,0.70436927392002,0,0,22.1612004050615,13.4848996993224,0,0,0,0,0,0,0,1.81866678841485,0,0,4.66613470667141,2.62734426681162,15.6721776192856,5.45631712777578,4.28230475071404,0,9.94596652353384,0,0,13.3272709347684,0,0,0,5.57234256918361,1.65223991644965,15.6429804076716,13.7587055567295,2.52275378151596,0,0,0,1.80949448560601,0,0,18.1340947129545,0,0,0,0,0,0,4.55857841553986,15.9652669552459,12.9241247169823,0,0,10.208668974403,0
HERV_dup300,chr1,155616180,155626214,-,10035,0,25.2936353813553,5.8001196207968,7.83232556255563,0,7.91163445097193,1.93792371804161,18.9111896679426,27.7607536816039,13.663533243295,0,0,0,0,30.0759148354406,0,5.82666766921273,10.940072986408,8.12536585536583,0,0,9.47389603280076,20.1181911482566,6.82000045655567,6.5430636745256,0,23.3306735333571,23.6460984013046,18.3479152616027,15.0048721013834,2.85486983380936,12.4375703350669,13.2612886980451,8.81944247122018,94.8580520240448,43.3136305379974,7.63508913208019,6.25518261123669,16.502568690241,14.627399244107,35.5231582036674,28.2582871880519,47.7508016380613,18.5001943977837,33.7215229126205,0,2.003952189367,12.0632965707067,0,0,46.630529261883,15.0197687810436,0,6.71148725931255,0,19.0211927195833,4.75804767815175,22.3370342361453,16.8522262305373,22.3234881475148,0,0,3.40288965813434,1.06371623619786
HERV_dup3008,chr8,51288815,51299170,-,10356,0,0,2.32004784831872,0,0,11.0762882313607,0,1.5128951734354,5.14088031140813,4.55451108109834,0,22.5398167654407,0,38.0922891517116,3.16588577215165,40.4546990979672,2.91333383460636,9.627264228039,0,0,0,0,13.4121274321711,0.909333394207423,13.0861273490512,0,8.39904247200854,4.59785246692034,0,0,0,5.18232097294456,0,0,0,5.55302955615352,7.31696041824352,3.47510145068705,7.07252943867471,10.4481423172193,7.4350796240234,8.07379633944341,2.83267467344431,0.840917927171986,1.40506345469252,0,0.667984063122335,3.01582414267668,0,0,12.9529247949675,0,0,4.02689235558753,0,12.1735633405333,0,0,0,12.9241247169823,0,0,7.94007586898012,0
HERV_dup301,chr1,155626666,155635845,-,9180,104.984379537121,18.0668824152538,148.483062292398,136.413003547844,3.03615264639265,260.292773436977,94.9582621840389,128.596089742009,43.1833946158283,39.8519719596105,122.373206821653,130.308315675204,5.83531097774223,22.2205020051651,70.7047822447201,73.2037412248931,139.840024061106,84.0197605356131,32.5014634214633,37.260089359915,13.4770944381783,33.6572622217922,35.2068345094491,62.2893375032085,69.3564749499713,24.9677267770837,42.928439301377,60.4289181366673,53.8970010809579,73.660281224973,22.8389586704749,11.9193382377725,6.63064434902256,52.9166548273211,61.2928951539982,109.94998521184,173.380149040988,59.0767246616799,100.429918029181,500.814288405377,74.350796240234,78.214902038358,82.1475655298851,92.5009719889185,63.9303871885098,33.5324566848603,76.8181672590685,98.9190318797951,35.8362971785849,0,41.449359343896,91.3702600846818,206.456838134383,138.256637541839,0,65.0524791009749,100.712009187545,183.710710146256,151.670036074836,55.2212601543787,120.034952343626,133.385162221654,148.970947256103,134.02824576093
HERV_dup3013,chr8,53435276,53443086,-,7811,20.6219316947916,46.9738942796599,1.16002392415936,0,3.03615264639265,2.37349033529158,0,0,6.16905637368975,3.41588331082376,0,1.40873854784004,218.824161665333,13.7555488603403,0,0,8.74000150381909,0,0,0,0,0,0,0,0,3.94227264901322,0,1.97050820010872,0,0,0,0,82.883054362782,0,5.83741858609507,0,1.90877228302005,1.62171401032062,13.6735569147711,0,0,0,0,0,0.702531727346261,0,1.66996015780584,0,66.0142316447616,0,0,60.0790751241743,38.1151085786553,7.3826359852438,1323.60031198325,4.94551010709166,83.2658343676556,2.73514704932391,6.20871492704007,0,3.24418790117907,0,10.5867678253068,117.008785981765
HERV_dup3015,chr8,53482831,53488850,+,6020,0,0,0,0,0,0,0,1.5128951734354,0,0,0,0,0,0,0,0,0,0,0,0,0,0,0,0,0,0,3.73290776533713,7.88203280043487,0,0,0,0,0,0,0,0,0,0.926693720183214,0,0,0,0,0,0,4.91772209142383,0,0,2.41265931414134,0,0,0,45.0593063431307,0,93.2896729044444,0,158.636747281325,0,28.7190440179011,0,0,29.7383890941415,0,68.4358920135905,49.9946631012994
HERV_dup3016,chr8,53617095,53624085,+,6991,0,0,0,0,0,4.74698067058316,0,0.756447586717702,0,0,0,0,2.91765548887111,0,0,0,0,0,0,0,0,0,0,0,0,0,0,0,0,0,0,0,0,0,0,0,0,0,0,0,0,0,0,0,0,0,0,0,0,0,0,0,0,36.913179926219,0,82.5519764029916,0,25.9838969685772,6.20871492704007,0,0,0,31.7603034759205,49.9946631012994
HERV_dup302,chr1,155650288,155659631,-,9344,678.649024864959,1275.52189851692,1173.94421124927,938.573679912917,1452.79904129888,829.930453906956,1197.63685774972,775.358776385645,847.21707532006,1201.25229763969,1135.62335930494,1136.14763883299,1219.57999434813,1495.12234920468,1048.43583821089,855.327923785593,1644.09139399619,722.920022941838,676.436707459206,1554.27801329931,1064.69046061608,1682.61379803611,1721.78185910496,1197.13741347407,1112.9751310368,1701.0906480492,911.762721683594,786.889607910081,788.960356248916,728.418336558066,1046.30979409113,1876.00019220593,888.506342769023,915.752109928362,1268.17918782915,844.060492535334,746.329962660839,1226.94248552258,1315.01897363092,756.445503766676,730.290043070743,903.760577746446,997.50615286289,913.236868908777,597.151968244322,1070.30127051268,1190.01360845244,857.097221348712,1746.54795722998,1917.77293051744,1111.36094740821,1185.31008630402,1534.13312029088,668.46413102753,3135.91458531416,779.108053794133,626.476277623314,1025.22428565491,784.958958632924,1207.81820082343,1193.32044965037,1436.45559315627,1248.10430683349,997.765829553593
HERV_dup3020,chr8,55462026,55480563,+,18538,31.8702580737688,10.8401294491523,34.8007177247808,10.4431007500742,65.2772818974421,35.6023550293737,29.0688557706242,9.83381862733013,7.19723243597138,52.3768774326309,0,13.3830162044804,2.91765548887111,0,16.8847241181421,3.85282848552069,0,7.00164671130109,0,0,0,23.9340531354967,88.8553442381334,6.82000045655567,46.4557520891317,4.59931809051542,0,11.8230492006523,6.49821998848429,15.0048721013834,28.5486983380936,15.5469629188337,79.5677321882707,14.699070785367,7.29677323261883,4.44242364492281,21.9508812547306,17.3755072534353,26.8756118669639,7.66197103262747,6.60895966579858,16.652204950102,4.04667810492045,14.2956047619238,44.2594988228145,86.9106530403521,7.68181672590685,27.7455821126254,18.8612090413605,0,0,5.00658959368119,12.7050361928851,0.671148725931255,814.523268912768,16.7386495932333,0.793007946358625,2.73514704932391,0,0,68.1279459247605,0,30.626006923209,0
HERV_dup3031,chr8,60305358,60312325,-,6968,5.62416318948861,0,1.16002392415936,0,0,0.791163445097193,0,4.53868552030621,7.19723243597138,7.9703943919221,0,4.22621564352012,0,10.581191431031,7.91471443037911,0,0,0,0,0,75.4717288537984,0,0,0,0,0,15.8648580026828,0,4.9692270500174,6.82039640971972,0,10.3646419458891,3.31532217451128,7.34953539268349,1.45935464652377,1.1106059112307,2.5450297106934,0,0,0,0,4.54151044093692,0,4.20458963585993,6.32278554611635,0,0,0,0,0,2.5905849589935,0,0,0,0,11.0322917773583,0,0,0,16.448886003432,0,0,0,0
HERV_dup3033,chr8,62803499,62815666,+,12168,97.4854952844692,50.5872707627106,10.4402153174342,21.538895297028,0,71.9958735038446,17.4413134623745,7.56447586717702,6.16905637368975,33.020205337963,19.5797130914645,18.3136011219205,0,81.4751740189388,42.7394579240472,61.645255768331,0,17.9417196977091,6.09402439152438,282.112105153642,169.811389921046,6.48213939086368,23.4712230062994,4.54666697103712,7.19737004197816,28.2529539845947,9.33226941334283,15.1072295341668,8.02721292695118,47.742774868038,8.56460950142808,0,106.090309584361,113.182845047326,2.91870929304753,38.8712068930746,14.3157921226504,14.5954260928856,24.9896040166506,8.35851385377542,29.7403184960936,19.6798785773933,19.8287227141102,28.5912095238475,61.822792006471,45.1661661469546,23.0454501777205,19.9044393416661,9.43060452068023,86.0433066323614,62.174039015844,22.5296531715654,25.4100723857702,5.36918980745004,0,14.4561064668833,15.8601589271725,20.0577450283754,9.75655202820583,5.87460214408284,21.6279193411938,1.7100661823289,16.6363494397679,0
HERV_dup3037,chr8,65125700,65133506,-,7807,3.74944212632574,46.9738942796599,0,0,66.7953582206384,0,17.4413134623745,0,0,19.356672094668,0,0.70436927392002,2.91765548887111,0,0,0,0,0,0,0,0,0,0,0,0,0,0,0,0.382248234616723,0,0,0,0,0,0,1.1106059112307,1.90877228302005,1.15836715022902,7.54403140125302,1.3930856422959,4.13059979112411,0,4.85601372590454,0.840917927171986,0.702531727346261,14.3710528649401,1.66996015780584,0,15.0889672330884,0,5.181169917987,0,0,0.671148725931255,0,0,0,0,0,0,0.540697983529845,0,2.26859310542289,0
HERV_dup3044,chr8,7152780,7160826,-,8047,5.62416318948861,10.8401294491523,0,0,21.2530685247486,5.53814411568035,3.87584743608322,0,0,7.9703943919221,0,5.63495419136016,0,45.4991231534333,13.7188383459905,0,0,0,0,90.4887884455079,0,0,26.8242548643422,3.18266687972598,0,26.2818176600881,0,0,4.58697881540068,4.09223784583183,8.56460950142808,0,0,0,0,2.22121182246141,0,0,4.24351766320482,0,0,0,0,5.8864254902039,0,6.1590226564029,0,2.41265931414134,5.65836271240814,0,0,0,3.17625904822128,0,0,0.380423854391666,0,0,6.20871492704007,0,0,0,0,0
HERV_dup3050,chr8,7241363,7253747,-,12385,16.8724895684658,101.174541525421,156.603229761514,37.8562402190189,127.518411148491,8.70279789606913,96.8961859020805,10.5902662140478,11.3099366850979,38.7133441893359,24.4746413643307,26.0616631350408,84.6120091772623,46.5572422965364,8.970009687763,1.92641424276034,51.4688977447124,95.8350393609337,54.8462195237194,0,56.6037966403488,16.9532876376435,48.6189619416201,0.909333394207423,66.0849431127085,56.5059079691894,16.7980849440171,10.5093770672465,98.2377962964978,6.82039640971972,54.2425268423779,6.73701726482792,62.9911213157143,26.4583274136605,156.150947178043,5.55302955615352,176.879564893191,25.4840773050384,88.642368964723,11.8412279595152,2.47835987467447,114.042373294638,18.6147192826341,4.20458963585993,22.4810152750804,52.009524654069,13.3596812624467,52.4753400825742,77.3309570695779,0,142.482172744642,0,114.345325735966,93.9608216303757,6.7876939076064,29.67306064255,37.2713734788554,5.92615194020182,156.104832451293,5.87460214408284,30.2790870776713,82.0831767517871,24.576425308748,95.7344612578075
HERV_dup3063,chr8,7699907,7712286,-,12380,7.49888425265148,3.61337648305076,17.4003588623904,27.4131394689447,0,14.2409420117495,5.81377115412483,6.05158069374162,6.16905637368975,18.2180443243934,195.797130914645,8.45243128704025,0,11.6393105741341,16.8847241181421,5.77924272828103,0,7.43924963075741,26.407439029939,15.9686097256779,0,20.6929834400648,0,8.63866724497052,5.88875730707304,11.1697725055374,2.79968082400285,5.25468853362325,17.5834187923693,16.3689513833273,11.4194793352374,27.9845332539006,9.94596652353384,7.34953539268349,23.3496743443803,4.44242364492281,23.5415248239139,28.0324850355422,5.65802355093977,28.558255667066,7.4350796240234,42.8920430532931,14.9727089882057,8.40917927171986,44.9620305501607,15.739724566363,38.7430756610954,10.856966913636,0,0,0,12.516473984203,22.233813337549,14.0941232445564,0,15.5973780300583,7.13707151722762,2.73514704932391,32.8174931857832,7.04952257289941,51.3663084353353,11.9704632763023,3.78098850903815,2.12743247239572
HERV_dup3073,chr8,8017252,8027835,+,10584,0,0,31.3206459523027,0,0,0,0,0,0,4.55451108109834,0,0,0,0,0,0,0,13.5656905031459,0,0,0,2.24381748145281,0,0,17.0119655537666,0,0,0,0,21.8252685111031,0,0,0,0,0,0,11.770762411957,1.39004058027482,0,1.3930856422959,0,0,0,5.04550756303192,1.40506345469252,0,0,0,0,0,0,0,31.7625904822128,14.0941232445564,0,0,0,0,0,0,0,0,0.75619770180763,0
HERV_dup3100,chr8,91562246,91571972,+,9727,3.74944212632574,3.61337648305076,1.16002392415936,0,18.2169158783559,3.16465378038877,5.81377115412483,0,2.05635212456325,3.41588331082376,4.89492827286613,2.11310782176006,90.4473201550045,4.2324765724124,2.6382381434597,0,1.94222255640424,0,10.1567073192073,0,0,5.98351328387416,5.02954778706415,3.63733357682969,7.85167640943072,14.4549997130485,0,0.656836066702906,1.14674470385017,1.36407928194394,8.56460950142808,21.2475159890727,9.94596652353384,1.4699070785367,2.91870929304753,1.1106059112307,1.59064356918337,0.926693720183214,5.18652158836145,2.78617128459181,1.65223991644965,1.51383681364564,0.809335620984089,2.52275378151596,35.1265863673131,9.58070190996007,12.6916971993244,6.03164828535336,1.88612090413605,69.4965168953688,7.7717548769805,11.2648265857827,6.35251809644256,5.36918980745004,13.5753878152128,3.423814689525,2.37902383907587,5.47029409864783,7.98263347762295,1.17492042881657,47.0407245670966,0,1.89049425451908,0
HERV_dup3105,chr8,93947939,93966243,-,18305,324.326743927176,531.166343008462,262.165406860015,200.376995642048,435.687904757346,170.891304140994,290.688557706242,163.392678731024,193.297099708946,278.963803717273,342.644979100629,254.277307885127,271.341960465014,307.912670643002,201.033746531629,377.577191581027,335.033390979732,210.049401339033,434.707073262072,186.300446799575,479.784561999147,317.375517098825,497.925230919351,138.218675919528,317.338588214491,243.106813355815,158.648580026828,195.080311810763,213.676763150748,313.738234847107,202.695758200465,174.125984690937,235.387874390301,166.099499874647,496.180579818081,206.572699488911,233.188347242283,198.312456119208,232.921969513687,155.329049115993,141.266512856445,160.971314517653,165.104466680754,286.753013165647,263.449397754848,370.910031085597,283.22524276387,158.029185076258,260.284684770774,1100.36151751001,546.613426347628,595.784161648062,304.920868629243,183.894750905164,3074.8253401457,247.655929208975,338.614393095133,304.968895999617,344.140198813078,140.990451457988,289.273421188467,422.386347035238,164.851098994063,485.054603706224
HERV_dup3107,chr8,97175022,97180753,+,5732,58.116352958049,72.2675296610152,119.482464188414,45.6885657815745,265.663356559357,94.148449966566,232.550846164993,69.5931779780286,13.3662888096611,135.496704662676,161.532633004582,121.855884388164,303.436170842596,57.1384337275674,97.6148113080091,38.5282848552069,60.2088992485315,57.763585368234,28.4387804937804,308.726454696439,35.0404455392636,43.8790974150772,233.035714133972,41.3746694364377,94.2201169131686,132.066133741943,49.461027890717,26.2734426681162,33.6378446462716,53.1990919958138,8.56460950142808,8.80994565400575,46.4145104431579,11.7592566282936,43.780639395713,145.489374371222,246.549753223423,120.470183623818,198.973828208048,114.929565489412,28.9141985378688,168.540498585881,143.252404914184,52.9778294118351,122.943052285596,67.0649133697205,66.4644142806723,130.283602963633,171.63700227638,0,46.630529261883,76.3504913036382,53.9964038197617,61.0745340597442,0,75.7043470239416,115.779160168359,77.4958330641776,188.922325637077,25.8482494339645,149.773341437767,87.2133752987737,41.5908735994197,110.626488564577
HERV_dup3108,chr8,97200740,97206678,+,5939,0,0,15.0803110140717,17.6227325157502,0,12.6586151215551,5.81377115412483,5.29513310702392,9.25358456053463,19.356672094668,58.7391392743936,0,0,9.52307228792791,18.9953146329099,9.63207121380172,7.76889022561697,5.68883795293214,18.2820731745731,0,0,3.73969580242135,0,6.36533375945196,6.5430636745256,8.54159073952864,0,1.31367213340581,1.14674470385017,5.45631712777578,0,0,0,5.87962831414679,1.45935464652377,36.6499950706132,5.72631684906014,11.5836715022902,15.088062802506,13.2343136018111,0,5.04612271215213,4.04667810492045,15.9774406162677,0,0,0.333992031561167,8.4443075994947,39.608538986857,461.655433662093,0,0,3.17625904822128,4.02689235558753,0,0.760847708783333,0,16.8667401374975,9.75655202820583,9.39936343053255,0,0,0.378098850903815,0
HERV_dup3117,chr9,101504248,101512597,+,8350,5.62416318948861,0,18.5603827865498,15.0119573282316,0,3.16465378038877,9.68961859020805,3.78223793358851,6.16905637368975,9.10902216219668,0,4.22621564352012,0,0,6.85941917299523,0,9.71111278202122,16.6289109393401,0,0,0,16.9532876376435,30.1772867223849,5.45600036524454,15.7033528188614,0,5.5993616480057,17.0777377342756,5.73372351925085,0,0,24.3569085728394,0,0,0,0,5.40818813522347,2.54840773050384,14.1450588773494,6.96542821147952,0.826119958224823,0,0.404667810492045,0.840917927171986,3.51265863673131,0.684335850711434,4.34189641029518,2.41265931414134,0,0,0,0,0,8.05378471117506,0,15.5973780300583,6.344063570869,0,0,0,0,0,0,0
HERV_dup3118,chr9,102312920,102326199,+,13280,0,10.8401294491523,2.32004784831872,0,115.373800562921,3.16465378038877,7.75169487216644,0,11.3099366850979,0,0,7.74806201312023,0,0,21.6335527763696,5.77924272828103,7.76889022561697,13.5656905031459,16.2507317107317,0,26.9541888763566,8.22733076532698,35.2068345094491,12.7306675189039,14.3947400839563,13.1409088300441,37.3290776533713,19.7050820010872,19.4946599654529,19.0971099472152,68.5168760114247,9.84640984859466,69.6217656647369,0,1.45935464652377,7.77424137861492,1.90877228302005,0,0,0.696542821147952,0,2.01844908486085,0,0,4.21519036407757,0,0.333992031561167,15.0791207133834,0,0,0,0,0,0,74.6646329836704,3.04339083513333,0,0,3.54783710116576,2.34984085763314,21.087221357664,0,0,1.06371623619786
HERV_dup3124,chr9,112391941,112399397,-,7457,33.7449791369317,14.453505932203,70.7614593737209,7.83232556255563,0,32.4377012489849,0,25.7192179484019,4.1127042491265,30.7429497974138,0,42.9665257091212,0,34.9179317224023,37.9906292658197,17.3377281848431,3.88444511280849,17.5041167782527,4.06268292768292,0,45.8221210898062,12.4656526747378,93.8848920251975,15.4586677015262,64.7763303778034,40.7368173731366,21.4642196506885,7.88203280043487,14.9076811500522,13.6407928194394,18.5566539197608,46.1226566592066,13.2612886980451,17.6388849424404,14.5935464652377,59.972719206458,84.3041091667188,46.5663594392065,12.2590510270362,67.5646536513513,57.8283970757376,37.845920341141,65.5561852997112,30.2730453781915,13.348102819579,43.1131585948203,36.4051314401672,24.7297579699488,0,0,0,5.00658959368119,0,23.4902054075939,0,17.4994973020167,65.0266516014072,12.7640195635116,25.7218189834517,25.8482494339645,33.5232749788504,0,20.7954367997098,0
HERV_dup3131,chr9,121789868,121796786,+,6919,0,0,0,0,59.2049766046567,0,5.81377115412483,0,0,0,0,0,0,0,0,0,2.91333383460636,1.75041167782527,0,0,0,0,0,1.36400009131113,0,3.94227264901322,2.79968082400285,18.3914098676814,0,0,11.4194793352374,0,13.2612886980451,0,1.45935464652377,5.55302955615352,6.99883170440684,7.64522319151151,3.77201570062651,0,0,10.5968576955195,2.83267467344431,0.840917927171986,2.10759518203878,0,6.01185656810101,0,0,0,0,0,0,2.01344617779376,0,0,0,0,0,0,0,0,11.7210643780183,0
HERV_dup3137,chr9,131547253,131554472,+,7220,1.87472106316287,0,3.48007177247808,0,0,0,0,3.78223793358851,1.02817606228163,0,0,0,0,4.2324765724124,1.05529525738388,25.0433851558845,0,0,2.03134146384146,0,0,0,0,1.36400009131113,26.1722546981024,0.657045441502203,5.5993616480057,1.31367213340581,2.29348940770034,0,0,1.55469629188337,56.3604769666918,0,0,14.4378768459991,4.13567327987677,1.15836715022902,0,2.78617128459181,0,11.6060822379499,17.80538366165,10.0910151260638,1.40506345469252,18.4770679692087,2.33794422092817,23.5234283128781,0,0,10.362339835974,0,25.4100723857702,3.35574362965627,0,0,3.1720317854345,0,0.886959275291439,0,2.16279193411938,0,0,0
HERV_dup314,chr11,5928774,5938480,+,9707,18.7472106316287,57.8140237288121,2.32004784831872,0.652693796879636,0,4.74698067058316,31.0067794886658,0,4.1127042491265,7.9703943919221,0,24.6529245872007,78.7766981995201,17.9880254327527,2.11059051476776,9.63207121380172,14.5666691730318,7.43924963075741,0,0,16.1725133258139,9.47389603280076,1.67651592902138,0,14.3947400839563,1.31409088300441,9.33226941334283,0.656836066702906,7.64496469233446,9.54855497360761,4.28230475071404,0,3.31532217451128,2.93981415707339,2.91870929304753,0,4.13567327987677,1.85338744036643,0.471501962578314,0.696542821147952,2.47835987467447,2.01844908486085,0,4.20458963585993,0,1.36867170142287,0,13.8727910563127,9.43060452068023,0,2.5905849589935,46.310953741551,0,3.35574362965627,0,5.32593396148333,0,7.74958330641776,0,0,1.62209395058954,10.2603970939734,10.9648666762106,0
HERV_dup3140,chr9,133076137,133083466,-,7330,31.8702580737688,36.1337648305076,75.4015550703584,24.1496704845465,206.4583799547,184.341082707646,60.0756352592899,53.7077786569569,20.5635212456325,52.3768774326309,68.5289958201259,33.809725148161,93.3649756438756,27.5110977206806,24.7994385485212,5.77924272828103,6.79777894741485,45.5107036234571,18.2820731745731,106.457398171186,97.0350799548837,17.451913744633,16.7651592902138,169.590678019684,19.6291910235768,75.5602257727533,12.1319502373457,24.9597705347104,23.6993905462368,5.45631712777578,9.99204441833276,17.101659210717,59.6757991412031,60.2661902200046,37.9432208096179,73.2999901412264,90.6666834434523,47.9564000194813,78.2693257880001,277.224042816885,54.5239172428383,90.3255965475231,92.2642607921862,58.023336974867,48.474689186892,0.684335850711434,42.7509800398294,28.9519117696961,64.1281107406256,0,7.7717548769805,15.0197687810436,9.52877714466384,27.5170977631814,33.938469538032,81.7911286942083,11.8951191953794,8.20544114797174,71.8437012986066,11.7492042881657,1.62209395058954,27.3610589172624,10.9648666762106,68.0778391166631
HERV_dup3143,chr9,135437085,135444291,-,7207,13.1230474421401,0,15.0803110140717,37.2035464221393,118.409953209313,14.2409420117495,0,19.6676372546603,31.8734579307304,11.3862777027459,0,10.5655391088003,32.0942103775822,0,10.5529525738388,0,11.6533353384255,31.5074102008549,36.5641463491463,0,5.39083777527132,14.9587832096854,72.0901849479195,35.4640023740895,0,38.76568104863,23.3306735333571,19.0482459343843,24.4638870154703,16.3689513833273,24.2663935873796,20.2110517944838,62.9911213157143,1.4699070785367,0,2.22121182246141,15.9064356918337,8.57191691169473,12.7305529896145,2.78617128459181,19.8268789973957,18.6706540349629,25.0894042505068,16.8183585434397,10.5379759101939,0,4.67588844185634,5.42848345681802,0,0,0,3.75494219526089,0,9.39608216303757,0,5.706357815875,10.3091033026621,0,12.4174298540801,0,18.3837314400147,0,2.26859310542289,0
HERV_dup3148,chr9,21922276,21931725,+,9450,29.9955370106059,7.22675296610152,12.760263165753,9.79040695319454,0,36.3935184744709,7.75169487216644,42.3610648561913,15.4226409342244,1.13862777027459,0,19.0179703958406,0,0,16.8847241181421,9.63207121380172,0,36.7586452343307,0,0,0,5.48488717688465,3.35303185804277,61.8346708061048,6.5430636745256,2.62818176600881,5.5993616480057,18.3914098676814,35.1668375847385,24.553427074991,18.5566539197608,11.401106140478,6.63064434902256,23.5185132565872,0,33.3181773369211,9.86199012893691,5.56016232109928,12.7305529896145,45.9718261957648,45.4365977023652,22.7075522046846,8.49802402033294,34.4776350140514,4.91772209142383,26.6890981777459,4.34189641029518,7.84114277095937,35.8362971785849,0,0,3.75494219526089,22.233813337549,6.71148725931255,0,52.8789157604416,0,20.9694607114833,14.191348404663,17.6238064322485,16.7616374894252,15.3905956409601,9.83057012349919,0
HERV_dup3154,chr9,2509233,2514932,+,5700,0,0,0,0,0,0,7.75169487216644,0,7.19723243597138,1.13862777027459,0,3.5218463696001,0,1.0581191431031,1.58294288607582,0,0,0,0,0,0,0,0,0,0,0,0,1.97050820010872,0,0,0,0,3.31532217451128,0,0,1.1106059112307,0,0,0,1.3930856422959,0,0,0,0,0,0,0,1.80949448560601,0,0,12.9529247949675,0,0,0,0,10.6518679229667,0,0,0,0,0,0,0.75619770180763,0
HERV_dup3171,chr9,33792959,33804510,+,11552,622.407392970073,195.122330084741,680.934043481544,334.179224002374,338.531020072781,150.321054568467,701.528385931063,492.447378953224,884.231413562198,728.721772975735,269.221055007637,111.290345279363,151.718085421298,100.521318594795,516.039380860718,163.745210634629,40.7866736844891,347.456718048317,270.168414690914,572.208515170123,32.3450266516279,1071.54750392046,628.693473383019,388.28535932657,269.574223390455,517.751807903736,447.015704899121,396.072148221852,514.888372028726,326.014948384603,483.900436830687,651.935978396425,33.1532217451128,30.8680486492706,107.992243842759,63.3045369401501,181.651495600741,102.167982650199,106.559443542699,167.866819896656,239.574787885199,115.556210108284,345.181642349714,262.36639327766,54.7974747330084,86.2263171896407,203.401147220751,224.98048104368,260.284684770774,195.252118896512,139.891587785649,92.6219074831021,60.3489219162043,73.1552111265068,169.69234769016,359.120118545733,130.053303202814,108.494166289849,32.8174931857832,1096.20076008586,22.1686173247237,140.22542695097,99.4399977877034,4.25486494479144
HERV_dup3174,chr9,35016474,35025461,-,8988,168.724895684658,126.468176906777,412.968517000732,278.047557470725,749.929703658985,389.252414987819,298.440252578408,275.346921565244,174.789930587876,444.064830407088,318.170337736299,231.033121845767,250.918372042916,154.485394893053,585.161220219362,127.143340022183,156.348915790542,357.521585195812,280.325122010121,1112.47981088889,145.552619932326,233.107705017598,357.097892881555,266.889351199879,211.340956687177,226.68067731826,610.330419632621,465.039935225657,220.174983139232,264.631380697125,304.043637300697,413.030981543681,242.018518739324,192.557827288307,299.167702537372,256.549965494292,465.740437056892,436.70441563634,335.237895393181,351.057581858568,504.759294475367,405.203653785816,490.052718505866,270.775572549379,193.196225020222,218.987472227659,346.015744697369,130.283602963633,394.199268964434,244.89248810749,119.166908113701,281.620664644567,276.334537195251,111.410688504588,6.7876939076064,203.14633824515,147.499478022704,151.344803395923,288.261764469718,225.584722332781,200.598951889573,159.036154956587,56.3367287846685,286.139667537225
HERV_dup3179,chr9,40747006,40755329,-,8324,0,0,3.48007177247808,2.61077518751854,0,0,0,12.8596089742009,1.02817606228163,0,0,0,0,21.162382862062,5.80412391561135,1.92641424276034,13.5955578948297,3.06322043619423,0,0,2.69541888763566,4.98626106989514,28.5007707933635,0,0,5.91340897351982,9.33226941334283,14.4503934674639,3.05798587693378,0,0,0,0,0,0,6.66363546738422,21.3146238270572,46.7980328692523,9.43003925156628,30.6478841305099,16.5223991644965,40.368981697217,24.6847364400147,2.52275378151596,7.72784900080887,0,16.031617514936,2.41265931414134,0,0,0,0,0,1.34229745186251,0,9.51059635979166,1.58601589271725,0,0,0,0,0,7.18387816717249,0
HERV_dup3181,chr9,64870613,64878934,-,8322,5.62416318948861,0,0,0,0,7.91163445097193,0,10.5902662140478,0,0,0,0,0,0,0,3.85282848552069,0,4.37602919456318,0,0,0,0,0,38.1920025567118,0,0,6.53258858933998,11.8230492006523,2.67573764231706,0,0,0,19.8919330470677,0,0,1.1106059112307,41.038604084931,14.3637526628398,11.3160471018795,75.2266246839788,23.131358830295,15.1383681364564,12.9493699357454,0.840917927171986,11.9430393648864,0.684335850711434,30.0592828405051,0,0,0,15.543509753961,0,0,0,0,0,0,5.47029409864783,10.6435113034973,0,0,0,0.378098850903815,26.5929059049465
HERV_dup3182,chr9,69404567,69410269,-,5703,0,0,2.32004784831872,2.61077518751854,0,3.95581722548597,0,2.26934276015311,4.1127042491265,3.41588331082376,0,0,0,19.0461445758558,1.05529525738388,0,36.9022285716806,0,0,5.32286990855929,0,0,15.0886433611925,11.3666674275928,0,0,0,0,0,2.72815856388789,0,0,0,0,4.3780639395713,9.99545320107633,5.72631684906014,4.17012174082446,0,21.5928274555865,2.47835987467447,0.504612271215213,4.45134591541249,10.9319330532358,5.62025381877009,2.73734340284574,0.667984063122335,2.41265931414134,0,0,0,0,0,2.01344617779376,0,0,14.2741430344552,23.7046077608073,5.32175565174863,16.448886003432,0,0,3.78098850903815,0
HERV_dup3187,chr9,7785527,7791624,-,6098,0,0,16.240334938231,10.4431007500742,13.6626869087669,42.7228260352484,1.93792371804161,36.3094841624497,45.2397467403915,40.9905997298851,0,11.2699083827203,142.965118954685,8.46495314482481,58.0412391561135,25.0433851558845,0,26.6937780868354,0,0,10.7816755505426,54.1009326083622,33.5303185804277,103.664006939646,9.8145955117884,23.6536358940793,53.1939356560541,24.3029344680075,19.8769082000696,36.8301406124865,17.1292190028562,38.8674072970842,16.5766108725564,7.34953539268349,13.1341918187139,19.9909064021527,17.4970792610171,17.6071806834811,29.2331216798555,59.2061397975759,19.0007590391709,25.7352258319759,14.9727089882057,44.5686501401153,32.316459457928,6.1590226564029,7.34782469434568,22.9202634843428,11.3167254248163,0,20.724679671948,13.7681213826233,0,14.7652719704876,0,77.2260424415083,45.2014529424416,18.6901715037134,12.4174298540801,56.3961805831953,10.8139596705969,35.9113898289068,19.6611402469984,61.6955416994759
HERV_dup3189,chr9,80137336,80145478,+,8143,1.87472106316287,0,0,0.652693796879636,0,0,0,0,0,0,0,0,0,0,23.2164956624454,0,2.91333383460636,0,22.344756102256,0,0,7.47939160484271,0,0,2.61722546981024,3.28522720751101,0,11.1662131339494,0,1.36407928194394,15.7017840859515,1.03646419458891,0,5.87962831414679,0,2.22121182246141,0,0,0.471501962578314,0,0,0,2.83267467344431,0.840917927171986,21.7784835477341,0,0,3.01582414267668,0,0,0,0,0,0,0,0,34.0993416934209,0,2.66087782587432,0,0,0,0,0
HERV_dup3196,chr9,85369919,85376955,-,7037,1.87472106316287,0,44.0809091180557,31.3293022502225,0,11.8674516764579,0,65.0544924577224,297.14288199939,10.2476499324713,0,32.4009866003209,0,27.5110977206806,51.7094676118102,0,0,73.5172904686615,58.9089024514023,0,0,93.7417081140286,0,19.5506679754596,32.0610120051754,17.7402269205595,143.71694896548,200.335000344386,23.3171423116201,21.8252685111031,38.5407427564264,119.193382377725,33.1532217451128,0,0,104.396955655686,69.3520596163951,331.061331535453,10.3730431767229,25.0755415613263,333.752463122828,184.688091264768,503.002088441611,99.2283154062943,25.9936739118117,106.756392710984,194.717354400161,29.5550765982315,0,0,2.5905849589935,0,0,1.34229745186251,0,0,0,0,0,0,0,0,0,0
HERV_dup3198,chr9,85880976,85884080,+,3105,24.3713738211173,18.0668824152538,23.2004784831872,39.1616278127782,16.6988395551596,56.1726046019007,50.3860166690819,48.4126455499329,13.3662888096611,51.2382496623563,0,61.9844961049618,0,34.9179317224023,32.7141529789003,1.92641424276034,0,36.7586452343307,0,39.9215243141946,51.2129588650775,31.4134447403394,83.8257964510692,41.3746694364377,74.5909258895918,25.6247722185859,29.863262122697,47.9490328693121,53.8970010809579,34.1019820485986,22.8389586704749,23.3204443782505,16.5766108725564,47.0370265131743,32.1058022235229,39.9818128043053,67.1251586195383,27.8008116054964,61.7667570977591,112.14339420482,43.7843577859156,66.1042075291929,20.2333905246022,45.4095680672872,30.2088642758892,32.8481208341488,30.0592828405051,33.7772303979788,39.608538986857,0,0,27.5362427652466,22.233813337549,28.1882464891127,0,56.6831543043583,28.5482860689105,20.0577450283754,97.5655202820583,106.917759022308,27.0348991764923,70.1127134754848,36.2974896867662,62.7592579356738
HERV_dup321,chr1,160690785,160700016,+,9232,20.6219316947916,0,4.64009569663744,0.652693796879636,3.03615264639265,9.49396134116632,0,3.78223793358851,4.1127042491265,6.83176662164751,0,0,0,0,1.58294288607582,7.70565697104138,0,11.8152788253206,0,0,0,0,8.38257964510692,15.0040010044225,0,11.1697725055374,9.33226941334283,1.31367213340581,2.67573764231706,0,1.42743491690468,0,49.7298326176692,23.5185132565872,59.8335405074744,13.3272709347684,8.90760398742689,7.87689662155732,2.82901177546988,32.0409697728058,49.5671974934894,8.57840861065862,7.2840205888568,10.0910151260638,2.10759518203878,0,11.6897211046409,6.03164828535336,45.2669016992651,0,0,7.50988439052179,0,12.7518257926938,0,0,0,0,7.98263347762295,15.2739655746154,0,15.3905956409601,4.53718621084578,19.1468922515615
HERV_dup3210,chr9,92071888,92078398,+,6511,11.2483263789772,0,0,2.61077518751854,0,8.70279789606913,0,15.128951734354,9.25358456053463,11.3862777027459,0,0,0,11.6393105741341,24.7994385485212,7.70565697104138,0,7.00164671130109,0,0,0,0,0,33.6453355856747,11.7775146141461,0,20.5309927093542,11.1662131339494,15.2899293846689,8.18447569166366,8.56460950142808,0,3.31532217451128,0,0,18.880300490922,4.77193070755012,15.290446383023,0,65.4750251879075,17.3485191227213,40.8735939684322,30.3500857869033,24.3866198879876,28.8038008211967,8.21203020853721,0,0,0,0,0,0,0,2.01344617779376,0,7.98890094222499,0,11.8523038804036,10.6435113034973,2.34984085763314,0,0,0,0
HERV_dup3212,chr9,93347572,93353337,+,5766,24.3713738211173,0,1.16002392415936,14.359263531352,0,10.2851247862635,0,7.56447586717702,20.5635212456325,3.41588331082376,0,14.7917547523204,23.3412439109689,0,6.85941917299523,0,129.157800000882,17.0665138587964,0,79.8430486283893,0,5.48488717688465,0,19.5506679754596,0,21.0254541280705,18.6645388266857,757.988820975153,6.49821998848429,1.36407928194394,0,5.18232097294456,26.5225773960902,0,0,7.77424137861492,0,3.70677488073286,0,4.87579974803566,13.2179193315972,3.53228589850649,1.61867124196818,0.840917927171986,7.02531727346261,2.73734340284574,11.3557290730797,1.80949448560601,0,0,0,6.25823699210149,0,4.02689235558753,0,3.04339083513333,0,0,0,12.9241247169823,0,0,1.13429655271145,0
HERV_dup3215,chr9,94539871,94551932,+,12062,14.997768505303,0,11.6002392415936,0,0,18.9879226823326,0,3.02579034687081,16.450816996506,1.13862777027459,0,0,14.5882774443556,0,4.22118102953553,0,0,10.5024700669516,0,0,0,0,0,22.7333348551856,0,0,0.933226941334283,26.2734426681162,7.64496469233446,4.09223784583183,14.2743491690468,0,33.1532217451128,0,0,0,0.318128713836675,0,0,2.08962846344386,3.30447983289929,5.55073498336734,4.04667810492045,3.36367170868794,0,41.060151042686,0,0,0,0,0,0,0,0,0,0,0,0,0,21.1485677186982,0,0,0,0
HERV_dup3217,chr9,97214681,97224692,+,10012,0,39.7471413135584,0,0.652693796879636,0,10.2851247862635,0,6.80802828045932,4.1127042491265,10.2476499324713,53.8442110015275,5.63495419136016,0,0,5.27647628691941,0,153.435581955935,7.87685255021373,2.03134146384146,31.9372194513557,0,0,0,0,0,0,6.53258858933998,532.694050096057,6.11597175386757,2.72815856388789,1.42743491690468,0,29.8378995706015,0,20.4309650513327,3.33181773369211,0,2.54840773050384,9.43003925156628,12.5377707806631,23.9574787885199,6.55995952579777,10.5213630727932,12.6137689075798,4.21519036407757,0,0,16.8886151989894,0,0,0,1.2516473984203,0,4.69804108151878,0,0,0,0,0,10.5742838593491,0,0,0,0
HERV_dup3219,chr9,99669767,99677071,+,7305,0,0,2.32004784831872,0,0,7.12047100587474,0,3.02579034687081,2.05635212456325,0,0,0,0,0,0,0,1.94222255640424,0,0,0,0,0,0,0,0,0.657045441502203,10.2654963546771,21.6755902011959,0,0,0,0,0,0,48.1587033352843,1.1106059112307,0,0,6.12952551351808,0.696542821147952,0.826119958224823,6.05534725458256,0.809335620984089,1.68183585434397,0,0,0,0,0,0,0,8.76153178894209,0,1.34229745186251,0,0,0,0,0,0,0,0,0.378098850903815,0
HERV_dup3220,chrX,100567908,100577227,-,9320,13.1230474421401,25.2936353813553,6.96014354495616,0,34.9157554335155,11.8674516764579,17.4413134623745,2.26934276015311,0,1.13862777027459,0,7.74806201312023,26.25889939984,9.52307228792791,7.91471443037911,17.3377281848431,0,1.31280875836895,0,0,18.8679322134496,7.23007855134795,1.67651592902138,2.27333348551856,13.0861273490512,1.31409088300441,3.73290776533713,0,0.382248234616723,23.189347793047,2.85486983380936,0,3.31532217451128,4.40972123561009,30.6464475769991,5.55302955615352,0,0,9.90154121414459,0,4.13059979112411,4.54151044093692,0,0.840917927171986,19.6708883656953,0,6.01185656810101,5.42848345681802,58.4697480282174,52.9497271583762,10.362339835974,16.2714161794639,22.233813337549,6.71148725931255,47.5138573532448,1.141271563175,7.13707151722762,9.5730146726337,0,9.39936343053255,56.7732882706338,42.7516545582224,5.67148276355723,253.164464215091
HERV_dup3226,chrX,103760985,103765845,-,4861,191.221548442613,263.776483262705,549.851340051536,190.586588688854,2843.35695334672,515.047402758273,773.231563498603,292.745216059751,237.508670387056,523.768774326309,920.246515298833,310.626849798729,1452.99243345781,647.568915579098,425.283988725704,481.603560690086,574.897876695656,229.741532714567,593.151707441706,2030.67487011537,547.170034190039,268.260845560358,1312.71197242374,163.225344260232,454.088619012076,633.391805608123,485.278009493827,333.672721885076,414.739334559144,545.631712777577,606.659839684489,301.611080625373,676.325723600301,114.652752125862,735.514741847978,252.10754184937,537.63752638398,276.618075474689,1016.08672935627,272.348243068849,336.230822997503,339.604058527838,432.185221605504,291.798520728679,394.120299041253,747.294748976886,377.410995664119,196.631734102519,675.231283680705,549.353419268154,235.743231268408,234.058063504596,355.741013400783,41.6112210077378,162.904653782554,96.6276590154833,866.757685369977,292.204876436105,424.853492864599,89.2939525900592,506.093312583935,374.504493930028,23.0640299051327,176.576895208845
HERV_dup3227,chrX,104885396,104889672,+,4277,33.7449791369317,0,8.12016746911552,0,0,0.791163445097193,83.3307198757893,3.78223793358851,2.05635212456325,15.9407887838442,303.4855529177,11.9742776566403,0,26.4529785775775,14.7741336033743,0,0,0,16.2507317107317,0,0,4.73694801640038,11.7356115031497,12.7306675189039,3.92583820471536,11.1697725055374,4.66613470667141,9.19570493384068,19.4946599654529,4.09223784583183,27.1212634211889,15.0287308215392,46.4145104431579,0,81.7238602053309,7.77424137861492,2.22690099685672,0,0.471501962578314,0,0,2.01844908486085,0,2.52275378151596,37.2341815493519,17.7927321184973,2.33794422092817,3.01582414267668,22.6334508496326,0,0,21.2780057731451,63.5251809644256,6.04033853338129,0,9.51059635979166,0,14.5874509297275,0,0,0,0,11.7210643780183,23.4017571963529
HERV_dup3231,chrX,10785753,10801829,-,16077,0,14.453505932203,0,0,53.1326713118714,4.74698067058316,1.93792371804161,1.5128951734354,0,2.27725554054917,127.268135094519,7.74806201312023,0,0,12.1358954599146,157.965967906348,258.315600001764,4.37602919456318,42.6581707406706,0,64.6900533032558,5.23557412338989,0,5.45600036524454,0,0,0.933226941334283,0,1.14674470385017,5.45631712777578,0,12.9558024323614,0,0,59.8335405074744,0,2.5450297106934,2.78008116054964,6.60102747609639,0,2.47835987467447,4.54151044093692,2.83267467344431,3.36367170868794,12.6455710922327,35.5854642369946,8.68379282059035,0,7.54448361654419,0,10.362339835974,17.5230635778842,31.7625904822128,0,576.953982146544,4.18466239830833,34.0993416934209,2.27928920776993,9.75655202820583,0,7.02907378588799,76.9529782048004,2.26859310542289,31.9114870859358
HERV_dup3239,chrX,111670290,111675965,-,5676,5.62416318948861,0,8.12016746911552,2.61077518751854,57.6869002814604,13.4497785666523,3.87584743608322,7.56447586717702,0,3.41588331082376,0,0,122.541530532587,0,0,15.4113139420828,0,0.875205838912637,0,0,0,0,15.0886433611925,9.09333394207423,0,0,12.1319502373457,0,0,0,9.99204441833276,0,0,36.7476769634174,0,2.22121182246141,16.5426931195071,0,28.2901177546988,16.0204848864029,19.0007590391709,1.00922454243043,3.6420102944284,16.8183585434397,0,0,1.66996015780584,0,0,0,2.5905849589935,0,0,0.671148725931255,319.021613657501,0,0,0,2.66087782587432,2.34984085763314,53.5291003694547,0,12.8553609307297,0
HERV_dup3248,chrX,114466825,114477127,+,10303,7.49888425265148,0,0,20.8862015001484,0,0,0,6.05158069374162,0,5.69313885137293,53.8442110015275,0,0,0,11.0806002025308,7.70565697104138,597.233436094305,25.3809693284665,10.1567073192073,417.845287821904,45.8221210898062,0,0,0,54.3074284985625,5.91340897351982,18.6645388266857,2758.7114801522,10.3207023346515,0,0,0,36.4685439196241,1.4699070785367,39.4025754561417,0,0,1.15836715022902,0,0.696542821147952,13.2179193315972,1.00922454243043,0.809335620984089,0,0,0,4.34189641029518,0,0,0,0,0,0,0,0,0.380423854391666,0,7.29372546486377,4.4347963764572,0,4.32558386823876,5.13019854698669,0,0
HERV_dup3251,chrX,115537908,115545511,-,7604,73.1141214633519,46.9738942796599,18.5603827865498,0,104.747266300547,3.95581722548597,15.5033897443329,4.53868552030621,10.2817606228163,14.8021610135696,9.78985654573227,7.04369273920021,0,62.4290294430829,63.3177154430329,48.1603560690086,42.7288962408933,26.6937780868354,34.5328048853048,5.32286990855929,64.6900533032558,1.49587832096854,3.35303185804277,6.82000045655567,43.8385266193215,28.9099994260969,25.1971274160256,19.7050820010872,14.1431846808188,49.106854149982,59.9522665099966,13.4740345296558,19.8919330470677,32.3379557278073,40.8619301026655,16.6590886684605,12.0888911257936,3.93844831077866,11.7875490644578,1.3930856422959,25.6097187049695,9.08302088187383,12.5447021252534,14.2956047619238,1.40506345469252,54.0625322062033,9.01778485215152,6.63481311388869,0,95.971380474557,18.1340947129545,23.7813005699857,15.8812952411064,4.69804108151878,0,6.46720552465833,0,21.4253185530373,11.5304705787887,16.448886003432,14.058147571776,44.4617207405513,11.3429655271145,28.7203383773422
HERV_dup3252,chrX,115916386,115924021,-,7636,1694.74784109923,3244.81208177958,1371.14827835636,430.12521214368,6158.8356432075,2068.10124548406,2697.58981551392,658.865848031119,445.200234967944,1902.64700412883,3901.25783347431,2156.07434746918,3057.70295233693,3236.78645875238,2434.56615878462,1361.97486963156,1931.54033234402,1046.74618333951,3829.07865934115,6693.5089100133,3140.16300409554,657.937148172663,2509.74434574501,667.905378045352,2625.07714621967,2664.31926529143,1394.24105035342,1199.38265779951,1607.73607479794,2421.2407254505,2373.82426681248,1710.1659210717,6421.77905202835,1566.92094572012,2772.77382839516,2476.65118204447,2355.74312596058,806.223536559396,3348.60693823118,338.519811077905,859.99087651204,1415.43742075867,1496.05689538909,1226.05833781676,2675.94334946191,3813.11936016411,1215.06301081953,1717.2102668401,3779.78629188864,2692.16269020869,1689.06139326376,917.457543042079,917.93886493595,83.8935907414069,3251.30538174347,443.193790366291,1149.86152222001,646.862277165106,581.845284591184,753.12399487142,780.227190233567,646.405016920323,170.900680608524,1132.85779155072
HERV_dup3266,chrX,118884537,118892284,+,7748,198.720432695264,563.686731355918,186.763851789657,41.7724030002967,593.567842369764,114.718699539093,341.074574375324,202.727953240344,37.0143382421385,280.102431487548,1497.84805149704,441.639534747853,898.637890572303,503.664712117076,232.692604253146,34.6754563696862,356.397839100179,108.087921105711,229.541585414085,734.556047381181,350.404455392635,65.569333069121,281.654676075593,68.2000045655567,144.601707207016,203.684086865683,69.0587936587369,223.981098745691,75.6851504541112,162.325434551329,245.518805707605,103.128187361597,1239.93049326722,611.481344671266,849.344404276832,545.307502414275,404.023466572577,160.318013591696,660.574249572218,96.1229093184174,498.150334809568,359.283937105232,253.726717178512,479.323218488032,886.595039910982,799.304273630955,279.885322448258,464.436917972209,526.227732253957,347.482584476844,414.49359343896,229.051473910915,212.809356230826,67.1148725931255,257.932368489043,56.6831543043583,176.840772037973,232.487499192533,94.904642456184,31.7228515780474,402.819997729735,347.143435012766,109.270567911203,225.507842073946
HERV_dup3270,chrX,120146456,120156069,+,9614,1.87472106316287,54.2006472457614,62.6412919046054,85.5028873912323,0,4.74698067058316,42.6343217969154,59.7593593506985,10.2817606228163,2.27725554054917,0,2.11310782176006,0,0,0,38.5282848552069,39.815562406287,72.6420846297488,2.03134146384146,0,45.8221210898062,101.470412772366,75.4432168059623,7.7293338507631,26.1722546981024,11.8268179470396,121.319502373457,3.28418033351453,115.056718619634,0,0,132.667416907381,0,1.4699070785367,0,4.44242364492281,37.8573169465643,116.300061882993,11.7875490644578,0.696542821147952,0,102.940903327903,41.6807844806806,3.36367170868794,24.5886104571191,0.684335850711434,39.7450517557789,5.42848345681802,0,0,5.181169917987,0,34.9388495304341,21.4767592298002,0,0,34.8923496397795,0,69.1828234727322,0,0,10.2603970939734,15.1239540361526,0
HERV_dup3284,chrX,135059052,135069759,+,10708,1.87472106316287,0,19.7204067107091,0,0,5.53814411568035,1.93792371804161,5.29513310702392,10.2817606228163,10.2476499324713,0,19.0179703958406,0,0,2.6382381434597,0,0,0,56.8775609875608,0,0,0.249313053494757,3.35303185804277,6.82000045655567,0,23.6536358940793,1.86645388266857,0,6.11597175386757,0,0,0,3.31532217451128,0,0,1.1106059112307,8.58947527359022,3.47510145068705,0,3.48271410573976,0,0,3.6420102944284,5.8864254902039,0,3.42167925355717,2.003952189367,0,0,0,0,0,0,0,0,0,0,0,0,0,0,0,0,0
HERV_dup3286,chrX,135920335,135931501,-,11167,0,28.9070118644061,0,16.9700387188705,7.59038161598163,8.70279789606913,0,12.8596089742009,11.3099366850979,83.1198272300447,0,12.6786469305604,0,0,25.3270861772132,0,0,0,0,266.143495427964,0,2.49313053494757,1.67651592902138,0,7.19737004197816,15.1120451545507,26.1303543573599,5.25468853362325,4.58697881540068,8.18447569166366,29.9761332549983,13.9922666269503,16.5766108725564,0,0,24.4333300470755,13.9976634088137,24.3257101548094,0,13.930856422959,12.3917993733723,18.1660417637477,10.1166952623011,20.1820302521277,4.21519036407757,0,11.0217370415185,1.80949448560601,3.77224180827209,0,0,11.2648265857827,0,6.04033853338129,0,1.141271563175,0,0.455857841553986,0.886959275291439,34.0726924356805,0,0,3.40288965813434,0
HERV_dup3287,chrX,136927380,136936654,-,9275,0,0,3.48007177247808,9.13771315631491,0,3.16465378038877,17.4413134623745,0.756447586717702,2.05635212456325,3.41588331082376,0,0,0,0,1.05529525738388,13.4848996993224,0,0.437602919456318,62.9715853790852,0,0,1.49587832096854,6.70606371608554,38.1920025567118,0,0,0,13.793557400761,15.2899293846689,5.45631712777578,4.28230475071404,2.07292838917782,66.3064434902256,0,1.45935464652377,2.22121182246141,4.13567327987677,6.25518261123669,0,7.66197103262747,2.47835987467447,8.57840861065862,4.85601372590454,0,18.2658249110028,21.8987472227659,5.00988047341751,0,45.2669016992651,0,18.1340947129545,0,6.35251809644256,8.72493343710631,0,12.553987194925,16.6531668735311,17.7784558206054,6.20871492704007,21.1485677186982,0,0,0.378098850903815,31.9114870859358
HERV_dup329,chr1,161250327,161257712,+,7386,0,68.6541531779644,9.28019139327488,25.4550580783058,110.819571593332,24.526066798013,17.4413134623745,9.07737104061243,11.3099366850979,23.9111831757663,0,29.5835095046409,0,34.9179317224023,30.0759148354406,38.5282848552069,0,28.4441897646607,0,0,48.5175399774418,44.128410468572,62.0310893737912,45.0120030132674,26.1722546981024,13.7979542715463,11.1987232960114,19.0482459343843,30.5798587693378,17.7330306652713,28.5486983380936,50.2685134375622,62.9911213157143,38.2175840419541,90.4799880844735,35.5393891593825,17.4970792610171,39.6161565378324,39.1346628940001,55.0268828706882,44.6104777441404,45.9197166805844,24.2800686295227,30.2730453781915,4.21519036407757,21.2144113720544,7.68181672590685,29.5550765982315,50.9252644116733,0,10.362339835974,7.50988439052179,9.52877714466384,3.35574362965627,0,16.7386495932333,0,0,0,66.9704644425444,9.19186572000737,0,8.69627357078775,0
HERV_dup331,chr11,62045543,62058682,-,13140,1.87472106316287,21.6802588983046,2.32004784831872,12.4011821407131,0,0,1.93792371804161,17.3982944945072,2.05635212456325,19.356672094668,0,20.4267089436806,0,26.4529785775775,4.74882865822747,36.6018706124465,5.82666766921273,13.5656905031459,2.03134146384146,0,26.9541888763566,1.99450442795805,3.35303185804277,0,4.58014457216792,31.5381811921057,21.4642196506885,3.28418033351453,9.17395763080135,24.553427074991,24.2663935873796,7.77348145941683,3.31532217451128,32.3379557278073,0,6.66363546738422,1.90877228302005,3.70677488073286,16.502568690241,6.96542821147952,15.6962792062716,13.6245313228107,3.6420102944284,26.0684557423316,32.316459457928,39.6914793412632,6.67984063122335,19.3012745131307,0,0,7.7717548769805,6.25823699210149,22.233813337549,3.35574362965627,0,0,5.55105562451037,1.36757352466196,13.3043891293716,0,6.48837580235815,61.5623825638403,23.4421287560365,13.8283110705722
HERV_dup3319,chrX,25894645,25900967,+,6323,5.62416318948861,0,4.64009569663744,1.30538759375927,0,9.49396134116632,3.87584743608322,3.78223793358851,3.08452818684488,5.69313885137293,127.268135094519,16.2004933001605,37.9295213553245,0,13.1911907172985,0,0,0,8.12536585536583,0,0,6.73145244435843,0,17.277334489941,15.0490464514089,0,10.2654963546771,0,1.14674470385017,0,1.42743491690468,7.77348145941683,13.2612886980451,5.87962831414679,0,4.44242364492281,16.5426931195071,15.5221198130688,16.0310667276627,6.96542821147952,0.826119958224823,5.04612271215213,7.2840205888568,2.52275378151596,7.72784900080887,0,2.003952189367,1.80949448560601,56.5836271240814,0,0,0,0,4.69804108151878,0,0,0,0,0,8.22444300171598,0.540697983529845,0,4.53718621084578,0
HERV_dup3328,chrX,28891571,28898183,-,6613,7.49888425265148,0,0,0,0,0,5.81377115412483,4.53868552030621,0,9.10902216219668,102.793493730189,0,0,0,14.7741336033743,0,0,0.875205838912637,0,0,18.8679322134496,0,0,0,15.7033528188614,0.657045441502203,1.86645388266857,7.88203280043487,0.764496469233446,2.72815856388789,0,0,39.7838660941354,0,64.2116044470457,29.986359603229,5.09005942138679,4.63346860091607,3.77201570062651,2.78617128459181,4.95671974934894,31.2859608153432,22.6613973875545,7.56826134454787,4.91772209142383,0,12.3577051677632,6.03164828535336,0,0,0,0,0,0,0,0,0,0,2.66087782587432,0,0,0,3.78098850903815,0
HERV_dup3335,chrX,34087950,34098754,+,10805,1.87472106316287,32.5203883474568,3.48007177247808,0,0,0,3.87584743608322,0,0,11.3862777027459,0,0,35.0118658664534,0,10.5529525738388,0,0,0,0,0,0,1.99450442795805,23.4712230062994,0,11.1232082466935,0,4.66613470667141,3.28418033351453,1.14674470385017,16.3689513833273,18.5566539197608,6.73701726482792,0,0,0,0,0,0,0,0,0,0,0,0,0,12.3180453128058,0.667984063122335,0,0,0,0,0,0,0,0,0,0,0,0,0,0,0,0,0
HERV_dup3341,chrX,37452409,37461065,-,8657,11.2483263789772,0,13.9202870899123,8.48501935943527,0,34.0200281391793,1.93792371804161,37.0659317491674,8.225408498253,56.9313885137293,0,4.22621564352012,0,14.8136680034434,42.7394579240472,38.5282848552069,26.2200045114573,18.3793226171654,50.7835365960365,0,72.7763099661628,0,0,0,3.92583820471536,11.8268179470396,16.7980849440171,14.4503934674639,68.4224339963934,36.8301406124865,4.28230475071404,0,13.2612886980451,63.206004377078,58.3741858609507,152.153009838606,0.318128713836675,6.02350918119089,13.2020549521928,8.35851385377542,23.131358830295,73.1687793262059,74.0542093200442,37.0003887955674,4.91772209142383,0,5.34387250497868,11.4601317421714,0,1.65467897369926,0,0,0,8.05378471117506,0,0,0,61.9966664513421,46.1218823151548,88.1190321612426,52.447704402395,0,16.6363494397679,0
HERV_dup3342,chrX,37465409,37473413,+,8005,46.8680265790717,14.453505932203,34.8007177247808,0,0,2.37349033529158,13.5654660262913,49.9255407233683,16.450816996506,9.10902216219668,127.268135094519,19.0179703958406,0,9.52307228792791,7.91471443037911,0,0,20.1297342949906,0,0,0,16.2053484771592,11.7356115031497,9.54800063917794,6.5430636745256,34.1663629581145,24.2639004746913,26.9302787348191,25.2283834847037,5.45631712777578,7.1371745845234,8.80994565400575,72.9370878392482,0,1.45935464652377,11.106059112307,10.4982475566103,1.62171401032062,3.3005137380482,16.0204848864029,11.5656794151475,57.0211866473191,6.47468496787271,19.3411123249557,6.32278554611635,0,4.00790437873401,15.0791207133834,0,0,23.3152646309415,18.7747109763045,0,18.1210156001439,0,15.97780188445,13.4811350880966,5.47029409864783,3.54783710116576,9.39936343053255,12.9767516047163,25.6509927349335,31.7603034759205,0
HERV_dup3343,chrX,37478342,37484837,+,6496,76.8635635896777,151.761812288132,221.564569514438,71.1436238598803,710.459719255881,109.180555423413,430.219065405238,118.762271114679,75.0568525465587,414.460508379949,127.268135094519,159.891825179845,61.2707652662934,130.148654601681,138.243678717289,94.3942978952569,102.937795489425,118.590391172662,186.883414673414,0,35.0404455392636,81.7746815462802,187.769784050395,48.6493365900971,328.461796461185,131.409088300441,189.445069090859,136.621901874204,99.0022927657313,129.587531784675,124.186837770707,83.9535997617018,76.2524100137595,67.6157256126881,410.078655673178,155.484827572298,270.72753547501,178.156867705223,163.611181014675,96.1229093184174,190.833710349934,266.939891472848,231.46998760145,138.751457983378,100.462037010515,186.13935139351,105.207489941768,80.2209221951997,11.3167254248163,233.309735291595,46.630529261883,185.243814966204,196.928060989719,89.9339292747881,0,62.769935974625,294.998956045408,216.988332579697,279.392171716803,83.4193504459764,138.95938176717,330.042773189477,114.563951823856,136.155678233326
HERV_dup3351,chrX,46485387,46490494,-,5108,18.7472106316287,0,2.32004784831872,5.22155037503709,78.939968806209,11.8674516764579,11.6275423082497,9.07737104061243,10.2817606228163,5.69313885137293,0,14.0873854784004,0,0,18.4676670042179,17.3377281848431,0,0,0,0,0,1.24656526747378,0,0,30.0980929028177,0,20.5309927093542,7.22519673373196,11.8496952731184,8.18447569166366,22.8389586704749,1.55469629188337,16.5766108725564,14.699070785367,0,8.88484728984563,9.54386141510024,13.2053855126108,11.7875490644578,11.8412279595152,9.91343949869787,25.2306135607606,15.3773767986977,10.9319330532358,0,17.1083962677858,7.34782469434568,1.80949448560601,28.2918135620407,0,0,12.516473984203,0,4.02689235558753,0,18.6407688651917,15.0671509808139,19.6018871868214,12.4174298540801,0,0,58.1422501991825,1.89049425451908,0
HERV_dup3355,chrX,48853719,48861454,+,7736,0,28.9070118644061,106.722201022661,0,0,174.055957921383,96.8961859020805,301.066139513646,569.609538504021,309.706753514687,0,0,0,14.8136680034434,0,0,0,241.119208620431,1419.90768322518,0,2.69541888763566,0,0,285.076019084027,0,0,631.794639283309,864.396263781024,264.515778354772,321.922710538771,0,0,855.35312102391,0,0,0,112.299435984346,0,0,109.357222920228,361.840541702472,279.050585982013,301.882186627065,223.684168627748,0,0,0,0,0,0,111.39515323672,0,0,55.7053442522941,0,359.880966254516,133.225334988249,180.063847413824,23.0609411575774,132.766008456272,0,1.7100661823289,0,0
HERV_dup3357,chrX,49139779,49148918,-,9140,712.39400400189,1297.20215741522,918.738947934213,289.143352017679,1349.56985132153,349.694242732959,1265.46418788117,863.863144031616,405.10136853896,1203.52955318024,920.246515298833,1870.80479153157,627.295930107289,1172.39601055824,1228.36367959484,899.635451369081,634.135664665985,523.373091669757,562.681585484084,1450.48205008241,1037.73627173973,192.469677297952,851.670091942863,268.708017988294,1895.52554651007,821.306801877753,744.715099184757,664.718099503341,577.577082505868,1025.78762002185,1070.57618767851,535.333756505173,1283.02968153587,2135.77498511382,1323.63466439706,1534.85736932083,1142.4002113875,431.839273605378,1705.89410060834,539.124143568515,963.255871290143,1163.13128515107,822.689658730327,1355.55969860124,1612.31031425967,2026.31845395656,1068.10651693261,2058.6015597911,477.18858874642,3272.95500997713,502.573482044739,893.676242472093,800.417280151762,465.777215796291,128.966184244522,204.668033662717,766.045676182432,992.858378904581,1333.09979076303,949.335706483787,1014.89011508552,1662.18432922369,971.714046822805,489.309468651016
HERV_dup3358,chrX,49307957,49316498,+,8542,18.7472106316287,36.1337648305076,6.96014354495616,13.0538759375927,71.3495871902274,15.8232689019439,1.93792371804161,24.9627703616842,9.25358456053463,27.32706648659,58.7391392743936,19.0179703958406,0,23.2786211482682,43.2671055527392,53.9395987972896,0,8.75205838912637,28.4387804937804,0,21.5633511010853,10.9697743537693,18.4416752192352,9.09333394207423,26.1722546981024,24.3106813355815,27.9968082400285,19.0482459343843,10.7029505692682,31.3738234847107,38.5407427564264,18.6563555026004,169.081430900075,19.1087920209771,0,89.959078809687,39.7660892295843,27.5691381754506,25.9326079418073,21.5928274555865,77.6552760731333,45.9197166805844,61.5095071947908,71.4780238096188,10.5379759101939,47.2191736990889,36.7391234717284,30.7614062553021,15.0889672330884,0,44.0399443028895,23.7813005699857,9.52877714466384,2.68459490372502,0,0,7.13707151722762,15.4991666128355,19.5131040564117,18.7987268610651,0,0,6.80577931626867,17.0194597791658
HERV_dup336,chr11,63209496,63218761,+,9266,20.6219316947916,0,4.64009569663744,0.652693796879636,18.2169158783559,9.49396134116632,11.6275423082497,4.53868552030621,14.3944648719428,6.83176662164751,0,2.81747709568008,0,0,17.940019375526,0,0,0,0,0,0,17.9505398516225,8.38257964510692,0.454666697103712,0,28.2529539845947,15.8648580026828,10.5093770672465,11.8496952731184,0,9.99204441833276,2.59116048647228,0,0,0,4.44242364492281,0.954386141510024,1.85338744036643,4.24351766320482,1.3930856422959,3.30447983289929,6.55995952579777,6.47468496787271,0.840917927171986,0,0,0,6.03164828535336,0,0,0,0,0,0,0,0,0,0,0,0,0,0,0,0
HERV_dup3363,chrX,51161925,51168091,-,6167,129.355753358238,372.177777754228,77.7216029186771,49.6047285628524,1278.22026413131,190.670390268424,174.413134623745,113.467138007655,33.9298100552936,92.2288493922414,543.337038288141,235.259337489287,741.084494173263,423.24765724124,84.9512682194025,119.437683051141,113.620019549648,64.7652320795351,572.838292803291,476.396856816056,938.005772897209,37.3969580242135,422.482014113389,25.0066683407041,158.996447290972,220.76726834474,94.2559210747625,26.2734426681162,87.5348457272296,308.281917719331,79.9363553466621,115.047525599369,623.280568808121,310.150393571243,103.614179903187,151.042403927376,110.390663701326,40.7745236880614,264.512601006434,52.2407115860964,71.0463164073347,74.6826161398515,71.6262024570919,50.4550756303192,627.360832520211,407.864167024015,64.4604620913053,163.457668533076,720.49818537997,69.4965168953688,56.992869097857,23.7813005699857,111.169066687745,8.72493343710631,1608.68345610272,12.1735633405333,0,30.542475384117,15.9652669552459,27.0231698627811,5.9476778188283,17.100661823289,2.26859310542289,26.5929059049465
HERV_dup3365,chrX,53160069,53163744,-,3676,1.87472106316287,10.8401294491523,23.2004784831872,5.87424417191673,0,7.91163445097193,42.6343217969154,18.9111896679426,8.225408498253,72.8721772975735,0,25.3572938611207,0,12.6974297172372,13.1911907172985,9.63207121380172,0,20.1297342949906,0,55.8901340398725,0,2.99175664193708,0,10.0026673362817,0,0,17.7313118853514,3.94101640021744,16.4366740885191,12.2767135374955,12.8469142521421,18.1381234053059,3.31532217451128,36.7476769634174,17.5122557582852,5.55302955615352,37.5391882327276,20.1555884139849,1.41450588773494,13.2343136018111,9.08731954047305,41.3782062396475,44.5134591541249,28.5912095238475,11.2405076375402,35.5854642369946,27.7213386195769,2.41265931414134,0,0,5.181169917987,0,0,6.71148725931255,0,4.18466239830833,4.75804767815175,6.3820097817558,59.4262714445264,21.1485677186982,3.24418790117907,20.5207941879468,0,0
HERV_dup3366,chrX,53512948,53520776,+,7829,0,18.0668824152538,9.28019139327488,8.48501935943527,54.6507476350678,15.0321054568467,19.3792371804161,9.83381862733013,5.14088031140813,11.3862777027459,0,7.04369273920021,0,1.0581191431031,13.1911907172985,0,0,1.31280875836895,0,0,0,9.97252213979027,0,18.1866678841485,0,0,8.39904247200854,5.25468853362325,0,9.54855497360761,5.70973966761872,0,0,0,0,7.77424137861492,6.04444556289682,11.3519980722444,21.6890902786024,20.8962846344386,9.08731954047305,16.652204950102,4.04667810492045,5.8864254902039,9.1329124555014,11.6337094620944,26.7193625248934,12.0632965707067,0,0,10.362339835974,16.2714161794639,0,0,0,7.98890094222499,0.793007946358625,0,0,5.87460214408284,0,0,1.51239540361526,0
HERV_dup3375,chrX,57219330,57231454,+,12125,88.1118899686549,90.334412076269,262.165406860015,167.742305798067,282.362196114517,254.754629321296,249.992159627368,230.716513948899,144.972824781709,194.705348716954,63.6340675472597,83.1155743225624,107.953253088231,66.6615060154953,194.701974987326,36.6018706124465,107.793351880435,239.368796942606,12.1880487830488,303.403584787879,0,164.795928360034,196.152363695502,244.156016344693,158.342140923519,107.098406964859,375.157230416382,326.447525151344,190.741869073745,77.7525190708048,252.655980292128,225.430962323088,159.135464376541,61.7360972985413,58.3741858609507,166.590886684605,435.200080528571,296.078643598537,299.403746237229,500.117745584229,324.665143582355,412.772837854044,345.586310160206,121.933099439938,171.417741472488,110.862407815252,179.019728916786,86.8557353090883,64.1281107406256,6.61871589479703,54.4022841388635,120.158150248349,79.406476205532,102.014606341551,855.249432358407,236.623637431617,285.482860689105,126.728479952008,164.087465928916,132.766008456272,88.1337713153648,147.065691680285,55.5805310828608,30.847770849738
HERV_dup3379,chrX,57811207,57825915,-,14709,101.234937410795,263.776483262705,135.722799126645,67.2274610786025,833.423901434783,125.003824325357,350.764192965532,60.5158069374162,56.5496834254894,249.359481690134,337.750050827763,186.657857588805,566.025164840996,306.854551499899,194.701974987326,90.5414694097362,300.073384964456,119.027994092119,548.462195237194,380.585198461989,355.795293167907,93.4923950605338,514.690390209565,83.6586722670829,322.573039154112,412.624537263383,164.247941674834,130.053541207175,140.285102104337,234.621636494358,418.238430653071,178.790073566587,208.865296994211,82.314796398055,118.207726368425,106.618167478147,217.281911550449,117.690102463268,199.445330170627,73.1369962205349,135.483673148871,123.125394176512,144.46640834566,129.501360784486,259.23420739077,279.209027090265,105.87547400489,240.662766585599,541.316699487045,208.489550686106,82.898718687792,90.1186126862615,247.74820576126,24.8325028594564,2850.83144119469,79.8890094222499,131.639319095532,75.6724016979616,103.774235209098,130.416167598639,201.680347856632,87.2133752987737,61.252013846418,505.265212193984
HERV_dup3388,chrX,63358010,63364629,-,6620,0,3.61337648305076,9.28019139327488,3.91616278127782,78.939968806209,29.2730474685962,5.81377115412483,15.128951734354,4.1127042491265,5.69313885137293,4.89492827286613,10.5655391088003,0,23.2786211482682,7.91471443037911,1.92641424276034,0,8.31445546967005,0,0,0,3.98900885591611,0,0.909333394207423,11.1232082466935,15.1120451545507,11.1987232960114,17.0777377342756,9.55620586541808,12.2767135374955,12.8469142521421,0,59.6757991412031,0,1.45935464652377,9.99545320107633,5.09005942138679,12.5103652224734,15.5595647650844,18.8066561709947,4.13059979112411,16.1475926788868,1.61867124196818,16.8183585434397,35.1265863673131,8.89636605924864,4.34189641029518,20.5076041702014,49.0391435075372,0,25.905849589935,8.76153178894209,41.2913676268766,8.05378471117506,0,15.5973780300583,3.96503973179312,8.66129898952573,23.0609411575774,0,0,0,9.07437242169156,145.729124359107
HERV_dup3390,chrX,63426518,63434693,-,8176,1707.87088854137,1972.90355974571,1988.28100600914,1459.42332982287,1033.8099760967,599.701891383673,1426.31185647863,1905.49147094189,1764.35012287527,1807.00227142577,1018.14508075616,2272.29527766599,886.967268616818,1443.27451119263,1807.72077589859,3203.62688571045,1685.84917895888,2217.33399288517,1074.57963437213,979.408063174909,1865.22987024388,1235.34618006652,823.1693211495,468.761364713927,2063.02797657792,1503.97701559854,1602.35065827096,1588.88644535433,1769.42707804081,2407.59993263106,2278.18612737987,1695.65542234746,1534.99416679872,1512.53438381426,942.743101654353,1986.87397519173,2524.98760172169,1850.60735920588,1425.35043287424,1131.18554154427,2651.01894594346,2076.4794960506,1972.35090833823,2476.5032955215,2184.17114031953,1769.69250993977,1811.23878715621,2167.774393756,822.348714203316,888.562608876501,1334.15125388165,1224.11115565505,1705.65110889483,2042.97672173474,1201.42182164633,664.22004976785,1713.69017208099,1573.1654112028,1446.63057800034,2009.11393327633,1496.11132042708,1952.8955802196,1505.21152544809,554.196159059085
HERV_dup3394,chrX,64781085,64789474,-,8390,0,0,0,7.179631765676,80.4580451294053,0,1.93792371804161,4.53868552030621,0,3.41588331082376,9.78985654573227,0,0,10.581191431031,9.49765731645494,7.70565697104138,9.71111278202122,0,0,0,2.69541888763566,0.74793916048427,0,16.3680010957336,0,0,4.66613470667141,0,0,5.45631712777578,27.1212634211889,0,43.0991882686467,0,1.45935464652377,8.88484728984563,13.9976634088137,3.47510145068705,3.3005137380482,6.96542821147952,5.78283970757376,7.06457179701298,1.21400343147613,4.20458963585993,32.316459457928,26.6890981777459,9.68576891527385,0.603164828535336,30.1779344661767,0,12.9529247949675,0,0,0.671148725931255,0,0.380423854391666,16.6531668735311,7.29372546486377,19.5131040564117,8.22444300171598,5.9476778188283,10.2603970939734,5.67148276355723,0
HERV_dup34,chr10,25716397,25722923,+,6527,18.7472106316287,32.5203883474568,24.3605024073466,101.820232313223,0,205.70249572527,1.93792371804161,35.553036575732,15.4226409342244,14.8021610135696,0,52.8276955440015,0,104.753795167207,3.69353340084359,7.70565697104138,57.2955654139252,2.18801459728159,0,0,43.1267022021705,9.97252213979027,0,135.94534243401,85.7141341362853,8.54159073952864,12.1319502373457,119.544164139929,19.8769082000696,25.9175063569349,5.70973966761872,20.2110517944838,0,0,89.0206334379498,15.5484827572298,19.4058515440372,3.01175459059545,0.943003925156628,68.9577392936472,7.4350796240234,20.1844908486085,16.5913802301738,84.0917927171986,0,46.5348378483775,33.3992031561167,29.5550765982315,0,0,243.514986145389,111.396618459407,95.2877714466384,69.7994674968505,108.603102521702,96.2472351610916,562.242633968265,384.744018271564,294.470479396758,126.891406312189,482.843299292152,119.704632763023,103.977183998549,72.3327040614545
HERV_dup3406,chrX,71264576,71272620,+,8045,54.3669108317232,7.22675296610152,35.9607416489402,26.1077518751854,50.0965186654788,11.0762882313607,0,19.6676372546603,6.16905637368975,27.32706648659,0,48.6014799004814,0,12.6974297172372,24.2717909198293,40.4546990979672,11.6533353384255,7.43924963075741,0,0,21.5633511010853,4.48763496290562,11.7356115031497,5.00133366814083,51.6902030287522,2.62818176600881,13.06517717868,13.1367213340581,20.641404669303,64.1117262513654,19.9840888366655,6.21878516753347,0,30.8680486492706,0,23.3227241358448,20.0421089717105,15.0587729529772,0,28.558255667066,9.08731954047305,18.6706540349629,16.9960480406659,37.0003887955674,18.2658249110028,4.1060151042686,15.0296414202525,26.5392524555548,0,165.467897369926,0,21.2780057731451,9.52877714466384,3.35574362965627,0,0.380423854391666,24.5832463371174,31.454191067225,23.0609411575774,43.472055866213,40.5523487647384,18.8107280056179,33.6507977304395,0
HERV_dup3408,chrX,71696822,71703196,+,6375,20.6219316947916,0,40.6008373455776,11.0957945469538,0,12.6586151215551,81.3927961577477,15.8853993210717,9.25358456053463,2.27725554054917,0,17.6092318480005,0,13.7555488603403,1.58294288607582,0,0,10.940072986408,0,0,5.39083777527132,21.6902356540438,6.70606371608554,5.00133366814083,34.6782374749857,1.97113632450661,11.1987232960114,3.28418033351453,48.1632775617071,6.82039640971972,4.28230475071404,4.6640888756501,3.31532217451128,0,16.0529011117614,24.4333300470755,59.8081982012948,20.1555884139849,4.71501962578314,24.3789987401783,7.4350796240234,27.2490626456215,9.71202745180907,11.7728509804078,0,35.5854642369946,14.6956493886914,13.2696262277774,0,0,0,10.0131791873624,0,20.1344617779376,0,4.5650862527,86.4378661530901,30.0866175425631,34.5914117363661,2.34984085763314,51.9070064188652,3.42013236465779,7.18387816717249,0
HERV_dup3410,chrX,72220516,72232107,+,11592,0,3.61337648305076,24.3605024073466,6.52693796879636,113.855724239725,17.4055957921383,9.68961859020805,6.05158069374162,3.08452818684488,15.9407887838442,0,7.74806201312023,11.6706219554845,10.581191431031,0,0,0,20.1297342949906,0,0,0,8.72595687231649,43.589414154556,21.8240014609782,13.0861273490512,8.54159073952864,26.1303543573599,11.1662131339494,25.9928799539372,16.3689513833273,18.5566539197608,13.4740345296558,46.4145104431579,19.1087920209771,5.83741858609507,11.106059112307,19.4058515440372,9.73028406192375,43.3781805572049,9.75159949607133,4.13059979112411,9.58763315308905,21.0427261455863,6.72734341737589,1.40506345469252,34.2167925355717,10.6877450099574,9.04747242803004,0,0,20.724679671948,7.50988439052179,47.6438857233192,5.36918980745004,0,13.6952587581,45.9944608888002,6.83786762330979,11.5304705787887,29.3730107204142,22.1686173247237,37.6214560112357,10.208668974403,0
HERV_dup3416,chrX,73801458,73809385,-,7928,0,39.7471413135584,18.5603827865498,0,0,0,58.1377115412483,6.80802828045932,0,14.8021610135696,0,0,0,0,0,0,0,6.12644087238846,0,0,0,0,0,0,0,0.657045441502203,0.933226941334283,3.94101640021744,14.9076811500522,12.2767135374955,28.5486983380936,0,9.94596652353384,22.0486061780505,17.5122557582852,0,13.3614059811403,0,0,0,0,4.0368981697217,8.90269183082498,15.9774406162677,0,8.89636605924864,1.66996015780584,0,0,0,12.9529247949675,0,0,4.02689235558753,0,0,0,0,31.9305339104918,43.472055866213,0,29.0711250995912,0,4.25486494479144
HERV_dup3417,chrX,74121599,74130555,-,8957,43.118584452746,21.6802588983046,44.0809091180557,24.1496704845465,188.241464076345,77.5340176195249,58.1377115412483,28.7450082952727,33.9298100552936,51.2382496623563,249.641341916173,34.514094422081,0,21.162382862062,50.6541723544263,9.63207121380172,0,34.1330277175928,18.2820731745731,0,16.1725133258139,56.8433761968046,145.85688582486,51.8320034698231,77.8624577268546,24.9677267770837,30.7964890640313,30.8712951350366,31.726603473188,17.7330306652713,72.7991807621387,61.6696195780402,3.31532217451128,0,39.4025754561417,27.7651477807676,66.8070299057017,56.2966435011302,26.4041099043856,44.5787405534689,52.8716773263886,41.3782062396475,33.1827604603477,16.8183585434397,18.9683566383491,27.3734340284574,39.0770676926566,36.7930545406555,90.5338033985302,210.144229659806,7.7717548769805,17.5230635778842,53.9964038197617,14.7652719704876,0,76.0847708783333,65.8196595477659,15.4991666128355,34.5914117363661,43.472055866213,46.5000265835667,164.166353503574,26.0888207123632,0
HERV_dup3418,chrX,74167798,74182020,+,14223,39.3691423264203,50.5872707627106,33.6406938006214,88.7663563756305,3.03615264639265,60.1284218273867,21.3171608984577,26.4756655351196,41.127042491265,63.7631551353768,93.0036371844565,56.3495419136016,87.5296646661334,16.9299062896496,21.1059051476776,84.7622266814551,39.815562406287,77.8933196632247,62.9715853790852,2.66143495427964,2.69541888763566,79.5308640648274,28.5007707933635,50.9226700756157,42.5299138844164,67.0186350332247,71.8584744827398,30.8712951350366,36.6958305232054,83.2088361985806,85.6460950142808,67.8884047455737,69.6217656647369,54.3865619058578,157.610301824567,31.0969655144597,27.359069389954,46.3346860091607,20.7460863534458,15.3239420652549,25.6097187049695,27.7536749168367,29.9454179764113,70.6371058824468,8.43038072815514,95.1226832488893,44.7549322291964,49.4595159398975,88.6476824943942,1.65467897369926,75.1269638108115,73.8471965067976,66.7014400126469,59.7322366078817,678.76939076064,45.2704386726083,31.720317854345,75.6724016979616,47.0088415904463,69.3203053001776,80.0233015624171,39.3315221935646,53.6900368283417,215.934395948166
HERV_dup3423,chrX,75323409,75329782,+,6374,208.094038011079,227.642718432198,242.445000149306,194.502751470132,491.85672871561,314.883051148683,248.054235909326,152.802412516976,238.536846449337,532.877796488506,0,283.860817389768,183.81229579888,259.23919006026,278.070300320653,206.126323975357,241.806708272328,191.232475802411,308.763902503902,356.632283873472,239.892280999574,303.164673049624,231.359198204951,217.330681215574,332.3876346659,237.193404382295,390.08886147773,394.758476088446,181.567911442943,152.776879577722,244.0913707907,330.113845976568,364.685439196241,192.557827288307,315.220603649134,259.881783227984,498.825823295906,401.721727699423,226.320942037591,335.037096972165,541.934692595484,429.929655075361,381.601745293998,252.275378151596,212.867113385917,223.093487331927,291.90903558446,279.868480440396,135.800705097795,661.871589479703,142.482172744642,158.959219599378,165.165470507507,187.921643260751,176.480041597767,265.535850365383,195.079954804222,229.752352143209,265.20082331214,237.333926620947,201.680347856632,251.379728802348,244.629956534768,199.978652405198
HERV_dup3430,chrX,77077095,77087307,+,10213,18.7472106316287,0,2.32004784831872,37.2035464221393,0,15.8232689019439,27.1309320525826,23.4498751882488,6.16905637368975,18.2180443243934,0,440.935165473933,408.471768441956,0,9.49765731645494,7.70565697104138,5.82666766921273,7.43924963075741,0,0,13.4770944381783,0,0,2.72800018262227,0,22.3395450110749,1.86645388266857,3.28418033351453,19.4946599654529,39.5582991763744,7.1371745845234,0,0,7.34953539268349,0,8.88484728984563,13.0432772673037,15.0587729529772,7.54403140125302,17.4135705286988,16.5223991644965,17.1568172213172,10.9260308832852,19.3411123249557,6.32278554611635,0,19.0375457989865,10.2538020851007,79.217077973714,0,2.5905849589935,46.310953741551,0,59.0610878819504,0,33.8577230408583,26.9622701761932,94.3625732016751,20.4000633317031,78.7196687307101,15.1395435388357,0,76.7540667334745,0
HERV_dup344,chr11,67619701,67626914,+,7214,24.3713738211173,0,11.6002392415936,2.61077518751854,0,5.53814411568035,13.5654660262913,1.5128951734354,9.25358456053463,0,0,13.3830162044804,0,1.0581191431031,3.16588577215165,0,0,0,36.5641463491463,0,70.0808910785271,14.2108440492011,0,18.1866678841485,23.5550292282921,0,10.2654963546771,46.6353607359063,0.382248234616723,1.36407928194394,4.28230475071404,9.84640984859466,19.8919330470677,11.7592566282936,87.561278791426,13.3272709347684,11.4526336981203,13.9004058027482,0.943003925156628,5.57234256918361,0,5.55073498336734,2.02333905246022,2.52275378151596,7.02531727346261,2.0530075521343,8.01580875746802,0,50.9252644116733,0,0,2.5032947968406,9.52877714466384,12.7518257926938,0,18.2603450108,4.75804767815175,13.6757352466196,22.173981882286,11.7492042881657,7.02907378588799,32.491257464249,1.13429655271145,21.2743247239572
HERV_dup3459,chrX,87681528,87693160,+,11633,0,0,0,0,0,0,0,0,0,23.9111831757663,9.78985654573227,0.70436927392002,49.6001433108089,2.1162382862062,0,1.92641424276034,24.277781955053,2.62561751673791,0,71.8587437655504,0,1.7451913744633,0,0,7.19737004197816,3.28522720751101,4.66613470667141,109.691623139385,3.44023411155051,0,11.4194793352374,0,0,0,13.1341918187139,15.5484827572298,1.2725148553467,3.70677488073286,0,0,0,0,2.83267467344431,8.40917927171986,0,13.6867170142287,0,13.8727910563127,0,0,0,1.2516473984203,0,4.69804108151878,0,0,0,0,0,0,0,0,0,0
HERV_dup348,chr11,67845549,67851894,-,6346,26.2460948842802,0,32.4806698764621,93.9879067506676,81.9761214526016,25.3172302431102,27.1309320525826,419.071963041607,71.9723243597138,175.348676622286,0,112.699083827203,105.03559759936,74.0683400172171,132.967202430369,25.0433851558845,0,48.5739240596513,12.1880487830488,314.049324604998,16.1725133258139,76.7884204763851,26.8242548643422,19.0960012783559,62.8134112754457,82.1306801877753,335.961698880342,176.688901943082,61.9242140079091,10.9126342555516,67.08944109452,166.870735328815,19.8919330470677,0,0,34.4287832481518,43.5836337956244,76.683905345161,65.5387727983856,66.8681108302034,273.445706172416,207.395643469453,161.057788575834,99.2283154062943,21.7784835477341,20.530075521343,223.10667708286,34.9835600550495,20.7473299454965,0,0,18.7747109763045,0,6.71148725931255,0,11.0322917773583,68.1986833868417,28.7190440179011,7.09567420233151,28.1980902915976,0,0,13.6115586325373,0
HERV_dup3481,chrX,94813536,94827535,-,14000,0,54.2006472457614,3.48007177247808,0,0,0.791163445097193,0,0.756447586717702,0,0,4.89492827286613,7.74806201312023,0,1.0581191431031,2.6382381434597,0,0,9.18966130858268,0,0,0,0.249313053494757,0,13.6400009131113,0,0,0,12.4798852673552,0,2.72815856388789,14.2743491690468,0.518232097294456,56.3604769666918,0,13.1341918187139,0,0,3.24342802064125,7.54403140125302,1.3930856422959,0,4.0368981697217,0.404667810492045,0,4.91772209142383,1.36867170142287,2.67193625248934,0.603164828535336,9.43060452068023,0,0,0,6.35251809644256,3.35574362965627,0,0.380423854391666,3.96503973179312,0,0,0,15.6802415223655,0,1.13429655271145,1.06371623619786
HERV_dup350,chr11,67882044,67889510,-,7467,0,21.6802588983046,4.64009569663744,0,16.6988395551596,0,0,4.53868552030621,0,3.41588331082376,0,22.5398167654407,122.541530532587,0,0.527647628691941,1.92641424276034,7.76889022561697,0.875205838912637,0,0,0,0,3.35303185804277,0,0.65430636745256,9.85568162253304,4.66613470667141,0,0,0,0,0,0,0,0,2.22121182246141,3.49941585220342,0,2.82901177546988,0,3.30447983289929,5.04612271215213,2.42800686295227,5.04550756303192,1.40506345469252,0,6.01185656810101,3.61898897121201,0,0,0,0,0,0,0,1.141271563175,0,0,0,0,0,0,8.31817471988393,0
HERV_dup3505,chrY,12146854,12153785,-,6932,43.118584452746,0,0,35.2454650315004,59.2049766046567,121.839170544968,0,0,61.6905637368975,0,146.847848185984,29.5835095046409,277.177271442756,56.0803145844643,42.7394579240472,0,0,0,0,0,8.08625666290697,64.572080855142,83.8257964510692,123.66934161221,60.850492173088,35.480453841119,0,89.9865411382981,0,0,0,0,0,0,0,68.8575664963036,0,63.710193262596,68.8392865364338,117.019193952856,125.570233650173,0,0,0,116.620266739479,0,0,59.7133180249982,128.256221481251,0,0,21.2780057731451,0,0,0,55.1614588867916,0,0,0,0,34.0639729623803,0,26.8450184141709,0
HERV_dup3507,chrY,12256409,12266869,-,10461,73.1141214633519,0,0,1.95808139063891,0,34.8111915842765,0,1.5128951734354,13.3662888096611,0,34.2644979100629,11.2699083827203,0,31.743574293093,4.22118102953553,0,0,0,0,0,0,18.6984790121068,21.794707077278,31.3720021001561,15.7033528188614,5.91340897351982,0,20.3619180677901,0,0,0,0,0,0,0,5.55302955615352,0,14.132079232794,62.2382590603374,26.4686272036222,24.7835987467447,0,0,0,119.430393648864,0,0,33.1740655694435,47.1530226034012,0,0,3.75494219526089,0,0,0,19.0211927195833,0,34.6451959581029,0,0,0,0,9.07437242169156,53.185811809893
HERV_dup3519,chrY,13122646,13133461,-,10816,0,0,0,0,30.3615264639265,12.6586151215551,0,0,0,0,0,10.5655391088003,0,4.2324765724124,0,0,0,0,0,2.66143495427964,0,0.997252213979027,3.35303185804277,3.18266687972598,22.246416493387,9.85568162253304,0.933226941334283,0.656836066702906,0,0,0,0,0,39.6874911204908,0,12.2166650235377,0,2.54840773050384,7.54403140125302,11.8412279595152,9.08731954047305,0,0.404667810492045,0,0,0,0.333992031561167,1.20632965707067,0,304.460931160663,0,0,0,0,251.144674581437,10.6518679229667,0,11.3964460388496,0,0,0,0,0,0
HERV_dup3522,chrY,13282562,13289605,+,7044,119.982148042424,220.415965466096,97.4420096293862,137.718391141603,6.07230529278531,119.465680209676,164.723516033537,56.7335690038277,143.944648719428,35.2974608785121,137.057991640252,89.4548977878426,253.836027531787,61.3709102999798,62.262420185649,55.86601304005,26.2200045114573,81.3941430188752,67.0342683067681,18.6300446799575,10.7816755505426,156.069971487718,82.1492805220478,113.212007578824,54.3074284985625,68.9897713577313,98.922055781434,68.9677870038051,37.8425752270556,65.4758055333093,62.8071363438059,116.083989793958,59.6757991412031,120.532380440009,131.341918187139,97.7333201883019,118.66201026108,93.132718878413,79.2123297131567,83.5851385377542,47.0888376188149,37.845920341141,57.8674969003624,75.6826134454787,80.7911486448201,164.240604170744,51.1007808288586,83.8399111664117,118.825616960571,28.1295425528874,129.529247949675,151.449335208856,47.6438857233192,123.491365571351,644.830921222608,108.040374647233,91.9889217776005,51.9677939371544,38.1392488375319,56.3961805831953,103.81401283773,80.3731105694581,125.528818500067,156.366286721086
HERV_dup3529,chrY,13888732,13897962,+,9231,50.6174687053975,0,0,76.3651742349174,197.349922015522,105.224738197927,0,0,58.6060355500527,0,44.0543544557952,95.7942212531228,0,39.1504082948147,50.1265247257344,0,3.88444511280849,0,0,0,51.2129588650775,76.2897943693956,48.6189619416201,31.8266687972598,113.195001569293,81.4736347462731,0,123.485180540146,0,0,0,0,0,120.532380440009,0,55.5302955615352,0,61.8568058222295,44.3211844823615,64.0819395456116,65.263476699761,0,0,0,119.430393648864,0,0,93.490548422977,35.8362971785849,653.598194611207,0,68.8406069131164,0,0,0,77.2260424415083,0,98.0094359341069,0,0,93.5407511506633,0,81.6693517952241,89.3521638406203
HERV_dup3545,chrY,15973451,15982240,-,8790,0,0,0,0,0,2.37349033529158,0,0,0,0,0,0,0,0,0,0,0,0,0,0,0,0,0,0,0,0,0,3.28418033351453,0,0,0,0,0,0,0,17.7696945796913,0,162.8664213222,42.4351766320482,24.3789987401783,11.5656794151475,0,0,0,0,0,0,7.23797794242403,20.7473299454965,0,0,0,0,0,0,0,0,0,0,0,0,0,0,0
HERV_dup355,chr11,68867418,68874590,+,7173,67.4899582738633,61.4274002118629,15.0803110140717,8.48501935943527,71.3495871902274,7.91163445097193,60.0756352592899,27.2321131218373,18.5071691210693,10.2476499324713,68.5289958201259,14.7917547523204,0,35.9760508655054,45.3776960675069,275.477236714729,592.377879703294,15.7537051004275,42.6581707406706,0,123.98926883124,1.99450442795805,90.5318601671548,24.5520016436004,31.4067056377229,26.9388631015903,14.9316310613485,40.7238361355802,91.7395763080135,76.3884397888609,21.4115237535702,18.6563555026004,242.018518739324,27.9282344921972,51.0774126283318,26.6545418695369,43.2655050817878,2.54840773050384,37.7201570062651,10.4481423172193,11.5656794151475,41.8828185108627,27.112743302967,31.9548812325355,51.2848160962771,56.1155397583376,31.7292429983109,47.6500214542915,111.281133344027,0,106.213983318733,35.0461271557683,38.1151085786553,13.4229745186251,33.938469538032,12.9344110493167,36.4783655324967,19.6018871868214,79.8263347762295,0,41.0930467482683,41.0415883758935,1.51239540361526,98.925609966401
HERV_dup356,chr1,169661627,169669416,+,7790,44.9933055159089,14.453505932203,29.000598103984,0,47.0603660190861,26.1083936882074,9.68961859020805,0,3.08452818684488,4.55451108109834,225.166700551842,16.9048625740805,96.2826311327467,23.2786211482682,7.38706680168717,0,34.9600060152764,3.93842627510687,0,0,0,8.72595687231649,16.7651592902138,9.54800063917794,0,0,3.73290776533713,3.28418033351453,11.4674470385017,1.36407928194394,0,0,96.1443430608272,0,35.0245115165704,9.99545320107633,29.9040991006474,3.93844831077866,18.3885765405542,7.66197103262747,0,1.51383681364564,3.23734248393636,0,44.2594988228145,44.4818302962432,12.023713136202,16.2854503704541,45.2669016992651,0,5.181169917987,8.76153178894209,3.17625904822128,7.3826359852438,522.652430885693,6.84762937905,11.8951191953794,11.3964460388496,0,0,0,15.3905956409601,0,6.38229741718716
HERV_dup357,chr1,169683482,169686695,+,3214,1.87472106316287,28.9070118644061,26.6805502556653,0,0,0,0,0,2.05635212456325,3.41588331082376,0,0.70436927392002,70.0237317329067,7.40683400172171,10.0253049451469,0,0,3.06322043619423,0,0,0,1.49587832096854,11.7356115031497,0.454666697103712,0,0,0,7.88203280043487,0,0,0,0,0,0,13.1341918187139,9.99545320107633,23.5415248239139,3.01175459059545,14.1450588773494,3.48271410573976,0,0,6.47468496787271,3.36367170868794,4.21519036407757,0,0,4.82531862828269,0,0,0,0,0,5.36918980745004,0,3.80423854391666,0,0,0,0,0,0,0,0
HERV_dup3580,chrY,19082270,19088475,+,6206,29.9955370106059,0,0,15.6646511251113,103.22918997735,84.6544886253997,0,0,52.4369791763629,0,34.2644979100629,95.7942212531228,81.6943536883912,56.0803145844643,104.474230481004,0,0,0,0,0,169.811389921046,29.1696272588865,78.7962486640051,53.650670258238,126.935435285797,42.050908256141,0,49.2627050027179,0,0,0,0,0,174.918942345867,0,64.4151428513808,0,70.8920695940159,89.1138709273013,110.053765741376,42.9582378276908,0,0,0,212.867113385917,0,0,106.157009822219,28.2918135620407,0,0,30.0395375620872,0,0,0,81.4107048398166,0,92.9949996770131,0,0,65.9651539906411,0,125.150719649163,0
HERV_dup3588,chrY,19614443,19619842,+,5400,0,0,0,4.56885657815745,0,5.53814411568035,0,0,0,0,0,0,0,0,13.1911907172985,0,0,0,0,0,0,0,0,0.454666697103712,5.88875730707304,0,0,5.25468853362325,0,0,0,0,0,0,0,13.3272709347684,0,10.8886512121528,10.3730431767229,10.4481423172193,4.13059979112411,0,0,0,0,0,0,0,0,0,0,0,0,0,0,0,0,15.0433087712815,0,0,0,0,0,0
HERV_dup36,chr10,26982356,26987745,-,5390,18.7472106316287,0,39.4408134214182,16.3173449219909,0,44.3051529254428,11.6275423082497,35.553036575732,30.8452818684488,25.0498109460409,0,23.2441860393607,160.471051887911,35.9760508655054,20.5782575189857,9.63207121380172,0,50.3243357374766,14.2193902468902,0,0,62.8268894806787,18.4416752192352,62.2893375032085,38.604075679701,44.0220445806476,44.7948931840456,44.6648525357976,9.9384541000348,5.45631712777578,67.08944109452,86.5447602481741,56.3604769666918,27.9282344921972,21.8903196978565,31.0969655144597,48.3555645031745,103.558023230474,29.2331216798555,105.177965993341,88.394835530056,47.9381657654452,50.1788085010135,37.8413067227394,9.1329124555014,2.73734340284574,36.4051314401672,17.4917800275247,20.7473299454965,0,2.5905849589935,27.5362427652466,31.7625904822128,10.7383796149001,0,32.7164514776833,0,5.47029409864783,42.5740452139891,17.6238064322485,0,0,6.04958161446104,0
HERV_dup3606,chrY,21240222,21249982,-,9761,0,0,0,1.95808139063891,0,2.37349033529158,0,0,0,0,0,4.22621564352012,0,0,0,0,0,0,0,0,21.5633511010853,0,0,0,26.8265610655549,0,0,1.97050820010872,0,0,0,0,0,8.81944247122018,0,15.5484827572298,0,18.9972212637559,33.005137380482,4.17925692688771,33.0447983289929,0,0,0,1.40506345469252,0,0,25.3329227984841,0,0,0,0,0,0,0,8.36932479661666,0,0,0,0,21.6279193411938,0,0,0
HERV_dup3607,chrY,21442286,21452372,-,10087,0,0,0,0,0,0,0,0,0,0,0,0,0,0,0,0,0,0,0,0,0,0.249313053494757,0,5.45600036524454,0,0,0,7.88203280043487,0,0,0,0,0,5.87962831414679,0,53.3090837390737,0,30.1175459059545,52.3367178461928,9.05505667492337,28.088078579644,0,0,0,4.21519036407757,0,0,7.23797794242403,7.54448361654419,0,0,0,0,0,0,0.380423854391666,0,0,0,0,0,0,0,0
HERV_dup3673,chrY,5941111,5949442,+,8332,0,0,0,5.87424417191673,0,0,0,0,0,0,93.0036371844565,0,0,0,11.6082478312227,13.4848996993224,561.302318800826,20.567337214447,56.8775609875608,290.096410016481,21.5633511010853,0,0,0,0,0,27.0635812986942,2845.41384095699,4.58697881540068,0,0,0,39.7838660941354,4.40972123561009,7.29677323261883,0,3.8175445660401,0.231673430045803,0,0,33.8709182872177,3.02767362729128,0.404667810492045,0,0,0,0,0,0,0,12.9529247949675,0,0,0,0,0,0,0,0,0,0,0,0,0
HERV_dup3688,chrY,7952891,7961796,-,8906,7.49888425265148,0,0,39.1616278127782,0,29.2730474685962,0,0,3.08452818684488,0,0,3.5218463696001,0,0,0,0,0,0,0,0,0,0,0,54.5600036524454,0,8.54159073952864,0,1.31367213340581,0,0,0,0,0,0,0,13.3272709347684,0,46.7980328692523,7.54403140125302,50.8476259438005,47.0888376188149,0,0,0,0,0,0,0,0,0,0,0,0,0,0,0,0,0,0,0,0,0,0,0
HERV_dup369,chr11,71741118,71749036,+,7919,31.8702580737688,0,11.6002392415936,48.9520347659727,150.289555996436,57.7549314920951,34.882626924749,357.799708517473,49.352450989518,59.2086440542784,0,104.246652540163,145.882774443556,16.9299062896496,102.363639966237,5.77924272828103,17.4800030076382,28.0065868452044,79.2223170898169,0,0,43.3804713080877,137.474306179754,56.8333371379639,9.16028914433583,67.0186350332247,169.847303322839,56.4879017364499,31.3443552385713,15.0048721013834,42.8230475071404,67.8884047455737,13.2612886980451,27.9282344921972,0,99.9545320107633,110.708792415163,232.831797196033,97.1294042911326,460.414804778796,446.104777441404,497.5476994182,328.994929930032,174.070010924601,9.1329124555014,39.6914793412632,204.737115346996,85.6494056520177,15.0889672330884,0,0,0,0,10.7383796149001,0,17.8799211564083,12.688127141738,1.36757352466196,1.77391855058288,0,12.4360536211864,0,1.13429655271145,0
HERV_dup3694,chrY,8644060,8655343,+,11284,20.6219316947916,0,0,45.0358719846949,127.518411148491,56.9637680469979,0,2.26934276015311,17.4789930587876,0,24.4746413643307,114.107822375043,81.6943536883912,17.9880254327527,53.820058126578,0,0,0,0,0,75.4717288537984,66.0679591761106,186.093268121374,34.1000022827784,92.2571978108109,42.7079536976432,0,32.1849672684424,0,0,0,0,0,276.342530764899,0,72.1893842299957,0,139.235731457528,289.973706985663,27.8617128459181,80.9597559060326,0,0,0,30.2088642758892,0,0,139.331075391663,43.3807807951291,0,0,161.462514396218,0,0,671.981696853034,68.8567176448916,0,173.225979790515,0,0,39.4709527976787,0,116.832544929279,174.449462736449
HERV_dup37,chr10,26989436,26999252,-,9817,37.4944212632574,112.014670974574,170.523516851426,114.874108250816,233.783753772234,178.011775146869,69.765253849498,151.28951734354,180.958986961566,193.56672094668,132.163063367386,111.290345279363,268.424304976142,95.2307228792791,268.572643004198,82.8358124386948,229.182261655701,191.670078721867,60.9402439152438,580.192820032962,67.3854721908914,202.442199437743,291.713771649721,210.056014061915,488.11255011961,196.456587009159,293.033259578965,199.678164277683,179.65667026986,143.228324604114,271.212634211889,302.647544819962,125.982242631429,86.7245176336651,115.289017075378,128.830285702762,239.869050232853,306.96729481069,247.067028391036,261.203557930482,346.144262496201,261.38915648948,239.968011621782,233.775183753812,150.3417896521,90.3323322939093,161.652143275605,164.663998190147,66.0142316447616,0,44.0399443028895,65.0856647178555,92.1115123984171,85.2358881932694,6.7876939076064,119.072666424592,138.776390612759,51.9677939371544,59.4262714445264,115.142202024024,114.087274524797,64.9825149284981,64.2768046536486,139.34682694192
HERV_dup377,chr1,173683960,173692052,-,8093,16.8724895684658,0,5.8001196207968,3.91616278127782,0,7.12047100587474,29.0688557706242,7.56447586717702,3.08452818684488,7.9703943919221,0,16.2004933001605,75.8590427106489,7.40683400172171,14.7741336033743,3.85282848552069,11.6533353384255,2.18801459728159,8.12536585536583,149.04035743966,10.7816755505426,3.98900885591611,6.70606371608554,8.63866724497052,60.850492173088,0,23.3306735333571,28.243950868225,9.55620586541808,4.09223784583183,14.2743491690468,8.80994565400575,3.31532217451128,17.6388849424404,1.45935464652377,8.88484728984563,11.1345049842836,0,21.6890902786024,6.96542821147952,13.2179193315972,10.0922454243043,9.30735964131703,2.52275378151596,18.2658249110028,0,11.6897211046409,6.03164828535336,9.43060452068023,0,2.5905849589935,0,25.4100723857702,1.34229745186251,61.0892451684576,19.0211927195833,0.793007946358625,20.5136028699294,9.75655202820583,0,0,0,0,45.739798156508
HERV_dup379,chr11,74869758,74884725,+,14968,232.465411832196,545.619848940665,258.685335087537,82.8921122037138,614.820910894512,185.132246152743,612.383894901149,169.444259424765,118.240247162387,415.599136150224,592.286321016802,374.724453725451,1085.36784186005,583.023647849809,389.403949974652,431.516790378317,401.068957897476,206.548577983382,312.826585431585,758.508961969698,1137.46677058225,158.81241507616,360.450924739598,108.210673910683,900.325561614722,365.317265475225,214.642196506885,385.562771154606,339.43643233965,290.54888705406,379.697687896645,217.139248766377,895.136987118046,1005.4164417191,411.538010319702,224.342394068602,403.069080431067,259.242568221254,394.647142678049,176.225333750432,271.793466255967,301.253525915482,289.337484501812,192.570205322385,651.949442977331,425.656899142512,268.86358540674,707.512343871949,513.024885925005,787.627191480847,481.848802372791,366.732687737147,263.629501002366,114.766432134245,3101.97611577613,91.6821489083916,260.899614351988,176.416984681393,326.40101330725,224.409801903965,316.30832036496,384.764891024002,212.491554207944,514.838658319764
HERV_dup38,chr10,27421303,27432151,+,10849,1.87472106316287,0,8.12016746911552,5.87424417191673,1.51807632319633,15.0321054568467,11.6275423082497,12.8596089742009,8.225408498253,3.41588331082376,4.89492827286613,11.2699083827203,0,19.0461445758558,0,7.70565697104138,0,0.437602919456318,0,0,0,0.498626106989514,0,10.4573340333854,0,5.91340897351982,23.3306735333571,7.22519673373196,0,30.0097442027668,0,3.62762468106119,0,0,0,2.22121182246141,2.86315842453007,0.463346860091607,7.07252943867471,11.8412279595152,0,2.52306135607606,4.85601372590454,12.6137689075798,18.2658249110028,0,6.01185656810101,5.42848345681802,1.88612090413605,0,0,0,0,3.35574362965627,0,30.814332205725,24.5832463371174,0,0.886959275291439,24.6733290051479,0.540697983529845,0,6.04958161446104,0
HERV_dup380,chr11,75039922,75047147,+,7226,29.9955370106059,21.6802588983046,29.000598103984,3.91616278127782,113.855724239725,56.9637680469979,42.6343217969154,18.9111896679426,8.225408498253,72.8721772975735,186.007274368913,56.3495419136016,93.3649756438756,46.5572422965364,89.70009687763,26.9697993986448,0,23.6305576506412,40.6268292768292,18.6300446799575,94.339661067248,21.9395487075386,50.2954778706415,33.6453355856747,98.1459551178839,117.611134028894,45.7281201253798,16.4209016675726,53.1325046117245,66.8398848152532,104.202748934042,22.2839801836616,460.829782257068,107.303216733179,1.45935464652377,106.618167478147,99.5742874308792,59.3083980917257,145.694106436699,42.4891120900251,121.439633859049,59.0396357321799,64.3421818682351,84.0917927171986,99.7595052831691,288.105393149514,44.0869481660741,86.252570480553,203.701057646693,0,15.543509753961,52.5691907336525,38.1151085786553,15.4364206964189,176.480041597767,11.7931394861417,42.8224291033657,57.8939458773562,47.0088415904463,43.472055866213,0,23.9409265526046,27.9793149668823,76.587569006246
HERV_dup381,chr1,175101099,175110260,-,9162,0,0,0,0.652693796879636,0,0.791163445097193,0,0,0,2.27725554054917,0,6.33932346528018,0,9.52307228792791,0,0,0.971111278202122,0,0,0,0,0,0,0,0,0,0,0,0,0,0,0,0,0,0,0,0,0.463346860091607,0,0,0,0,0,0,0,0,0,0,0,0,0,11.2648265857827,0,4.02689235558753,0,0,2.37902383907587,0,8.86959275291439,10.5742838593491,0,13.6805294586312,2.26859310542289,37.2300682669251
HERV_dup384,chr1,175903606,175918687,-,15082,303.704812232385,700.995037711847,477.929856753656,150.772267079196,1328.31678279679,425.64593346229,436.032836559362,155.828202863847,92.5358456053463,848.277688854566,1820.9133175062,367.680760986251,1164.14454005957,900.459390780739,397.318664405031,188.788595790514,143.724469173914,221.427077244897,1141.6139026789,992.715237946307,1355.79570048074,109.199117430703,697.430626472896,217.330681215574,614.393679037953,927.74816340111,383.55627288839,330.388541551562,222.468472546933,667.034768870589,642.345712607106,348.251969381874,842.091832325865,514.467477487844,294.789638597801,295.421172387367,338.170822808385,203.872618440307,474.330974353784,223.590245588493,455.192096981877,277.032136897152,280.839460481479,406.163358824069,710.25957634707,622.061288296693,236.466358345306,328.724831551758,492.277555979508,1231.08115643225,139.891587785649,178.985577974103,120.697843832409,51.6784518967066,54.3015512608512,62.0090882658416,60.2686039232555,139.49249951552,130.383013467842,264.357096483728,233.040830901363,92.3435738457604,60.1177172937066,301.031694843995
HERV_dup386,chr11,77858936,77862981,-,4046,7.49888425265148,0,3.48007177247808,1.95808139063891,1.51807632319633,30.0642109136933,9.68961859020805,6.05158069374162,14.3944648719428,12.5249054730204,0,14.7917547523204,0,66.6615060154953,11.0806002025308,0,16.5088917294361,0,0,0,0,27.4244358844233,20.1181911482566,15.4586677015262,0,21.0254541280705,23.3306735333571,9.85254100054359,14.9076811500522,21.8252685111031,4.28230475071404,5.18232097294456,19.8919330470677,5.87962831414679,0,3.33181773369211,11.1345049842836,9.03526377178634,8.95853728898796,14.627399244107,23.9574787885199,24.2213890183302,5.66534934688862,5.04550756303192,18.9683566383491,11.6337094620944,8.01580875746802,0,15.0889672330884,0,0,0,0,2.68459490372502,0,11.7931394861417,0,6.83786762330979,27.4957375340346,17.6238064322485,54.6104963365144,0,1.13429655271145,0
HERV_dup388,chr11,78080836,78087032,+,6197,18.7472106316287,0,3.48007177247808,13.0538759375927,0,7.91163445097193,3.87584743608322,9.83381862733013,16.450816996506,5.69313885137293,0,4.93058491744014,0,0,9.49765731645494,1.92641424276034,0,15.7537051004275,0,0,18.8679322134496,4.98626106989514,6.70606371608554,26.3706684320153,41.2213011495113,14.4549997130485,16.7980849440171,23.6460984013046,17.965667026986,15.0048721013834,2.85486983380936,0,0,0,35.0245115165704,11.106059112307,13.0432772673037,31.9709333463209,24.5181020540723,39.7029408054333,25.6097187049695,12.1106945091651,14.9727089882057,15.9774406162677,0,39.6914793412632,24.7154103355264,15.6822855419187,16.9750881372244,0,0,8.76153178894209,3.17625904822128,8.05378471117506,0,17.8799211564083,7.93007946358625,11.3964460388496,23.0609411575774,11.7492042881657,9.19186572000737,0,6.42768046536486,0
HERV_dup389,chr1,178553775,178560028,-,6254,0,0,0,4.56885657815745,0,0,0,1.5128951734354,0,2.27725554054917,0,0,0,0,12.1358954599146,0,0,0,0,0,0,0,0,0,0,0,2.79968082400285,0,0,1.36407928194394,11.4194793352374,0,0,0,0,3.33181773369211,0,1.15836715022902,0,9.05505667492337,0,2.01844908486085,2.83267467344431,0,0,0,0,0.603164828535336,0,0,0,10.0131791873624,53.9964038197617,2.68459490372502,0,12.9344110493167,74.5427469577107,21.4253185530373,0,0,11.8953556376566,15.3905956409601,3.02479080723052,0
HERV_dup39,chr10,27465310,27470939,+,5630,0,7.22675296610152,1.16002392415936,0,0,3.16465378038877,0,3.78223793358851,0,15.9407887838442,0,18.3136011219205,0,19.0461445758558,1.05529525738388,0,0,0,0,0,0,0,0,11.3666674275928,0,8.54159073952864,12.1319502373457,0,0,19.0971099472152,0,0,6.63064434902256,0,0,5.55302955615352,0,0,0,6.26888539033157,0,0,5.66534934688862,1.68183585434397,0,0,0,10.2538020851007,0,0,0,0,0,5.36918980745004,0,0,8.72308740994487,0,10.6435113034973,0,0.540697983529845,0,0,0
HERV_dup398,chr11,81196760,81202566,+,5807,0,0,0,0,0,0,3.87584743608322,0,0,1.13862777027459,0,0,0,0,0,0,0,0,0,0,5.39083777527132,0,0,0,0,0,0,0,0,0,0,0,82.883054362782,30.8680486492706,0,36.6499950706132,7.31696041824352,4.40179517087027,29.7046236424338,0.696542821147952,0,3.02767362729128,3.23734248393636,13.4546868347518,80.0886169174738,17.7927321184973,9.01778485215152,9.04747242803004,41.494659890993,0,0,0,0,0,0,0,0,0,0,0,0,0,0,0
HERV_dup399,chr1,181246062,181254439,+,8378,29.9955370106059,0,31.3206459523027,11.0957945469538,53.1326713118714,16.6144323470411,1.93792371804161,24.2063227749665,27.7607536816039,76.2880606083972,0,21.8354474915206,0,0,55.4030010126538,0,0.971111278202122,38.0714539926997,0,0,10.7816755505426,25.67924450996,0,26.825335129119,0,34.1663629581145,48.5278009493827,88.6728690048923,47.3987810924737,6.82039640971972,65.6620061776153,107.274044139952,0,0,0,3.33181773369211,12.725148553467,16.2171401032062,8.95853728898796,49.4545403015046,21.4791189138454,37.845920341141,7.2840205888568,15.9774406162677,0,0,10.019760946835,7.84114277095937,18.8612090413605,0,2.5905849589935,0,0,0,0,0.760847708783333,0,13.2198774050656,0,0,0,0,3.02479080723052,0
HERV_dup400,chr11,81634227,81640906,+,6680,0,0,1.16002392415936,0,0,0,0,0,0,0,0,0,0,0,0,0,0,0,38.5954878129877,0,0,0,0,0,0,0,3.73290776533713,0,0,2.72815856388789,0,0,36.4685439196241,0,0,18.880300490922,87.1672675912488,114.446674442627,14.1450588773494,11.8412279595152,94.1776752376298,53.4889007488126,45.322794775109,8.40917927171986,7.72784900080887,28.7421057298802,34.4011792508002,9.04747242803004,0,0,0,0,0,0,0,0,0,0,0,0,0,0,0,0
HERV_dup407,chr11,82675947,82683358,-,7412,0,0,12.760263165753,18.2754263126298,0,0.791163445097193,1.93792371804161,0,1.02817606228163,0,0,0,0,0,0,0,0,10.940072986408,0,0,0,2.74244358844233,0,11.8213341246965,0,0,2.79968082400285,17.0777377342756,0,0,0,0,0,0,0,1.1106059112307,18.7695941163638,10.1936309220154,12.2590510270362,11.1446851383672,2.47835987467447,0,0,0,12.6455710922327,17.1083962677858,4.34189641029518,0,0,0,0,0,19.0575542893277,1.34229745186251,0,13.6952587581,0,10.4847303557417,0,0,11.3546576541268,0,0,0
HERV_dup409,chr11,83416872,83424200,+,7329,3.74944212632574,18.0668824152538,9.28019139327488,18.9281201095095,0,18.1967592372354,0,15.8853993210717,19.5353451833509,28.4656942568646,0,42.9665257091212,5.83531097774223,0,9.49765731645494,13.4848996993224,0,16.6289109393401,4.06268292768292,0,45.8221210898062,9.224582979306,13.4121274321711,3.63733357682969,0.65430636745256,0,5.5993616480057,40.7238361355802,12.2319435077351,12.2767135374955,25.6938285042843,12.4375703350669,19.8919330470677,63.206004377078,42.3212847491892,34.4287832481518,70.3064457579051,19.4605681238475,6.60102747609639,20.8962846344386,31.3925584125433,38.3505326123562,17.80538366165,33.6367170868794,39.3417767313906,18.4770679692087,7.34782469434568,17.4917800275247,1.88612090413605,370.648090108634,18.1340947129545,37.5494219526089,0,11.4095283408313,0,11.41271563175,102.298025080263,24.1604656023612,23.0609411575774,0,50.8256104518055,76.9529782048004,19.6611402469984,0
HERV_dup417,chr11,86829416,86838407,-,8992,273.709275221779,719.061920127101,149.643086216557,20.2335077032687,551.061705320267,394.790559103499,352.702116683573,48.4126455499329,51.4088031140813,158.269260068167,1111.14871794061,35.218463696001,671.060762440356,87.8238888775574,203.671984675089,321.711178540977,389.415622559051,116.402376575381,1318.34061003311,822.38340087241,423.180765358798,122.66202231942,447.62975304871,280.074685415886,195.637603868315,205.655223190189,65.3258858933998,82.1045083378632,154.428286785156,418.772339556791,298.333897633078,216.621016669082,861.983765372933,94.0740530263486,207.228359806375,36.6499950706132,62.0350991981515,23.1673430045803,82.5128434512049,76.6197103262747,54.5239172428383,23.716776747115,22.2567295770625,49.6141577031472,97.6519101011303,467.401386035909,32.3972270614332,63.9354718247456,222.562266688054,107.554133290452,51.81169917987,87.6153178894209,44.4676266750979,22.1479079557314,1934.49276366783,68.8567176448916,55.5105562451037,53.3353674618163,18.6261447811202,29.3730107204142,118.412858393036,171.00661823289,9.07437242169156,70.2052715890588
HERV_dup419,chr1,187630848,187640957,+,10110,0,0,3.48007177247808,3.26346898439818,0,0.791163445097193,3.87584743608322,0,1.02817606228163,0,0,0,102.117942110489,1.0581191431031,1.05529525738388,0,0.971111278202122,0,0,2.66143495427964,51.2129588650775,0.249313053494757,8.38257964510692,0,1.30861273490512,1.31409088300441,0.933226941334283,4.59785246692034,8.79170939618463,8.18447569166366,0,0,33.1532217451128,1.4699070785367,24.809028990904,5.55302955615352,0.636257427673349,0,4.24351766320482,0,3.30447983289929,0,0,0,4.91772209142383,1.36867170142287,0.333992031561167,1.20632965707067,24.5195717537686,0,12.9529247949675,0,0,0,298.658531934682,16.7386495932333,14.2741430344552,7.74958330641776,0,7.04952257289941,0,0,1.51239540361526,20.2106084877594
HERV_dup433,chr11,92943569,92950131,-,6563,13.1230474421401,10.8401294491523,18.5603827865498,48.2993409690931,45.5422896958898,229.437399078186,0,21.9369800148134,30.8452818684488,20.4952998649425,0,92.9767441574427,52.51779879968,0,9.49765731645494,0,0,31.5074102008549,12.1880487830488,0,0,2.49313053494757,55.3250256577057,96.3893397859868,63.4677176428983,19.0543178035639,57.8600703627255,78.8203280043487,29.4331140654877,13.6407928194394,38.5407427564264,25.3933727674283,33.1532217451128,0,0,12.2166650235377,19.0877228302005,23.1673430045803,2.82901177546988,333.644011329869,33.0447983289929,34.3136344426345,31.9687570288715,5.8864254902039,0,16.4240604170744,4.00790437873401,5.42848345681802,7.54448361654419,0,0,6.25823699210149,0,12.0806770667626,0,72.2805323344166,67.4056754404831,34.1893381165489,45.2349230398634,96.3434751629586,110.302388640088,0,4.15908735994197,0
HERV_dup434,chr11,93103524,93110681,-,7158,7.49888425265148,0,1.16002392415936,0,0,26.8995571333046,11.6275423082497,3.78223793358851,1.02817606228163,4.55451108109834,0,9.15680056096027,0,1.0581191431031,5.80412391561135,11.5584854565621,0,4.8136321140195,0,0,0,7.23007855134795,0,16.3680010957336,39.9126884146061,0,0.933226941334283,8.53886886713778,3.05798587693378,6.82039640971972,0,0,0,4.40972123561009,0,1.1106059112307,2.5450297106934,0,8.48703532640965,32.0409697728058,0,0,6.47468496787271,5.04550756303192,0,0,1.0019760946835,7.84114277095937,11.3167254248163,0,0,11.2648265857827,0,0,0,12.1735633405333,0,0,12.4174298540801,27.0231698627811,0,0,11.3429655271145,0
HERV_dup441,chr11,94650031,94657830,+,7800,0,0,26.6805502556653,14.359263531352,0,23.7349033529158,31.0067794886658,3.02579034687081,5.14088031140813,6.83176662164751,19.5797130914645,28.1747709568008,0,20.1042637189589,16.8847241181421,15.4113139420828,63.1222330831379,39.821865670525,0,5.32286990855929,0,0,0,9.54800063917794,34.6782374749857,9.19863618103084,7.46581553067426,240.402000413264,15.2899293846689,31.3738234847107,4.28230475071404,7.25524936212238,0,0,0,36.6499950706132,36.2666733773809,3.70677488073286,5.65802355093977,22.9859130978824,25.6097187049695,4.0368981697217,15.7820446091897,11.7728509804078,4.91772209142383,23.9517547749002,8.68379282059035,23.5234283128781,11.3167254248163,0,12.9529247949675,18.7747109763045,0,26.8459490372502,0,6.46720552465833,26.9622701761932,2.27928920776993,7.09567420233151,0,0,0,9.83057012349919,0
HERV_dup443,chr1,195134774,195144420,+,9647,348.698117748294,10.8401294491523,0,0,1.51807632319633,0.791163445097193,71.7031775675396,5.29513310702392,0,11.3862777027459,1199.2574268522,60.5757575571218,90.4473201550045,59.2546720137736,30.6035624641326,23.1169709131241,3.88444511280849,0.437602919456318,4.06268292768292,0,331.536523179186,0.498626106989514,3.35303185804277,0,64.1220240103508,107.755452406361,26.1303543573599,0,6.11597175386757,8.18447569166366,0,0.518232097294456,0,35.2777698848807,11.6748371721901,17.7696945796913,0.318128713836675,0.231673430045803,1.88600785031326,0,0,2.01844908486085,16.9960480406659,4.20458963585993,57.6076016423934,4.1060151042686,0.333992031561167,36.1898897121201,0,18.2014687106918,0,93.8735548815224,0,0,108.603102521702,0,34.0993416934209,0,6.20871492704007,0,42.7151406988578,0,4.53718621084578,0
HERV_dup446,chr1,19542171,19545723,+,3553,7.49888425265148,0,0,0,0,4.74698067058316,0,3.02579034687081,0,10.2476499324713,0,4.22621564352012,0,0,0.527647628691941,19.2641424276034,0,16.6289109393401,0,0,0,0,0,11.8213341246965,0,0,12.1319502373457,13.793557400761,0.764496469233446,5.45631712777578,0,4.6640888756501,0,0,0,0,1.59064356918337,0,0,6.96542821147952,0,4.54151044093692,1.21400343147613,6.72734341737589,0,10.9493736113829,1.33596812624467,0,0,0,0,0,0,2.68459490372502,0,0,0,5.01443625709384,15.0783076799545,23.4984085763314,0,0,0,0
HERV_dup447,chr11,95609668,95615594,-,5927,0,0,0,6.52693796879636,0,0,0,0.756447586717702,0,1.13862777027459,0,0,0,2.1162382862062,0,44.3075275834879,0,0,0,0,0,0,0,6.36533375945196,23.5550292282921,0,4.66613470667141,0,1.14674470385017,1.36407928194394,0,0,0,0,0,0,3.18128713836675,0,0.471501962578314,1.3930856422959,4.13059979112411,0,0.404667810492045,0,0,0,0,9.65063725656537,0,0,0,0,0,1.34229745186251,0,11.41271563175,0,14.5874509297275,1.77391855058288,10.5742838593491,0,0,2.26859310542289,45.739798156508
HERV_dup450,chr11,96499791,96511967,+,12177,0,0,0,0,0,3.16465378038877,0,0,14.3944648719428,0,0,0,2.91765548887111,0,0,0,0,16.1913080198838,0,0,0,18.6984790121068,0,5.00133366814083,0,0,13.06517717868,3.28418033351453,0.382248234616723,0,0,13.9922666269503,0,0,0,0,0,0,0.471501962578314,0,0,0,0,2.52275378151596,0,0,2.003952189367,5.42848345681802,0,0,0,0,0,0,0,0,0,0,0,0,0,0,0,0
HERV_dup452,chr11,96587738,96594739,+,7002,0,0,3.48007177247808,0,0,0.791163445097193,1.93792371804161,0,6.16905637368975,0,0,0,0,0,3.69353340084359,0,0,7.43924963075741,0,0,0,0.249313053494757,0,0,0,1.97113632450661,13.06517717868,3.94101640021744,16.4366740885191,0,2.85486983380936,22.802212280956,0,0,0,0,2.5450297106934,2.08506087041223,0,0,0,0,0,0,1.40506345469252,0,0,0,0,0,0,0,0,0,0,0,0,0,0,0,0,0,0,0
HERV_dup461,chr11,98927678,98932512,-,4835,0,0,20.8804306348685,7.83232556255563,0,10.2851247862635,23.2550846164993,0.756447586717702,2.05635212456325,4.55451108109834,0,0.70436927392002,0,0,4.22118102953553,0,0,0,0,0,0,13.9615309957064,0,5.45600036524454,0,0,3.73290776533713,4.59785246692034,5.73372351925085,1.36407928194394,0,0,0,0,0,0,2.22690099685672,0,6.60102747609639,0.696542821147952,0,0,0,0,0,0,1.33596812624467,0,0,0,0,0,0,1.34229745186251,0,0,0,0,5.32175565174863,0,25.9535032094326,0,7.94007586898012,0
HERV_dup467,chr1,20153946,20160366,+,6421,31.8702580737688,0,30.1606220281434,15.0119573282316,0,26.8995571333046,11.6275423082497,4.53868552030621,10.2817606228163,0,0,61.2801268310418,0,0,20.0506098902938,0,7.76889022561697,11.3776759058643,0,0,86.253404404341,0,0,12.7306675189039,0.65430636745256,0,0,5.25468853362325,1.14674470385017,36.8301406124865,8.56460950142808,1.55469629188337,0,74.9652610053715,16.0529011117614,52.198477827843,20.6783663993839,10.4253043520612,0,29.254798488214,4.95671974934894,5.55073498336734,0,9.25009719889185,8.43038072815514,0,7.01383266278451,20.5076041702014,0,0,0,100.131791873624,28.5863314339915,82.5512932895443,0,37.2815377303833,0,94.3625732016751,70.0697827480237,8.22444300171598,45.418630616507,23.9409265526046,67.6796943117829,36.1663520307273
HERV_dup468,chr1,205859304,205864229,+,4926,1.87472106316287,46.9738942796599,55.6811483596493,0,85.0122740989943,43.5139894803456,27.1309320525826,135.404118022469,52.4369791763629,12.5249054730204,0,35.218463696001,72.9413872217778,0,21.1059051476776,0,0,91.0214072469142,0,0,18.8679322134496,0.74793916048427,36.8833504384705,15.4586677015262,92.2571978108109,0,136.251133434805,77.5066558709429,17.5834187923693,24.553427074991,9.99204441833276,8.80994565400575,23.207255221579,88.1944247122018,1.45935464652377,21.1015123133834,133.614059811403,0,33.005137380482,70.3508249359431,100.786634903428,72.6641670549907,48.9648050695374,38.6822246499114,0,71.8552643247006,12.3577051677632,16.8886151989894,7.54448361654419,0,10.362339835974,0,34.9388495304341,48.3227082670503,0,38.80323314795,22.9972304444001,22.7928920776993,30.1566153599089,8.22444300171598,0.540697983529845,11.9704632763023,21.9297333524213,0
HERV_dup469,chr1,205884553,205890432,-,5880,0,3.61337648305076,3.48007177247808,1.30538759375927,0,9.49396134116632,0,36.3094841624497,7.19723243597138,5.69313885137293,53.8442110015275,0.70436927392002,0,0,19.5229622616018,0,0,47.6987182207387,20.3134146384146,0,0,0,31.8538026514063,7.27466715365938,28.7894801679126,0,75.5913822480769,1.97050820010872,16.0544258539024,2.72815856388789,21.4115237535702,0,6.63064434902256,22.0486061780505,0,2.22121182246141,11.1345049842836,0,0.943003925156628,4.17925692688771,27.2619586214191,13.6245313228107,25.0894042505068,10.0910151260638,0,0,8.34980078902918,9.04747242803004,0,0,0,0,0,0,0,0,18.2391827662484,7.29372546486377,5.32175565174863,21.1485677186982,0,0,8.69627357078775,0
HERV_dup470,chr1,205890691,205895612,+,4922,311.203696485036,614.274002118629,865.377847422882,24.1496704845465,1446.7267360061,699.388485465919,666.645759006314,1034.82029862982,528.482496012756,617.136251488825,137.057991640252,776.919309133783,2246.59472643076,5.2905957155155,705.464879561125,28.8962136414052,594.320102259698,1085.69284317113,593.151707441706,69.1973088112707,1040.43169062736,25.4299314564652,873.464799020141,520.59336818375,1343.94527874756,0,1826.32512419119,895.267558916061,566.109635467367,706.593068046963,822.202512137096,670.074101801731,666.379757076768,1134.76826463033,415.916074259274,767.428684660416,1330.41428126497,45.6396657190233,1380.5577464293,853.264955906241,944.255112250972,881.557637812977,1662.78003331181,746.735119328723,61.1202602791247,459.873691678084,431.517704777028,775.066804667906,1884.23478323191,0,411.903008479966,306.653612612973,495.49641152252,591.282027545435,0,544.766959488866,1245.8154837294,536.088821667487,581.845284591184,501.691023104675,65.9651539906411,371.084361565371,636.718464922025,1760.45037090746
HERV_dup471,chr1,206052519,206058912,+,6394,20.6219316947916,21.6802588983046,30.1606220281434,34.5927712346207,0,35.6023550293737,11.6275423082497,21.1805324280957,122.352951411513,6.83176662164751,0,0,84.6120091772623,0,23.7441432911373,15.4113139420828,0,54.7003649320398,166.570000035,15.9686097256779,67.3854721908914,5.73420023037941,43.589414154556,27.7346685233264,0,24.9677267770837,22.3974465920228,32.1849672684424,42.811802277073,25.9175063569349,28.5486983380936,22.2839801836616,53.0451547921805,11.7592566282936,107.992243842759,14.4378768459991,69.0339309025584,2.54840773050384,26.4041099043856,21.5928274555865,35.5231582036674,12.6153067803803,32.7780926498556,26.9093736695036,1.40506345469252,5.47468680569147,7.34782469434568,10.856966913636,43.3807807951291,0,41.449359343896,50.0658959368119,50.8201447715405,51.6784518967066,0,8.36932479661666,42.0294211570071,17.7784558206054,4.4347963764572,7.04952257289941,65.9651539906411,0,13.6115586325373,57.4406767546845
HERV_dup474,chr12,100159473,100167368,-,7896,74.9888425265148,216.802588983046,93.9619378569081,71.1436238598803,420.507141525383,383.714270872139,135.654660262913,305.604825033952,113.099366850979,130.942193581577,298.590624644834,321.896758181449,361.789280620018,470.86301868088,284.402071864956,288.962136414052,111.677796993244,176.353976540896,113.755121975122,141.056052576821,304.582334302829,78.0349857438589,226.329650417887,241.428016162071,276.11728706498,124.181588443916,213.708969565551,302.144590683337,163.219996181341,193.69925803604,185.566539197608,175.162448885526,454.199137908045,311.62030064978,306.464475769991,245.443906381985,389.707674449926,149.197688949497,401.248170154145,473.649118380607,411.407739195962,150.374456822133,261.415405577861,352.344611485062,382.177259676366,279.209027090265,146.956493886914,259.96404109873,282.918135620407,99.2807384219555,235.743231268408,86.3636704910006,161.989211459285,136.243191364045,142.541572059734,220.265411692775,285.482860689105,219.723479629021,221.73981882286,149.214894459704,369.296722750884,336.883037918793,110.782963314818,354.217506653888
HERV_dup482,chr12,10362141,10372258,+,10118,14.997768505303,126.468176906777,54.5211244354899,30.0239146564633,186.723387753148,94.148449966566,182.164829495911,65.8109400444401,9.25358456053463,46.683738581258,127.268135094519,15.4961240262405,26.25889939984,120.625582313753,20.0506098902938,71.2773269821327,83.5155699253825,12.2528817447769,6.09402439152438,39.9215243141946,40.4312833145349,61.8296372666997,36.8833504384705,62.2893375032085,88.9856659735481,26.9388631015903,18.6645388266857,15.1072295341668,52.7502563771078,13.6407928194394,24.2663935873796,9.3281777513002,39.7838660941354,94.0740530263486,11.6748371721901,38.8712068930746,70.6245744717418,47.9564000194813,68.8392865364338,73.1369962205349,30.5664384543184,73.6733915974211,38.4434419967442,21.0229481792997,28.1012690938505,32.1637849834374,18.3695617358642,28.3487469411608,13.2028463289523,0,25.905849589935,97.6284970767832,63.5251809644256,23.4902054075939,0,21.3037358459333,66.6126674941245,37.3803430074268,109.095990860847,0,4.86628185176861,22.2308603702757,24.9545241596518,104.24419114739
HERV_dup487,chr12,110403279,110410917,-,7639,95.6107742213063,10.8401294491523,45.240933042215,64.616685891084,0,55.3814411568035,36.8205506427906,108.172004900631,87.3949652939382,30.7429497974138,0,14.0873854784004,64.1884207551645,8.46495314482481,17.4123717468341,44.3075275834879,28.1622270678615,64.7652320795351,40.6268292768292,0,2.69541888763566,25.9285575634547,38.5598663674918,54.1053369553417,32.715318372628,17.7402269205595,29.863262122697,68.9677870038051,61.5419657732924,121.403056093011,37.1133078395217,53.8961381186234,0,32.3379557278073,0,27.7651477807676,67.7614160472117,51.1998280401226,50.4507099958796,109.357222920228,61.9589968668617,31.2859608153432,47.3461338275692,39.5231425770833,52.6898795509696,13.6867170142287,53.4387250497868,53.6816697396449,45.2669016992651,1.65467897369926,33.6776044669155,1.2516473984203,6.35251809644256,102.685755067482,0,51.7376441972666,42.0294211570071,12.3081617219576,25.7218189834517,49.3466580102959,21.6279193411938,15.3905956409601,34.0288965813434,26.5929059049465
HERV_dup488,chr12,111816238,111825646,-,9409,11.2483263789772,0,2.32004784831872,0,0,18.9879226823326,1.93792371804161,1.5128951734354,1.02817606228163,1.13862777027459,190.902202641779,0,5.83531097774223,0,3.16588577215165,3.85282848552069,0,2.18801459728159,0,0,0,2.49313053494757,0,5.91066706234825,0,13.1409088300441,12.1319502373457,0.656836066702906,3.44023411155051,4.09223784583183,2.85486983380936,0,6.63064434902256,10.2893495497569,0,6.66363546738422,3.49941585220342,9.49861063187794,12.7305529896145,13.2343136018111,8.26119958224823,9.58763315308905,4.85601372590454,0,1.40506345469252,0,2.33794422092817,2.41265931414134,3.77224180827209,0,25.905849589935,0,6.35251809644256,1.34229745186251,6.7876939076064,18.2603450108,0,1.82343136621594,0,0,0.540697983529845,20.5207941879468,0,1.06371623619786
HERV_dup492,chr12,11462168,11468020,-,5853,5.62416318948861,3.61337648305076,20.8804306348685,4.56885657815745,0,0,0,15.8853993210717,11.3099366850979,19.356672094668,0,11.2699083827203,0,25.3948594344744,17.4123717468341,3.85282848552069,0,0.437602919456318,8.12536585536583,93.1502233997875,0,32.6600100078131,26.8242548643422,5.00133366814083,51.0358966612997,0,13.06517717868,21.018754134493,10.3207023346515,17.7330306652713,21.4115237535702,15.5469629188337,9.94596652353384,0,0,16.6590886684605,7.63508913208019,11.1203246421986,39.6061648565784,5.57234256918361,64.4373567415362,21.1937153910389,21.4473939560784,32.7957991597074,24.5886104571191,2.0530075521343,13.0256892308855,21.7139338272721,24.5195717537686,0,0,0,0,0,0,5.32593396148333,0,0,3.54783710116576,11.7492042881657,0.540697983529845,0,5.29338391265341,0
HERV_dup5,chr10,102838112,102844467,-,6356,1.87472106316287,46.9738942796599,41.7608612697369,22.8442828907873,151.807632319633,70.4135466136502,1.93792371804161,34.7965889890143,21.5916973079141,112.724149257184,0,59.1670190092817,2.91765548887111,71.9521017310109,46.9606389535827,11.5584854565621,56.3244541357231,30.6322043619423,190.946097601097,42.5829592684743,75.4717288537984,10.9697743537693,26.8242548643422,33.1906688885709,115.157920671651,19.7113632450661,20.5309927093542,34.812311535254,36.6958305232054,45.0146163041501,59.9522665099966,79.2895108860517,36.4685439196241,52.9166548273211,16.0529011117614,54.4196896503044,81.122822028352,22.2406492843971,85.3418552266748,41.0960264477292,67.7418365744355,48.9473903078757,31.5640892183795,126.97860700297,46.3670940048533,98.5443625024465,79.4901035115578,44.6341973116148,96.1921661109384,0,41.449359343896,88.8669652878412,171.517988603949,4.69804108151878,0,22.4450074091083,49.1664926742347,34.6451959581029,30.1566153599089,25.8482494339645,39.4709527976787,83.793242934116,15.1239540361526,148.9202730677
HERV_dup505,chr12,126030297,126034227,+,3931,5.62416318948861,0,2.32004784831872,0,27.3253738175339,0,0,1.5128951734354,16.450816996506,0,0,0,0,0,39.5735721518956,0,0,14.8784992615148,10.1567073192073,210.253361388092,0,18.6984790121068,1.67651592902138,4.54666697103712,22.9007228608396,0,5.5993616480057,9.19570493384068,11.8496952731184,0,4.28230475071404,34.2033184214341,0,0,0,1.1106059112307,0.954386141510024,1.85338744036643,0.943003925156628,2.78617128459181,0.826119958224823,0,0,0,0,0,4.34189641029518,7.23797794242403,0,0,28.4964345489285,0,0,0,0,0,2.37902383907587,8.20544114797174,0,0,0,0,0,0
HERV_dup508,chr12,127480879,127489548,+,8670,0,0,0,0,0,3.16465378038877,0,4.53868552030621,105.902134415007,11.3862777027459,0,0,0,0,208.420813333317,0,0,43.3226890261755,14.2193902468902,0,0,27.1751228309285,3.35303185804277,24.0973349464967,52.9988157636573,28.2529539845947,130.6517717868,78.1634919376458,53.8970010809579,13.6407928194394,77.0814855128528,61.6696195780402,0,0,0,0,0,0,0,3.48271410573976,8.26119958224823,2.52306135607606,2.42800686295227,0,0,0,0,0,0,0,0,0,0,0,0,32.3360276232916,6.344063570869,2.73514704932391,0,0,0,0,0,0
HERV_dup509,chr12,127610423,127618094,+,7672,0,0,0,0.652693796879636,0,13.4497785666523,0,0,12.3381127473795,0,0,0,0,0,22.1612004050615,0,0,0,0,0,0,5.48488717688465,28.5007707933635,0,0,0,11.1987232960114,19.0482459343843,9.9384541000348,0,4.28230475071404,0,0,0,0,3.33181773369211,1.2725148553467,0,0,4.87579974803566,0,0,0,0,0,0,0,0,0,0,0,0,0,0,481.926267440055,11.0322917773583,0,0,0,0,0,0,2.26859310542289,0
HERV_dup517,chr12,132889550,132898380,+,8831,0,21.6802588983046,8.12016746911552,1.30538759375927,0,13.4497785666523,11.6275423082497,18.1547420812249,3.08452818684488,0,0,0,110.870908577102,0,5.80412391561135,13.4848996993224,0,5.25123503347582,0,0,0,0,25.1477389353208,3.18266687972598,0,0,6.53258858933998,15.7640656008697,2.29348940770034,2.72815856388789,1.42743491690468,0,13.2612886980451,0,0,2.22121182246141,10.4982475566103,10.8886512121528,26.4041099043856,6.26888539033157,4.13059979112411,17.1568172213172,24.2800686295227,0,15.4556980016177,28.7421057298802,6.67984063122335,6.03164828535336,0,0,0,0,6.35251809644256,5.36918980745004,0,13.6952587581,15.0671509808139,30.998333225671,19.5131040564117,17.6238064322485,14.5988455553058,5.13019854698669,3.78098850903815,1.06371623619786
HERV_dup518,chr12,133085522,133096478,-,10957,43.118584452746,83.1076591101675,177.483660396382,75.7124804380378,464.531354898076,214.405293621339,114.337499364455,246.601913269971,149.085529030836,160.546515608717,205.586987460378,150.735024618884,294.683204375982,44.4410040103302,99.7254018227768,5.77924272828103,38.8444511280849,173.290756104702,79.2223170898169,39.9215243141946,83.5579855167054,83.021246813754,73.7667008769409,198.689346634322,180.588557416906,91.3293163688062,325.696202525665,375.053394087359,117.732456261951,141.86424532217,162.727580527134,104.164651556186,96.1443430608272,10.2893495497569,134.260627480187,141.046950726299,425.974347827307,331.061331535453,338.066907168651,494.545403015046,511.368254141165,281.573647338089,358.940347906444,218.638661064716,188.278502928798,97.860026651735,203.401147220751,110.379163621966,373.451939018937,269.712672712979,64.7646239748375,36.2977745541886,181.046765748613,67.7860213190567,0,128.202838929992,171.289716413463,87.0688477368113,185.374488535911,77.5447483018935,193.569878103685,133.385162221654,48.0185540647845,23.4017571963529
HERV_dup519,chr12,14213869,14220318,+,6450,13.1230474421401,0,0,0,19.7349922015522,6.32930756077755,17.4413134623745,10.5902662140478,8.225408498253,0,0,0,0,4.2324765724124,2.11059051476776,0,8.74000150381909,0.875205838912637,14.2193902468902,0,0,0,0,1.81866678841485,17.0119655537666,0,0,0,12.9964399769686,1.36407928194394,0,0,0,0,0,2.22121182246141,7.95321784591687,3.24342802064125,0,2.78617128459181,3.30447983289929,9.08302088187383,0.404667810492045,12.6137689075798,18.2658249110028,8.89636605924864,11.3557290730797,0,0,0,0,0,0,2.01344617779376,0,20.54288813715,0,0,0,0,56.7732882706338,0,0,23.4017571963529
HERV_dup530,chr12,17296990,17304852,+,7863,13.1230474421401,0,0,0,25.8072974943376,0,0,3.02579034687081,0,1.13862777027459,0,0.70436927392002,0,3.1743574293093,0,0,0,1.31280875836895,0,0,0,0,13.4121274321711,0,0,15.1120451545507,0,1.31367213340581,0,5.45631712777578,0,0,6.63064434902256,7.34953539268349,0,15.5484827572298,0.954386141510024,0.926693720183214,35.3626471933735,0,0,0,0,2.52275378151596,37.9367132766981,28.0577698791688,2.33794422092817,20.5076041702014,26.4056926579047,0,12.9529247949675,0,0,1.34229745186251,0,0,0,0,0,0,0,0,0,0
HERV_dup54,chr10,42486651,42494526,+,7876,1006.72521091846,867.210355932182,489.53009599525,878.52585059999,780.291230122912,847.336049699094,341.074574375324,500.768302407119,590.173059749653,567.036629596744,445.438472830818,182.431641945285,1374.21573525829,83.591412305145,709.686060590661,1051.82217654715,245.691153385137,570.196604051583,912.072317264815,268.804930382244,377.358644268992,931.184254802917,340.332733591341,1096.20140671705,243.401968692352,161.633178609542,717.651517886063,639.75832896863,472.076569751653,306.917838437387,639.490842773297,709.45974119611,2058.81507037151,392.465189969298,21.8903196978565,345.398438392749,708.154517000438,1627.27417264172,645.95768873229,981.428834997464,1783.59298980739,984.49854114088,880.961823441181,617.233758544238,2175.03822786402,1124.36380271889,464.582915901584,367.327380578019,833.665439628133,0,85.4893036467855,259.091011473002,25.4100723857702,961.084975533557,2579.32368489043,1947.00928677655,28.5482860689105,519.677939371544,258.105149109809,610.958622984616,157.883811190715,177.846882962205,848.453821428161,573.343051310647
HERV_dup551,chr1,225220717,225229201,+,8485,0,0,4.64009569663744,7.179631765676,37.9519080799082,15.8232689019439,5.81377115412483,3.02579034687081,6.16905637368975,4.55451108109834,0,10.5655391088003,0,26.4529785775775,3.69353340084359,5.77924272828103,0,3.06322043619423,24.3760975660975,0,0,0,0,7.7293338507631,0,0,9.33226941334283,12.4798852673552,0,0,0,0,0,0,0,0,0.954386141510024,1.62171401032062,0,13.930856422959,0,2.01844908486085,0.809335620984089,0,11.2405076375402,0,0,1.80949448560601,0,0,0,6.25823699210149,0,8.72493343710631,0,20.9233119915417,0,10.0288725141877,1.77391855058288,0,0,0,6.42768046536486,0
HERV_dup553,chr1,226491292,226494771,-,3480,0,7.22675296610152,5.8001196207968,11.0957945469538,0,0.791163445097193,0,10.5902662140478,27.7607536816039,2.27725554054917,0,12.6786469305604,0,1.0581191431031,2.11059051476776,0,0,17.5041167782527,2.03134146384146,0,0,8.97526992581125,0,14.0946676102151,0,0,4.66613470667141,34.812311535254,22.9348940770034,12.2767135374955,0,33.6850863241396,0,44.0972123561009,1.45935464652377,9.99545320107633,1.2725148553467,16.448813533252,8.48703532640965,5.57234256918361,14.8701592480468,5.04612271215213,3.6420102944284,4.20458963585993,7.02531727346261,0,0,0,0,0,12.9529247949675,1.2516473984203,6.35251809644256,10.7383796149001,0,22.8254312635,0,16.4108822959435,3.54783710116576,0,29.1976911106117,1.7100661823289,0,0
HERV_dup554,chr1,226536208,226541739,-,5532,0,0,24.3605024073466,7.179631765676,0,69.622383168553,31.0067794886658,58.2464641772631,5.14088031140813,10.2476499324713,0,47.8971106265614,0,3.1743574293093,12.6635430886066,21.1905566703638,14.5666691730318,9.627264228039,0,0,0,9.47389603280076,0,0,77.208151359402,0,2.79968082400285,1.97050820010872,6.88046822310101,2.72815856388789,5.70973966761872,0,3.31532217451128,27.9282344921972,17.5122557582852,16.6590886684605,51.5368516415413,14.132079232794,49.507706070723,55.0268828706882,31.3925584125433,65.0949829867625,43.2994557226488,26.0684557423316,129.968369559058,40.3758151919746,26.7193625248934,39.2057138547968,9.43060452068023,0,0,7.50988439052179,0,8.05378471117506,0,44.1291671094333,5.55105562451037,13.2198774050656,0.886959275291439,18.7987268610651,0,11.9704632763023,18.9049425451908,60.6318254632781
HERV_dup556,chr1,226833700,226836825,+,3126,0,0,0,0.652693796879636,0,3.95581722548597,11.6275423082497,3.02579034687081,0,5.69313885137293,0,4.93058491744014,2.91765548887111,25.3948594344744,13.7188383459905,0,0,3.06322043619423,10.1567073192073,0,26.9541888763566,0,10.0590955741283,5.00133366814083,0,0,0,0,3.05798587693378,24.553427074991,0,10.3646419458891,0,5.87962831414679,0,3.33181773369211,3.18128713836675,0,0,4.87579974803566,0,5.04612271215213,2.83267467344431,12.6137689075798,9.83544418284766,0,8.68379282059035,0,0,0,25.905849589935,21.2780057731451,0,12.0806770667626,0,6.46720552465833,68.1986833868417,16.4108822959435,22.173981882286,0,55.6918923035741,18.8107280056179,0,0
HERV_dup562,chr12,29133785,29140551,-,6767,262.460948842802,39.7471413135584,544.05122043074,107.04178268826,68.3134345438347,569.637680469979,248.054235909326,116.492928354526,85.3386131693749,232.280065136015,112.583350275921,571.947850423057,455.154256263894,77.2426974465263,139.298973974672,142.554653964265,186.453365414807,164.101094796119,30.4701219576219,39.9215243141946,175.202227696318,56.5940631433098,58.6780575157485,301.898686876864,497.272839263945,106.441361523357,38.2623045947056,117.57365593982,50.8390152040242,417.408260274847,141.316056773563,67.3701726482792,6.63064434902256,110.243030890252,64.2116044470457,318.743896523212,231.597703673099,120.933530483909,22.1605922411808,442.304691428949,300.707664793835,171.063559941957,166.31847011223,257.320885714628,73.7658313713574,218.303136376947,111.55333854143,617.037619591649,33.9501762744488,0,10.362339835974,456.851300423409,184.223024796834,297.318885587546,814.523268912768,406.673100344691,110.228104543849,512.840071748234,367.201139970656,267.881857770178,346.587407442631,460.007803046473,311.553453144744,525.475820681743
HERV_dup565,chr1,229412496,229420609,+,8114,56.2416318948861,43.3605177966091,162.40334938231,22.8442828907873,0,14.2409420117495,114.337499364455,323.759567115177,98.7049019790361,151.43749344652,0,128.899577127364,99.2002866216178,93.1144845930729,195.229622616018,11.5584854565621,32.04667218067,133.468890434177,138.131219541219,553.578470490166,145.552619932326,5.73420023037941,45.2659300835774,97.2986731801943,203.489280277746,117.611134028894,102.654963546771,151.072295341668,134.551378585087,139.136086758282,196.986018532846,141.995594658681,251.964485262857,7.34953539268349,0,645.262034425038,698.610655585337,288.665093837071,396.061648565784,280.706756922625,498.150334809568,701.915669260361,437.850570952392,826.622322410062,136.291155105175,314.79449132726,407.136286473063,194.822239616913,228.220629400462,0,0,50.0658959368119,0,6.71148725931255,0,2.66296698074166,0,0,0,0,0,44.4617207405513,1.13429655271145,0
HERV_dup568,chr1,23000323,23005674,-,5352,0,0,3.48007177247808,0,7.59038161598163,0,17.4413134623745,6.80802828045932,2.05635212456325,1.13862777027459,0,9.86116983488029,0,0,1.05529525738388,0,0,0,0,0,0,0,6.70606371608554,0,0,0,1.86645388266857,5.25468853362325,1.14674470385017,0,18.5566539197608,22.2839801836616,0,0,1.45935464652377,6.66363546738422,10.1801188427736,2.54840773050384,7.07252943867471,1.3930856422959,7.4350796240234,6.55995952579777,9.30735964131703,24.3866198879876,8.43038072815514,0,0.333992031561167,3.01582414267668,0,0,0,0,0,0.671148725931255,0,5.706357815875,0,0,7.09567420233151,0,0,15.3905956409601,0,0
HERV_dup57,chr10,42645191,42654770,+,9580,129.355753358238,224.029341949147,80.0416507669958,62.6586045004451,100.193037330958,37.1846819195681,19.3792371804161,88.5043676459712,25.7044015570406,87.6743383111431,0,69.732558118082,0,235.960568911991,79.1471443037911,159.892382149109,193.251144362222,75.2677021464868,75.159634162134,0,167.115971033411,43.1311582545929,87.178828309112,44.10266961906,25.5179483306498,174.117041998084,83.9904247200854,31.5281312017395,38.9893199309058,32.7379027666546,135.606317105945,186.563555026004,258.59512961188,198.437455602454,107.992243842759,86.6272610759948,107.527505276796,85.4874956869015,137.678573072868,82.1920528954583,58.6545170339624,51.4704516639517,118.163000663677,132.865032493174,132.778496468443,114.968422919521,176.681784695858,80.824087023735,73.5587152613058,0,106.213983318733,128.919682037291,60.3489219162043,39.597774829944,0,16.7386495932333,106.263064812056,23.7046077608073,23.9479004328689,130.416167598639,62.7209660894621,109.444235669049,78.2664621370897,56.3769605184866
HERV_dup570,chr1,230601216,230609014,+,7799,5.62416318948861,0,3.48007177247808,11.0957945469538,0,0,13.5654660262913,4.53868552030621,11.3099366850979,15.9407887838442,0,0,0,0,10.5529525738388,0,0.971111278202122,0,0,0,0,1.7451913744633,0,6.82000045655567,0,19.0543178035639,5.5993616480057,0.656836066702906,0.764496469233446,0,9.99204441833276,0,0,0,0,0,12.4070198396303,3.47510145068705,0,0.696542821147952,6.60895966579858,0,2.02333905246022,0.840917927171986,0,0,0.667984063122335,0,0,0,0,1.2516473984203,0,11.4095283408313,0,9.51059635979166,5.55105562451037,0,0.886959275291439,0,1.08139596705969,0,13.2334597816335,0
HERV_dup572,chr1,231829690,231835648,-,5959,0,0,2.32004784831872,0,0,0,0,11.3467138007655,2.05635212456325,1.13862777027459,9.78985654573227,11.9742776566403,0,0,4.22118102953553,0,0,0,0,0,0,0,0,0,11.1232082466935,0,0,0,0,0,12.8469142521421,0,62.9911213157143,0,86.1019241449022,4.44242364492281,0,1.85338744036643,0,2.08962846344386,9.08731954047305,12.1106945091651,2.02333905246022,0,2.10759518203878,0,0,10.2538020851007,0,0,0,17.5230635778842,12.7050361928851,0.671148725931255,0,0,0,0,0,0,0,0,0,0
HERV_dup573,chr12,31935099,31944995,-,9897,1.87472106316287,32.5203883474568,15.0803110140717,5.87424417191673,136.626869087669,23.7349033529158,56.1997878232067,21.1805324280957,2.05635212456325,14.8021610135696,63.6340675472597,14.0873854784004,116.706219554845,9.52307228792791,27.4376766919809,7.70565697104138,51.4688977447124,2.18801459728159,0,0,29.6496077639922,10.4711482467798,15.0886433611925,10.4573340333854,1.96291910235768,7.88454529802643,2.79968082400285,17.0777377342756,7.26271645771774,38.1942198944304,2.85486983380936,10.3646419458891,56.3604769666918,36.7476769634174,16.0529011117614,7.77424137861492,17.8152079748538,6.95020290137411,33.005137380482,42.4891120900251,32.2186783707681,15.6429804076716,22.2567295770625,17.6592764706117,42.1519036407757,49.2721812512232,19.7055298621089,9.65063725656537,9.43060452068023,0,25.905849589935,0,69.8776990608681,2.68459490372502,393.686246641171,11.7931394861417,1.58601589271725,7.74958330641776,25.7218189834517,0,26.4942011929624,18.8107280056179,3.02479080723052,52.1220955736952
HERV_dup577,chr1,233680147,233689204,-,9058,0,0,3.48007177247808,4.56885657815745,1.51807632319633,2.37349033529158,11.6275423082497,9.07737104061243,4.1127042491265,75.1494328381226,0,17.6092318480005,0,0,9.49765731645494,0,4.85555639101061,3.06322043619423,42.6581707406706,0,0,4.98626106989514,6.70606371608554,0,0,0,2.79968082400285,0,16.4366740885191,1.36407928194394,2.85486983380936,0,0,1.4699070785367,0,3.33181773369211,4.13567327987677,10.1936309220154,5.18652158836145,3.48271410573976,14.8701592480468,5.04612271215213,5.26068153639658,6.72734341737589,3.51265863673131,0,7.68181672590685,3.01582414267668,16.9750881372244,0,0,0,0,0.671148725931255,0,10.271444068575,0,0,0,0,26.4942011929624,0,3.02479080723052,0
HERV_dup578,chr12,34075203,34088366,+,13164,11.2483263789772,18.0668824152538,0,3.26346898439818,0,4.74698067058316,0,0,1.02817606228163,11.3862777027459,0,0,11.6706219554845,0,2.6382381434597,0,0,0,0,0,0,0,0,6.82000045655567,0,12.4838633885419,0,7.88203280043487,4.9692270500174,0,9.99204441833276,3.62762468106119,0,0,0,0,3.49941585220342,0.231673430045803,0,4.87579974803566,0.826119958224823,0,0,0,0,0,6.34584859966218,4.22215379974735,0,0,15.543509753961,0,0,0,0,0,0,9.11715683107972,0,0,0,0,0,35.1026357945294
HERV_dup58,chr10,43293134,43300813,-,7680,0,7.22675296610152,66.1213636770835,0,28.8434501407302,0,96.8961859020805,9.83381862733013,0,1.13862777027459,0,7.04369273920021,0,0,7.38706680168717,0,62.1511218049358,3.06322043619423,0,0,56.6037966403488,82.5226207067645,35.2068345094491,0,0,2.62818176600881,36.395850712037,6.56836066702906,21.7881493731532,0,5.70973966761872,4.14585677835565,46.4145104431579,0,36.4838661630942,15.5484827572298,113.89007955353,70.6603961639701,1.41450588773494,13.2343136018111,5.78283970757376,115.051597837069,94.2875998446464,0,14.7531662742715,32.1637849834374,25.7173864302099,3.01582414267668,0,0,0,28.7878901636669,0,14.7652719704876,0,0,22.9972304444001,5.47029409864783,69.1828234727322,2.34984085763314,0,3.42013236465779,0,0
HERV_dup586,chr1,236931495,236938261,-,6767,24.3713738211173,0,42.9208851938963,3.26346898439818,0,3.95581722548597,52.3239403871235,20.424084841378,38.0425143044201,91.0902216219668,0,0,11.6706219554845,0,55.4030010126538,0,6.79777894741485,48.5739240596513,46.7208536683535,0,0,14.7094701561907,0,15.9133343986299,0.65430636745256,26.2818176600881,64.3926589520655,73.5656394707255,29.4331140654877,12.2767135374955,21.4115237535702,61.6696195780402,49.7298326176692,0,21.8903196978565,21.1015123133834,25.450297106934,26.6424444552674,31.1191295301687,43.185654911173,85.0903556971567,48.4427780366604,83.7662367718532,47.0914039216312,16.8607614563103,0,21.7094820514759,24.7297579699488,0,0,10.362339835974,18.7747109763045,50.8201447715405,0,0,4.94551010709166,0,0,0,4.69968171526627,0,0,0,0
HERV_dup591,chr12,39188962,39201157,-,12196,26.2460948842802,43.3605177966091,0,0,0,0,0,0.756447586717702,1.02817606228163,2.27725554054917,0,2.11310782176006,70.0237317329067,0,0,5.77924272828103,0,0,0,0,0,0,0,0,0,0,1.86645388266857,1.31367213340581,0,9.54855497360761,0,0,0,2.93981415707339,42.3212847491892,0,0,0.231673430045803,0,0,0,0,3.6420102944284,0,4.91772209142383,0,0.333992031561167,0.603164828535336,0,0,0,0,0,0.671148725931255,0,0,0,0,0,0,0,0,0,0
HERV_dup595,chr1,241433880,241440639,+,6760,5.62416318948861,0,1.16002392415936,0,0,7.91163445097193,0,3.78223793358851,2.05635212456325,2.27725554054917,0,9.15680056096027,0,0,0,0,0,1.31280875836895,0,0,0,0,0,10.9120007304891,0,0,10.2654963546771,0,0,1.36407928194394,14.2743491690468,0,0,5.87962831414679,0,0,4.45380199371345,4.17012174082446,5.18652158836145,2.08962846344386,4.13059979112411,3.53228589850649,12.9493699357454,1.68183585434397,0.702531727346261,0,0,8.4443075994947,0,0,0,0,0,0,0,3.80423854391666,0,2.27928920776993,0,0,0,0,7.18387816717249,0
HERV_dup597,chr1,242210249,242220339,+,10091,0,357.724271822025,11.6002392415936,11.7484883438335,63.7592055742457,2.37349033529158,34.882626924749,133.134775262316,43.1833946158283,1.13862777027459,166.427561277448,115.516560922883,0,43.3828848672271,44.850048438815,119.437683051141,0,4.37602919456318,199.071463456463,71.8587437655504,328.84110429155,39.6407755056663,211.241007056694,5.00133366814083,211.995263054629,10.5127270640352,5.5993616480057,49.9195410694208,88.299342196463,4.09223784583183,292.62415796546,163.761342745048,139.243531329474,113.182845047326,0,76.6318078749185,87.8035250189222,165.646502482749,214.061891010554,64.0819395456116,175.963551101887,59.5442480033951,72.0308702675839,211.91131764734,316.841809033164,55.4312039076261,483.62046170057,174.314635446712,94.3060452068023,127.410280974843,142.482172744642,38.8010693510292,1054.51800400946,5.36918980745004,0,1.141271563175,3.1720317854345,37.8362008489808,31.9305339104918,0,198.976857938983,270.190456807966,47.6404552138807,35.1026357945294
HERV_dup599,chr12,42289229,42304112,-,14884,16.8724895684658,18.0668824152538,2.32004784831872,19.5808139063891,0,17.4055957921383,27.1309320525826,9.07737104061243,13.3662888096611,3.41588331082376,0,9.15680056096027,2.91765548887111,5.2905957155155,7.38706680168717,3.85282848552069,0,2.18801459728159,8.12536585536583,0,53.9083777527132,12.7149657282326,26.8242548643422,5.91066706234825,0,46.6502263466564,18.6645388266857,5.91152460032615,9.55620586541808,5.45631712777578,17.1292190028562,37.8309431024953,19.8919330470677,14.699070785367,4.3780639395713,0,0.318128713836675,12.5103652224734,26.8756118669639,31.3444269516578,1.65223991644965,10.5968576955195,13.3540377462375,15.9774406162677,13.348102819579,2.0530075521343,23.7134342408429,0.603164828535336,35.8362971785849,0,10.362339835974,6.25823699210149,3.17625904822128,8.72493343710631,434.41241008681,13.6952587581,2.37902383907587,38.2920586905348,14.191348404663,10.5742838593491,16.7616374894252,0,15.5020528870564,22.3380409601551
HERV_dup600,chr12,42443811,42451511,+,7701,669.275419549144,888.890614830487,1350.26784772149,1413.08207024441,1029.25574712711,1660.65207125901,717.031775675396,1156.60836009137,1403.46032501442,1599.77201723579,680.395029928392,1512.9852003802,726.496216728907,1084.57212168068,1816.16313795766,1250.24284355146,1428.50469023532,1522.85815970799,1094.89304901055,2845.07396612494,1660.37803478357,954.121055724434,623.663925595955,1530.8627691482,1697.27071717194,1685.97860289465,2068.03090199677,2166.24534798618,1009.13533938815,1096.71974268293,1201.90020003374,1587.34491401292,1253.19178196526,1355.25432641083,950.039874886972,1372.70890628115,1394.35815274614,1531.82471946285,1167.43885934391,1673.79239921853,2233.82836703992,1968.49247001055,1590.74916304423,1748.26837059056,1504.12042824835,1402.20415810773,1240.11241318661,1496.45193959617,761.992845270963,977.915273456261,909.295320606718,767.259855231643,848.061165875081,1121.48952103113,590.529369961757,1460.827600864,786.663882787756,1083.57408937382,953.481220938297,1103.25028265876,1064.63432957027,651.53521546731,1470.80453001584,608.445687105176
HERV_dup61,chr10,43445656,43465048,-,19393,3.74944212632574,18.0668824152538,1.16002392415936,2.61077518751854,0,2.37349033529158,17.4413134623745,6.05158069374162,0,10.2476499324713,0,14.0873854784004,5.83531097774223,3.1743574293093,4.74882865822747,7.70565697104138,0,1.31280875836895,0,2.66143495427964,0,5.23557412338989,1.67651592902138,0,1.96291910235768,8.54159073952864,0,2.62734426681162,0.382248234616723,4.09223784583183,2.85486983380936,1.55469629188337,29.8378995706015,10.2893495497569,48.1587033352843,35.5393891593825,5.09005942138679,6.25518261123669,15.5595647650844,3.48271410573976,0.826119958224823,9.58763315308905,11.3306986937772,8.40917927171986,5.62025381877009,7.52769435782577,4.67588844185634,8.4443075994947,0,1.65467897369926,0,0,0,2.01344617779376,0,10.6518679229667,0,21.4253185530373,0.886959275291439,3.52476128644971,10.8139596705969,85.5033091164448,0.75619770180763,0
HERV_dup612,chr1,247106816,247111558,+,4743,224.966527579544,75.8809061440659,73.0815072220397,118.790271032094,221.639143186664,344.156098617279,112.399575646413,104.389766967043,202.55068426948,207.230254189975,122.373206821653,164.822410097285,186.729951287751,113.218748312032,200.506098902938,104.026369109059,40.7866736844891,87.95818681072,162.507317107317,26.6143495427964,191.374741022132,124.656526747378,266.5660327144,182.776012235692,294.437865353652,177.402269205595,229.573827568234,221.353754478879,173.922946750609,306.917838437387,107.057618767851,162.206646453165,112.720953933384,133.761544146839,119.667081014949,156.595433483529,68.0795447610484,87.5725565573137,96.6579023285543,121.894993700892,68.5679565326603,101.931678785473,157.415778281405,193.411123249557,121.537988830903,93.7540115474664,61.1205417756936,69.3639552815636,265.943047483183,642.015441795312,116.576323154707,170.224046185161,19.0575542893277,95.9742678081694,264.72006239665,284.557043084966,110.228104543849,134.478063258426,179.165773608871,132.766008456272,209.79081760958,75.2429120224715,118.344940332894,132.964529524733
HERV_dup613,chr1,247286262,247291931,+,5670,41.2438633895831,28.9070118644061,40.6008373455776,19.5808139063891,15.1807632319633,6.32930756077755,62.0135589773315,49.9255407233683,29.8171058061671,9.10902216219668,4.89492827286613,16.2004933001605,20.4235884220978,57.1384337275674,22.1612004050615,86.6886409242155,22.3355593986488,28.0065868452044,10.1567073192073,2.66143495427964,24.2587699887209,29.4189403123813,174.357656618224,14.0946676102151,35.9868502098908,117.611134028894,24.2639004746913,26.9302787348191,191.888613777595,174.602148088825,79.9363553466621,72.0342615239293,29.8378995706015,10.2893495497569,0,9.99545320107633,22.2690099685672,7.87689662155732,99.9584160666025,6.26888539033157,2.47835987467447,4.54151044093692,8.49802402033294,18.5001943977837,44.2594988228145,10.9493736113829,24.047426272404,45.8405269686855,0,4.96403692109777,2.5905849589935,10.0131791873624,60.3489219162043,18.1210156001439,0,4.5650862527,8.72308740994487,10.0288725141877,11.5304705787887,11.7492042881657,0,18.8107280056179,4.9152850617496,0
HERV_dup614,chr1,247353046,247367760,+,14715,434.935286653786,690.154908262695,255.205263315059,77.6705618286767,2477.50055945641,166.935486915508,548.432412205776,295.014558819904,272.466656504631,552.234468583174,1816.01838923334,257.799154254728,2996.43218707063,305.796432356796,837.37678673411,219.611223674679,646.760111282613,325.138969156045,1458.50317103817,1610.16814733918,2592.9929699055,105.210108574787,831.551900794607,153.677343621054,529.333851269121,404.082946523855,416.21921583509,375.053394087359,435.380739228448,571.549219134512,598.095230183061,269.998922690411,278.487062658948,105.833309654642,602.713469014316,123.277256146608,130.1146439592,61.1617855320921,288.559201097928,94.7298236761215,231.31358830295,230.103195674137,154.583103607961,179.956436414805,479.829169777497,375.700382040577,152.300366391892,107.966504307825,348.932367265169,0,158.025682498603,230.303121309335,343.035977207898,46.9804108151878,2782.95450211863,168.527767495508,285.482860689105,187.813430720242,211.983266794654,286.680584631243,246.55828048961,191.527412420836,79.0226598388974,249.973315506497
HERV_dup626,chr12,50491729,50498711,-,6983,0,18.0668824152538,11.6002392415936,3.26346898439818,42.5061370494971,22.9437399078186,25.1930083345409,11.3467138007655,0,45.5451108109834,0,4.93058491744014,2.91765548887111,21.162382862062,6.85941917299523,0,0,0,0,0,0,6.98076549785319,26.8242548643422,0.454666697103712,20.2834973910293,28.2529539845947,0.933226941334283,2.62734426681162,8.79170939618463,0,15.7017840859515,2.07292838917782,26.5225773960902,30.8680486492706,0,0,26.404683248444,22.7039961444887,27.3471138295422,11.1446851383672,11.5656794151475,36.3320835274953,13.3540377462375,19.3411123249557,16.8607614563103,1.36867170142287,12.023713136202,11.4601317421714,24.5195717537686,0,0,1.2516473984203,12.7050361928851,0.671148725931255,0,9.89102021418333,15.0671509808139,5.92615194020182,15.0783076799545,31.7228515780474,16.7616374894252,49.591919287538,25.3326230105556,38.293784503123
HERV_dup631,chr12,54941577,54948815,-,7239,892.367226065526,36.1337648305076,120.642488112573,44.3831781878153,324.868333164014,48.2609701509288,44.5722455149571,661.891638377989,7428.57204998474,212.923393041347,137.057991640252,118.334038018563,0,65.6033868723922,5422.63468006708,518.205431302532,537.024536845773,7233.13865569349,2053.68621994371,5988.2286471292,180.593065471589,6415.57280558058,3646.42214562151,7364.23649298882,4590.61347404716,5934.4344276479,7883.90120039202,12586.2927101611,4897.36438190946,1317.70058635785,4807.60080013496,8645.6660791634,421.045916162933,120.532380440009,65.6709590935695,2137.9163791191,4458.57392442099,2635.05359334097,1152.82229850398,82.1920528954583,713.767643906247,8144.94666968475,6136.38267830136,3062.62309076037,5.62025381877009,72.539600175412,355.367521581082,90.4747242803004,69.7864734530337,94.3167015008577,0,2.5032947968406,3.17625904822128,4.02689235558753,0,0,14.2741430344552,14.5874509297275,17.7391855058288,0,25.4128052259027,3.42013236465779,25.3326230105556,4.25486494479144
HERV_dup632,chr12,55083214,55100376,-,17163,61.8657950843747,18.0668824152538,2.32004784831872,11.7484883438335,0,0,9.68961859020805,1.5128951734354,1.02817606228163,11.3862777027459,63.6340675472597,0,84.6120091772623,0,0,15.4113139420828,0.971111278202122,1.75041167782527,0,0,72.7763099661628,6.23282633736892,1.67651592902138,1.36400009131113,11.1232082466935,0.657045441502203,3.73290776533713,0.656836066702906,2.29348940770034,8.18447569166366,7.1371745845234,2.07292838917782,3.31532217451128,1.4699070785367,16.0529011117614,2.22121182246141,12.0888911257936,2.54840773050384,11.7875490644578,1.3930856422959,2.47835987467447,1.51383681364564,12.1400343147613,3.36367170868794,10.5379759101939,0.684335850711434,5.00988047341751,1.80949448560601,11.3167254248163,1.65467897369926,7.7717548769805,8.76153178894209,0,0,0,10.271444068575,0,0.455857841553986,8.86959275291439,0,51.9070064188652,0,3.02479080723052,51.0583793374973
HERV_dup634,chr12,57657406,57667271,+,9866,11.2483263789772,0,3.48007177247808,6.52693796879636,0,0,1.93792371804161,0.756447586717702,0,2.27725554054917,0,1.40873854784004,0,0,0,0,0,0.437602919456318,0,0,0,2.24381748145281,1.67651592902138,0,0,8.54159073952864,2.79968082400285,3.28418033351453,2.67573764231706,0,0,0,3.31532217451128,0,20.4309650513327,0,0.636257427673349,0,7.54403140125302,2.08962846344386,0,3.02767362729128,0,0,0,0,0,0,3.77224180827209,0,0,12.516473984203,0,4.69804108151878,0,21.684159700325,0,15.9550244543895,21.2870226069945,0,0,0,7.18387816717249,0
HERV_dup640,chr12,59470983,59477546,+,6564,0,0,1.16002392415936,0,0,0,0,0.756447586717702,0,1.13862777027459,0,0,0,0,0,0,0,5.25123503347582,0,0,0,1.7451913744633,36.8833504384705,0,0,0,0,0,0,0,0,0.518232097294456,0,0,0,1.1106059112307,4.13567327987677,0.695020290137411,8.48703532640965,0,2.47835987467447,2.52306135607606,5.66534934688862,0,0,0,8.34980078902918,0,0,0,0,16.2714161794639,0,1.34229745186251,0,0,10.3091033026621,0,1.77391855058288,0,59.476778188283,54.7221178345247,0,4.25486494479144
HERV_dup65,chr10,4948459,4956078,+,7620,46.8680265790717,61.4274002118629,22.0404545590278,13.7065697344724,25.8072974943376,56.9637680469979,11.6275423082497,22.6934276015311,31.8734579307304,40.9905997298851,9.78985654573227,83.8199435964824,160.471051887911,25.3948594344744,73.8706680168717,44.3075275834879,11.6533353384255,26.6937780868354,109.692439047439,0,16.1725133258139,0,21.794707077278,57.2880038350677,251.907951469235,50.5924989956696,47.5945740080484,51.8900492695296,45.8697881540068,12.2767135374955,45.6779173409498,28.5027653511951,43.0991882686467,0,0,47.7560541829202,25.450297106934,16.448813533252,0.471501962578314,46.6683690169128,62.7851168250865,16.652204950102,21.4473939560784,21.8638661064716,21.0759518203878,23.9517547749002,14.3616573571302,41.0152083404028,79.217077973714,0,0,21.2780057731451,63.5251809644256,6.04033853338129,0,26.249245953025,13.4811350880966,47.4092155216145,38.1392488375319,27.0231698627811,122.197744277745,35.9113898289068,40.4565770467082,87.2247313682246
HERV_dup661,chr12,76291618,76300850,+,9233,7.49888425265148,0,25.5205263315059,9.13771315631491,0,30.0642109136933,42.6343217969154,20.424084841378,19.5353451833509,10.2476499324713,0,57.7582804614417,0,22.2205020051651,27.4376766919809,5.77924272828103,17.4800030076382,15.3161021809711,0,0,24.2587699887209,10.9697743537693,5.02954778706415,2.72800018262227,0,11.8268179470396,9.33226941334283,15.7640656008697,25.6106317193204,60.0194884055335,1.42743491690468,4.14585677835565,0,64.6759114556147,10.2154825256664,66.6363546738422,57.5812972044381,37.0677488073286,31.590631492747,7.66197103262747,40.4798779530163,50.4612271215213,30.7547535973954,46.2504859944592,0,36.9541359384174,21.3754900199147,13.2696262277774,15.0889672330884,0,0,97.6284970767832,57.172662867983,49.6650057189129,0,69.6175653536749,0,51.0560782540464,18.6261447811202,49.3466580102959,0,17.100661823289,219.675432375117,20.2106084877594
HERV_dup662,chr12,76687410,76698035,-,10626,9.37360531581435,101.174541525421,5.8001196207968,9.13771315631491,0,0,0,4.53868552030621,0,0,53.8442110015275,3.5218463696001,0,6.3487148586186,0,0,0,3.93842627510687,0,0,40.4312833145349,4.98626106989514,8.38257964510692,16.3680010957336,0,0,2.79968082400285,2.62734426681162,5.73372351925085,1.36407928194394,15.7017840859515,15.0287308215392,33.1532217451128,33.807862806344,0,1.1106059112307,7.31696041824352,7.18187633141991,0,18.8066561709947,0,13.1199190515955,9.30735964131703,0.840917927171986,2.10759518203878,13.0023811635172,18.3695617358642,0,0,0,10.362339835974,25.032947968406,60.3489219162043,4.02689235558753,0,4.18466239830833,61.0616118696141,38.2920586905348,67.4089049221494,0,12.4360536211864,131.675096039325,9.45247127259538,0
HERV_dup665,chr12,80782524,80788903,-,6380,0,0,13.9202870899123,0,0,0,13.5654660262913,1.5128951734354,0,34.1588331082376,48.9492827286613,4.22621564352012,0,33.8598125792992,2.11059051476776,1.92641424276034,8.74000150381909,12.6904846642332,0,0,2.69541888763566,2.24381748145281,25.1477389353208,0,39.2583820471536,18.3972723620617,7.46581553067426,0,0,9.54855497360761,37.1133078395217,0,6.63064434902256,0,17.5122557582852,5.55302955615352,1.59064356918337,0.695020290137411,0,2.08962846344386,4.13059979112411,2.01844908486085,0,5.8864254902039,6.32278554611635,0,2.67193625248934,2.41265931414134,16.9750881372244,0,0,0,0,0,0,0,0,0,4.4347963764572,18.7987268610651,9.19186572000737,0,0,45.739798156508
HERV_dup670,chr12,8282690,8290614,-,7925,35.6197002000945,14.453505932203,124.122559885051,84.8501935943527,110.819571593332,315.67421459378,141.468431417038,299.55324434021,188.156219397537,300.597731352491,137.057991640252,139.465116236164,110.870908577102,51.8478380120519,133.494850059061,3.85282848552069,12.6244466166276,185.981240768935,52.8148780598779,423.168157730463,102.425917730155,42.1339060406139,139.150822108775,243.701349647589,77.208151359402,229.965904525771,324.76297558433,435.482312224027,123.466179781202,66.8398848152532,117.049663186184,169.461895815287,79.5677321882707,11.7592566282936,105.073534549711,29.986359603229,60.4444556289682,29.8858724759086,49.9792080333013,97.5159949607133,121.439633859049,85.279473835371,56.2488256583942,68.9552700281028,16.8607614563103,12.3180453128058,35.4031553454837,30.1582414267668,26.4056926579047,0,0,41.3043641478698,19.0575542893277,57.0476417041567,0,188.309807923875,0,66.5552448668819,42.5740452139891,86.9441117324261,41.6337447317981,22.2308603702757,8.31817471988393,53.185811809893
HERV_dup671,chr12,8319624,8324920,-,5297,13.1230474421401,0,10.4402153174342,0,0,0,0,6.05158069374162,3.08452818684488,2.27725554054917,0,0,0,0,10.5529525738388,13.4848996993224,0,0,0,0,0,0,6.70606371608554,3.63733357682969,0,0.657045441502203,0,1.97050820010872,5.73372351925085,1.36407928194394,0,0,0,0,0,1.1106059112307,1.59064356918337,0,0,0,0,0,5.26068153639658,0,1.40506345469252,0.684335850711434,0,0,0,0,0,0,0,0,0,0,0,4.10272057398587,0,0,0,0,0,0
HERV_dup682,chr12,8787064,8796436,+,9373,11.2483263789772,426.37842499999,58.001196207968,79.6286432193156,22.7711448479449,6.32930756077755,139.530507698996,68.0802828045932,28.7889297438855,12.5249054730204,264.326126734771,0,43.7648323330667,57.1384337275674,0.527647628691941,15.4113139420828,1579.99804963485,61.2644087238846,0,87.8273534912282,53.9083777527132,17.451913744633,63.7076053028126,0,12.4318209815986,0,18.6645388266857,166.836360942538,130.346648004303,95.4855497360761,8.56460950142808,2.59116048647228,23.207255221579,36.7476769634174,96.3174066705686,8.88484728984563,7.31696041824352,1.62171401032062,29.2331216798555,0.696542821147952,3.30447983289929,26.7444503744063,7.68868839934885,19.3411123249557,58.3101333697397,13.6867170142287,8.01580875746802,5.42848345681802,107.508891535755,0,12.9529247949675,2.5032947968406,60.3489219162043,5.36918980745004,0,9.51059635979166,65.0266516014072,11.3964460388496,23.0609411575774,22.3234881475148,199.517555922513,6.84026472931559,4.9152850617496,79.7787177148395
HERV_dup692,chr12,92386730,92394176,+,7447,1.87472106316287,0,1.16002392415936,0,0,0,0,8.32092345389472,0,3.41588331082376,0,5.63495419136016,0,20.1042637189589,0,0,8.74000150381909,8.75205838912637,0,0,0,2.99175664193708,0,0,7.85167640943072,3.28522720751101,16.7980849440171,0,0,0,1.42743491690468,0,0,8.81944247122018,0,0,3.8175445660401,0,7.07252943867471,0,3.30447983289929,6.55995952579777,0.809335620984089,0,3.51265863673131,10.9493736113829,19.0375457989865,7.84114277095937,0,0,0,6.25823699210149,15.8812952411064,10.0672308889688,0,0,18.2391827662484,26.8956126516852,41.6870859386976,0,0,37.6214560112357,8.69627357078775,0
HERV_dup703,chr13,100283433,100286288,+,2856,0,0,9.28019139327488,0,0,0,0,2.26934276015311,0,0,14.6847848185984,0,0,5.2905957155155,9.49765731645494,9.63207121380172,0,7.43924963075741,0,0,40.4312833145349,5.73420023037941,0,0,0,0.657045441502203,0,0,1.52899293846689,10.9126342555516,1.42743491690468,0,0,0,2.91870929304753,0,0,0,5.18652158836145,0,0,0,2.02333905246022,0.840917927171986,0,72.539600175412,0,10.856966913636,0,0,0,0,28.5863314339915,0.671148725931255,0,14.4561064668833,0,5.01443625709384,15.9652669552459,0,0,3.42013236465779,6.42768046536486,0
HERV_dup710,chr13,110936165,110946623,+,10459,31.8702580737688,18.0668824152538,11.6002392415936,0,0,11.8674516764579,13.5654660262913,5.29513310702392,4.1127042491265,15.9407887838442,0,0,0,11.6393105741341,4.74882865822747,0,0,2.62561751673791,0,0,0,0,6.70606371608554,3.63733357682969,16.357659186314,7.88454529802643,3.73290776533713,5.25468853362325,8.02721292695118,10.9126342555516,0,0,0,7.34953539268349,0,1.1106059112307,3.18128713836675,5.79183575114509,6.12952551351808,4.17925692688771,4.13059979112411,8.07379633944341,7.68868839934885,19.3411123249557,23.1835470024266,0,3.33992031561167,0,0,0,2.5905849589935,0,0,0.671148725931255,0,18.6407688651917,0,1.36757352466196,0.886959275291439,0,42.1744427153279,0,9.07437242169156,71.2689878252567
HERV_dup717,chr13,19626335,19633920,+,7586,641.154603601701,325.203883474568,225.044641286916,257.814049767456,110.819571593332,90.9837961861772,583.315039130525,379.736688532287,451.369291341634,465.698758042305,352.434835646362,148.621916797124,566.025164840996,296.273360068868,292.316786295335,518.205431302532,219.471148873679,259.06092831814,221.416219558719,244.852015793727,331.536523179186,249.063740441262,263.213000856357,188.232012600937,245.36488779471,226.68067731826,331.29556417367,325.133853017938,366.958305232054,540.175395649802,231.244456538558,110.383436723719,295.063673531504,122.002287518546,208.687714452899,248.775724115677,221.735713544162,138.772384597436,204.631851758988,259.810472288186,255.27106709147,263.407605574341,228.637312928005,284.230259384131,255.721548754039,153.975566410073,95.1877289949327,276.249491469184,143.34518871434,21.5108266580904,259.05849589935,155.204277404117,368.446049593668,336.91666041749,692.344778575853,308.523745911641,133.225334988249,222.002768836791,180.939692159454,301.954550205858,192.488482136625,318.072309913175,232.90889215675,343.580344291909
HERV_dup723,chr13,24924812,24933223,+,8412,0,0,0,1.95808139063891,0,6.32930756077755,0,0.756447586717702,2.05635212456325,31.8815775676884,0,0,0,53.9640762982581,46.9606389535827,0,0,8.31445546967005,26.407439029939,0,0,0,0,4.54666697103712,0,12.4838633885419,12.1319502373457,16.4209016675726,10.3207023346515,0,15.7017840859515,0,53.0451547921805,69.0856326912248,0,16.6590886684605,0,9.03526377178634,5.18652158836145,4.17925692688771,6.60895966579858,7.06457179701298,18.210051472142,1.68183585434397,0.702531727346261,0.684335850711434,0,0.603164828535336,0,0,0,0,0,0,0,0,0,9.11715683107972,14.191348404663,18.7987268610651,0,0,5.29338391265341,0
HERV_dup724,chr13,27212431,27220815,+,8385,0,0,0,0,0,2.37349033529158,0,1.5128951734354,0,12.5249054730204,0,11.2699083827203,29.1765548887111,6.3487148586186,0.527647628691941,3.85282848552069,235.008929324913,9.18966130858268,0,0,0,2.74244358844233,0,0,0,0,0,11.1662131339494,2.29348940770034,35.4660613305425,1.42743491690468,0,0,0,0,1.1106059112307,0.636257427673349,7.41354976146571,0,7.66197103262747,0.826119958224823,6.05534725458256,0,5.8864254902039,0,0,0,1.20632965707067,0,0,20.724679671948,0,0,6.71148725931255,0,7.98890094222499,38.064381425214,10.4847303557417,0,8.22444300171598,9.73256370353722,0,0,0
HERV_dup728,chr13,36316325,36321264,+,4940,0,0,3.48007177247808,4.56885657815745,0,2.37349033529158,0,21.1805324280957,2.05635212456325,0,0,2.11310782176006,0,0,6.85941917299523,1.92641424276034,0,0,0,0,51.2129588650775,2.49313053494757,13.4121274321711,0,0,0,4.66613470667141,3.28418033351453,16.0544258539024,8.18447569166366,21.4115237535702,0,33.1532217451128,20.5786990995138,110.910953135806,21.1015123133834,0,3.93844831077866,0,9.75159949607133,1.65223991644965,26.7444503744063,10.5213630727932,13.4546868347518,9.83544418284766,26.6890981777459,0,9.65063725656537,0,0,0,0,0,0,0,25.10797438985,0,0,24.8348597081603,0,0,0,0,0
HERV_dup729,chr13,37968548,37973982,-,5435,0,3.61337648305076,5.8001196207968,1.30538759375927,22.7711448479449,27.6907205784018,0,9.07737104061243,0,1.13862777027459,93.0036371844565,9.86116983488029,0,0,11.0806002025308,19.2641424276034,65.0644556395421,6.56404379184477,0,0,0,7.97801771183222,0,2.72800018262227,48.4186711914894,0,21.4642196506885,8.53886886713778,0,2.72815856388789,0,0,0,0,49.6180579818081,9.99545320107633,11.1345049842836,6.02350918119089,11.7875490644578,46.6683690169128,4.95671974934894,8.07379633944341,15.7820446091897,0.840917927171986,0,9.58070190996007,4.67588844185634,13.8727910563127,1.88612090413605,0,0,0,15.8812952411064,6.04033853338129,0,11.41271563175,7.93007946358625,11.3964460388496,0,28.1980902915976,0,0,3.78098850903815,67.0141228804652
HERV_dup731,chr13,40874210,40881161,-,6952,59.9910740212118,79.4942826271167,271.44559825329,83.5448060005934,300.579111992873,120.256843654773,118.213346800538,156.584650450564,95.6203737921912,255.052620541507,39.1594261829291,87.3417899660825,52.51779879968,260.297309203363,86.0065634767864,102.099954866298,219.471148873679,157.974653923731,174.695365890365,0,118.598431055969,71.3035332995005,211.241007056694,88.20533923812,92.9115041782635,40.7368173731366,168.914076381505,153.69963960848,126.524165658135,105.034104709684,134.17888218904,126.966863837142,92.8290208863159,111.712937968789,167.825784350233,127.719679791531,367.438664481359,154.526177840551,215.476396898289,146.27399244107,305.664384543184,145.328334109981,187.765864068309,199.297548739761,138.398750287213,253.204264763231,142.94858950818,54.2848345681802,133.914584193659,76.1152327901658,150.253927621623,43.8076589447104,149.2841752664,111.410688504588,190.055429412979,139.995978416133,153.050533647215,96.641862409445,148.12219897367,186.812348181834,288.732723204937,259.930059713992,53.3119379774379,186.150341334626
HERV_dup732,chr13,41419198,41426048,-,6851,16.8724895684658,21.6802588983046,9.28019139327488,11.0957945469538,0,0,0,24.9627703616842,4.1127042491265,0,0,19.0179703958406,0,0,7.38706680168717,0,0,2.62561751673791,0,0,0,2.74244358844233,18.4416752192352,0,7.19737004197816,0,3.73290776533713,0.656836066702906,1.91124117308362,8.18447569166366,7.1371745845234,0,69.6217656647369,52.9166548273211,0,5.55302955615352,0.954386141510024,2.31673430045803,9.90154121414459,19.5031989921427,14.044039289822,12.1106945091651,29.1360823554272,13.4546868347518,55.5000064603546,6.1590226564029,37.4071075348507,108.56966913636,9.43060452068023,0,72.536378851818,50.0658959368119,0,10.7383796149001,0,0,115.779160168359,40.5713478983047,39.0262081128233,0,0,20.5207941879468,3.40288965813434,11.7008785981765
HERV_dup735,chr1,34630914,34637213,-,6300,0,3.61337648305076,0,0,0,0,0,4.53868552030621,0,27.32706648659,0,0,0,0,0,0,0,0,0,0,0,0,0,0,0,0,0,3.94101640021744,0,0,0,0,36.4685439196241,0,0,36.6499950706132,8.90760398742689,11.3519980722444,33.9481413056386,0.696542821147952,11.5656794151475,8.57840861065862,14.1633733672216,39.5231425770833,2.81012690938505,0,1.0019760946835,4.82531862828269,16.9750881372244,0,0,0,0,0,0,0,0,0,0,0,0,0,0.378098850903815,0
HERV_dup736,chr13,48056441,48062297,+,5857,0,14.453505932203,0,0,0,3.16465378038877,3.87584743608322,5.29513310702392,12.3381127473795,22.7725554054917,0,0,0,5.2905957155155,6.33177154430329,9.63207121380172,0,14.8784992615148,0,0,0,5.23557412338989,0,41.8293361335415,0,0,4.66613470667141,8.53886886713778,12.9964399769686,5.45631712777578,0,0,43.0991882686467,0,7.29677323261883,5.55302955615352,6.36257427673349,10.1936309220154,24.9896040166506,13.930856422959,12.3917993733723,11.6060822379499,21.4473939560784,3.36367170868794,4.91772209142383,0,4.00790437873401,2.41265931414134,0,0,7.7717548769805,0,0,4.69804108151878,0,28.1513652249833,0,5.01443625709384,7.98263347762295,9.39936343053255,0.540697983529845,30.7811912819201,0,0
HERV_dup739,chr13,51169864,51179997,+,10134,0,0,0,2.61077518751854,0,0,0,0,0,0,93.0036371844565,0,0,0,8.44236205907105,3.85282848552069,236.951151881318,10.5024700669516,4.06268292768292,194.284751662414,0,0.249313053494757,0,0.454666697103712,31.4067056377229,0,5.5993616480057,1291.99654320462,0.764496469233446,0,4.28230475071404,0,29.8378995706015,5.87962831414679,0,0,3.18128713836675,0,0,0,9.91343949869787,0.504612271215213,0.404667810492045,0,10.5379759101939,0,0,0,0,0,0,0,0,0,0,0,0,0,0,0,0,5.13019854698669,0,0
HERV_dup746,chr13,55053782,55062185,+,8404,0,7.22675296610152,0,0,13.6626869087669,15.0321054568467,0,0.756447586717702,0,12.5249054730204,0,0,163.388707376782,0,11.6082478312227,0,0,0,0,0,8.08625666290697,4.73694801640038,18.4416752192352,5.45600036524454,0,0,0,0,3.44023411155051,12.2767135374955,19.9840888366655,0,0,0,0,0,0,2.78008116054964,0.471501962578314,0.696542821147952,0,1.51383681364564,2.42800686295227,0,17.5632931836565,0,0,0,0,0,0,3.75494219526089,0,0,0,0,0,0,0,5.87460214408284,0,0,0,85.0972988958288
HERV_dup758,chr1,36330038,36337263,+,7226,20.6219316947916,50.5872707627106,61.4812679804461,25.4550580783058,15.1807632319633,60.9195852724839,166.661439751579,54.4642262436746,23.6480494324774,109.30826594636,190.902202641779,69.732558118082,198.400573243236,17.9880254327527,132.967202430369,177.230110333952,136.926690226499,16.6289109393401,16.2507317107317,98.4730933083468,70.0808910785271,29.9175664193708,55.3250256577057,100.48134005992,20.2834973910293,93.3004526933128,60.6597511867284,38.7533279354714,45.1052916847733,106.398183991628,72.7991807621387,78.7712787887573,96.1443430608272,74.9652610053715,33.5651568700466,68.8575664963036,119.298267688753,34.2876676467789,82.0413414886266,69.6542821147952,87.5687155718312,94.3624947172448,54.630154416426,95.0237257704344,47.7721574595458,100.597370054581,54.7746931760314,103.744350508078,67.9003525488977,321.007720897656,38.8587743849025,27.5362427652466,76.2302171573107,14.7652719704876,597.317063869364,111.464189336758,107.849080704773,34.1893381165489,86.0350497032696,125.716485883373,31.360483044731,13.6805294586312,14.7458551852488,341.452911819513
HERV_dup772,chr13,77931706,77939379,-,7674,0,0,1.16002392415936,0,0,0,0,0,0,0,0,21.8354474915206,0,0,0.527647628691941,7.70565697104138,31.0755609024679,0,0,0,0,0,0,0,0,0,0,14.4503934674639,0,0,1.42743491690468,3.62762468106119,33.1532217451128,13.2291637068303,0,4.44242364492281,12.4070198396303,0,9.90154121414459,7.66197103262747,0.826119958224823,14.129143594026,0.809335620984089,5.8864254902039,9.83544418284766,21.8987472227659,13.0256892308855,3.01582414267668,24.5195717537686,0,0,12.516473984203,38.1151085786553,6.04033853338129,0,14.836530321275,9.5160953563035,5.47029409864783,29.2696560846175,0,0,0,20.0392390979022,0
HERV_dup773,chr1,37907815,37914173,+,6359,222947.452994518,298172.214004866,90344.9832613793,87673.746959654,239629.865692863,50056.9111712994,135615.901788552,52867.3653881135,28635.7315106056,130144.015514615,311655.188205114,52764.3023093487,261182.684052764,178413.701195186,48024.3765730257,93858.7547357695,78602.7179689579,24068.1605700975,134389.488564823,103987.586533614,144738.60342826,61921.8830964928,141601.888397004,16407.5570983816,38929.2659443249,96740.0855795768,25388.4389389992,22566.259907645,37272.2608610074,83735.3708014109,53583.0519107679,56102.7703889032,105689.155601245,49819.5606128443,106287.717615619,43734.5501783539,56269.6525172895,35401.3218250091,49785.4207266816,26437.9793194917,29104.2061282605,30344.3543172556,31513.9104098785,49841.2055434836,50903.3413683281,137730.117650034,77590.6908280695,37869.7037595911,126321.061433608,256000.348057933,51731.3910461412,139501.109143536,87915.6741957168,21280.7838018282,1547607.78632208,30201.0889524456,65642.0257677815,42350.1051960484,33849.9137822225,64766.3137180845,114881.019164619,80838.2485710516,33470.4445785584,67855.5224232977
HERV_dup776,chr13,80183286,80190778,+,7493,0,0,6.96014354495616,5.87424417191673,0,0,0,6.05158069374162,4.1127042491265,0,0,0,0,21.162382862062,1.58294288607582,0,0,2.18801459728159,0,0,0,4.48763496290562,0,0,15.0490464514089,11.8268179470396,10.2654963546771,9.85254100054359,8.02721292695118,0,0,0,0,0,0,2.22121182246141,5.09005942138679,10.1936309220154,9.90154121414459,1.3930856422959,4.13059979112411,17.1568172213172,4.85601372590454,4.20458963585993,3.51265863673131,0,9.35177688371269,6.03164828535336,0,0,0,0,47.6438857233192,2.68459490372502,0,8.36932479661666,0,1.82343136621594,16.8522262305373,0,12.4360536211864,15.3905956409601,1.13429655271145,0
HERV_dup777,chr13,80392887,80412748,+,19862,7.49888425265148,3.61337648305076,17.4003588623904,12.4011821407131,21.2530685247486,8.70279789606913,0,23.4498751882488,23.6480494324774,25.0498109460409,0,2.81747709568008,0,0,26.910029063289,0,0,20.567337214447,0,271.466365336524,0,32.1613839008236,0,34.5546689798821,39.9126884146061,34.8234083996167,56.9268434213912,70.9382952039138,12.2319435077351,1.36407928194394,24.2663935873796,47.1591208537955,46.4145104431579,0,8.7561278791426,16.6590886684605,14.9520495503237,28.9591787557254,13.6735569147711,14.627399244107,59.4806369921872,37.3413080699258,28.3267467344431,5.8864254902039,9.1329124555014,7.52769435782577,6.34584859966218,9.04747242803004,9.43060452068023,0,0,1.2516473984203,3.17625904822128,0,0,0,27.7552781225519,9.5730146726337,5.32175565174863,0,32.4418790117907,0,0.378098850903815,0
HERV_dup78,chr10,55971710,55976876,+,5167,0,0,0,0,0,0,0,0,0,0,0,0,0,21.162382862062,0,0,0,0,0,0,0,0,0,0,0,0,0,0,0,0,0,0,33.1532217451128,0,0,4.44242364492281,6.36257427673349,5.79183575114509,0,4.87579974803566,8.26119958224823,27.7536749168367,12.1400343147613,51.2959935574911,0,0,15.6976254833749,7.84114277095937,0,11.5827528158948,0,0,0,0,0,0,1.58601589271725,0,0.886959275291439,0,0,0,20.0392390979022,0
HERV_dup799,chr13,99486872,99496752,-,9881,1921.58908974194,1716.35382944911,548.691316127377,286.53257683016,1161.32838724519,152.694544903758,1007.72033338164,548.424500370334,238.536846449337,857.386711016763,2755.84461762363,677.60324151106,892.802579594561,1057.06102396,590.965344134974,891.929794398039,629.280108274975,446.792580764901,1212.71085391335,1378.62330631686,784.366896301976,320.616586794257,814.786741504393,58.1973372292751,497.927145631398,676.756804747269,349.960103000356,245.656688946887,416.268327497611,874.374819726068,946.389349907803,323.895060809035,861.983765372933,599.722088042972,1834.40879068037,531.980231479507,431.382535962531,251.829018459788,475.27397827894,135.129307302703,251.966587258571,287.628994592671,373.103721273665,551.642160224823,605.582348972477,859.525828493561,536.391202687235,836.589617178511,673.345162776569,1307.19638922241,1528.44512580616,1433.13627119124,2010.57197752407,488.596272477954,20.3630817228192,138.854706852958,953.988559469426,892.11379592115,810.680777616375,1337.05944799326,1264.15188549278,3308.97806280642,690.030402899463,2333.79342221811
HERV_dup803,chr14,102234173,102245769,+,11597,0,0,5.8001196207968,0,0,7.12047100587474,0,12.8596089742009,6.16905637368975,20.4952998649425,0,2.11310782176006,8.75296646661334,0,12.6635430886066,0,0,0,16.2507317107317,0,0,1.24656526747378,16.7651592902138,11.3666674275928,4.58014457216792,0,14.9316310613485,8.53886886713778,9.9384541000348,20.4611892291592,7.1371745845234,1.03646419458891,33.1532217451128,19.1087920209771,1.45935464652377,34.4287832481518,15.5883069779971,13.4370589426566,6.60102747609639,16.7170277075508,11.5656794151475,24.2213890183302,10.1166952623011,14.2956047619238,23.1835470024266,13.0023811635172,7.34782469434568,1.20632965707067,3.77224180827209,0,5.181169917987,0,0,14.0941232445564,0,4.18466239830833,0,0,17.7391855058288,1.17492042881657,0,5.13019854698669,6.42768046536486,30.847770849738
HERV_dup831,chr14,23621507,23627767,+,6261,213.718201200567,339.657389406771,95.1219617810675,502.57422359732,63.7592055742457,647.962861534601,15.5033897443329,546.911605196899,111.043014726416,236.834576217114,151.74277645885,369.793868808011,259.671338509529,50.7897188689488,142.992507375516,23.1169709131241,6.79777894741485,74.8300992270304,67.0342683067681,790.446181421054,121.293849943605,32.1613839008236,25.1477389353208,87.7506725410163,94.2201169131686,109.726588730868,134.384679552137,147.131278941451,133.786882115853,70.9321226610851,58.5248315930919,106.237579945363,775.78538883564,326.319371435147,23.3496743443803,1130.59681763286,1305.60024158571,988.550526005444,385.688605389061,1028.09720401438,2472.57703496689,1558.74730578379,1123.76250973641,1391.71916946964,1534.32929252423,353.801634817811,1040.38517831304,723.797794242403,230.106750304598,367.338732161235,147.663342662629,23.7813005699857,0,7.3826359852438,0,31.5751799145083,9.5160953563035,24.1604656023612,36.365330286949,17.6238064322485,58.3953822212233,169.296552050561,24.9545241596518,0
HERV_dup84,chr10,61030615,61039899,-,9285,0,0,0,0,31.8796027871229,0,0,0,0,2.27725554054917,0,0,11.6706219554845,0,0,0,0,2.18801459728159,0,0,0,0.498626106989514,0,0,0,0,0,0,0,0,0,0,0,0,0,2.22121182246141,0,0,0,0,0,0,0,0.840917927171986,0,0,0,0,0,0,0,0,0,0,0,0,24.5832463371174,10.4847303557417,0,0,30.2790870776713,0,0,67.0141228804652
HERV_dup846,chr14,34141192,34154222,+,13031,0,0,0,0,0,0,0,0.756447586717702,7.19723243597138,0,0,4.93058491744014,2.91765548887111,0,0,0,0,7.87685255021373,0,0,0,0,11.7356115031497,0,24.2093355957447,11.1697725055374,2.79968082400285,3.28418033351453,1.91124117308362,0,0,0,19.8919330470677,14.699070785367,0,5.55302955615352,18.1333366886905,0,4.71501962578314,6.96542821147952,0,0,2.42800686295227,0,8.43038072815514,0,0,0,0,0,0,0,0,0,0,0,20.6182066053242,4.55857841553986,0,0,0,0,1.89049425451908,0
HERV_dup850,chr14,38190638,38196528,+,5891,0,0,0,0,0,0,0,0,3.08452818684488,0,0,0,0,0,3.69353340084359,11.5584854565621,7.76889022561697,0,0,58.5515689941521,0,0,0,0,0,0,0,107.064278872574,0.382248234616723,2.72815856388789,0,0,13.2612886980451,0,0,0,0,0,4.71501962578314,2.08962846344386,0,0,3.23734248393636,0,0,0,7.01383266278451,0,0,0,0,1.2516473984203,0,3.35574362965627,0,0,0,0,10.6435113034973,0,23.7907112753132,0,10.9648666762106,0
HERV_dup851,chr14,39893312,39899665,+,6354,0,0,0,1.30538759375927,0,3.95581722548597,13.5654660262913,1.5128951734354,4.1127042491265,2.27725554054917,117.478278548787,0,0,14.8136680034434,0,0,0,0,26.407439029939,0,0,0,45.2659300835774,0.909333394207423,0,0,0,0,1.52899293846689,0,0,2.07292838917782,23.207255221579,36.7476769634174,0,2.22121182246141,4.45380199371345,1.85338744036643,5.65802355093977,1.3930856422959,8.26119958224823,0,2.42800686295227,5.04550756303192,13.348102819579,0,4.67588844185634,6.03164828535336,0,0,0,0,22.233813337549,3.35574362965627,0,13.6952587581,0,0,0,0,15.6802415223655,0,4.53718621084578,0
HERV_dup852,chr1,44050264,44062023,+,11760,33.7449791369317,0,13.9202870899123,16.9700387188705,0,11.0762882313607,3.87584743608322,7.56447586717702,8.225408498253,2.27725554054917,0,11.2699083827203,0,2.1162382862062,2.6382381434597,1.92641424276034,0,15.3161021809711,2.03134146384146,0,0,9.72320908629552,21.794707077278,3.18266687972598,6.5430636745256,1.31409088300441,0,8.53886886713778,3.82248234616723,0,19.9840888366655,13.9922666269503,0,14.699070785367,40.8619301026655,13.3272709347684,6.68070299057017,4.86514203096187,21.2175883160241,4.17925692688771,4.95671974934894,0,5.66534934688862,1.68183585434397,1.40506345469252,21.2144113720544,6.34584859966218,1.20632965707067,0,0,2.5905849589935,27.5362427652466,3.17625904822128,14.7652719704876,0,0,4.75804767815175,8.66129898952573,27.4957375340346,4.69968171526627,8.65116773647753,0,7.94007586898012,0
HERV_dup86,chr10,63985779,63991266,+,5488,0,0,5.8001196207968,0,0,0,0,36.3094841624497,8.225408498253,1.13862777027459,0,0,0,0,5.80412391561135,0,0,0.875205838912637,0,0,0,0,0,10.9120007304891,9.16028914433583,0,5.5993616480057,0,6.49821998848429,0,0,0,3.31532217451128,0,0,2.22121182246141,15.2701782641604,104.484716950657,12.2590510270362,22.2893702767345,131.353073357747,67.6180443428385,54.225486605934,22.7047840336436,15.4556980016177,0,22.043474083037,27.7455821126254,11.3167254248163,0,0,0,0,4.02689235558753,0,4.18466239830833,0,14.1315930881736,0,3.52476128644971,0,0,0,0
HERV_dup870,chr14,48252816,48260686,-,7871,0,0,12.760263165753,0,0,1.58232689019439,0,6.05158069374162,3.08452818684488,0,0,0,81.6943536883912,0,0,0,62.1511218049358,0,28.4387804937804,95.8116583540671,2.69541888763566,0,0,0,0,0,0,257.479738147539,0.382248234616723,0,0,0,56.3604769666918,11.7592566282936,0,1.1106059112307,16.2245644056704,0,19.8030824282892,3.48271410573976,14.044039289822,0.504612271215213,2.42800686295227,0,0,0,1.0019760946835,0,0,0,0,2.5032947968406,0,2.01344617779376,0,30.814332205725,0,11.3964460388496,0,0,0,0,0,18.0831760153636
HERV_dup872,chr14,50545020,50554799,+,9780,37.4944212632574,25.2936353813553,26.6805502556653,1.95808139063891,382.555233445474,17.4055957921383,94.9582621840389,30.2579034687081,7.19723243597138,29.6043220271392,269.221055007637,116.220930196803,0,90.9982463068667,23.2164956624454,40.4546990979672,34.9600060152764,7.00164671130109,119.849146366646,42.5829592684743,88.9488232919767,29.1696272588865,144.180369895839,12.2760008218002,18.3205782886717,45.336135463652,25.1971274160256,13.1367213340581,13.760936446202,57.2913298416456,18.5566539197608,19.1745875998949,49.7298326176692,39.6874911204908,29.1870929304753,43.3136305379974,16.2245644056704,3.93844831077866,77.7978238254218,13.930856422959,9.91343949869787,38.8551448835714,23.4707330085386,19.3411123249557,24.5886104571191,39.6914793412632,19.7055298621089,23.5234283128781,62.2419898364895,54.6044061320755,36.268189425909,18.7747109763045,47.6438857233192,2.01344617779376,61.0892451684576,22.8254312635,25.376254283476,86.6129898952573,36.365330286949,55.2212601543787,50.8256104518055,63.2724487461692,7.18387816717249,0
HERV_dup873,chr14,50893357,50901034,+,7678,95.6107742213063,281.843365677959,226.204665211075,111.610639266418,587.495537076978,79.9075079548165,158.909744879412,183.060315985684,142.916472657146,308.568125744413,68.5289958201259,193.701550328006,452.236600775023,378.80665323091,250.632623628672,42.3811133407276,14.5666691730318,127.780052481245,164.538658571158,111.780268079745,10.7816755505426,377.459962991062,274.948612359507,79.5666719931495,132.82419259287,250.991358653841,195.044430738865,257.479738147539,152.134797377456,218.252685111031,338.302075306409,199.001125361071,232.07255221579,38.2175840419541,176.581912229376,373.163586173516,450.788387506568,301.638805919636,340.424416981543,100.998709066453,175.137431143662,358.274712562801,320.496905909699,438.959157983777,75.17089482605,103.334713457427,168.999967969951,259.96404109873,177.295364988788,451.727359819897,51.81169917987,185.243814966204,308.097127677464,186.579345808889,0,68.4762937905,137.983382666401,97.553578092553,179.165773608871,41.1222150085799,229.255945016654,148.775757862614,224.212618585962,272.311356466652
HERV_dup876,chr14,52280717,52286570,+,5854,0,21.6802588983046,0,0,0,1.58232689019439,0,3.02579034687081,1.02817606228163,0,4.89492827286613,3.5218463696001,105.03559759936,67.7196251585984,5.27647628691941,664.612913752319,0,8.75205838912637,0,0,48.5175399774418,0.997252213979027,0,4.54666697103712,0,18.3972723620617,0.933226941334283,43.3511804023918,0,13.6407928194394,0,1.55469629188337,23.207255221579,0,0,12.2166650235377,19.4058515440372,3.47510145068705,0,2.08962846344386,16.5223991644965,7.06457179701298,4.85601372590454,7.56826134454787,7.02531727346261,0,12.3577051677632,0.603164828535336,13.2028463289523,0,0,0,57.172662867983,0.671148725931255,0,0.380423854391666,83.2658343676556,17.3225979790515,9.75655202820583,0,0,34.2013236465779,0,18.0831760153636
HERV_dup880,chr1,45513930,45529032,+,15103,67.4899582738633,61.4274002118629,29.000598103984,64.616685891084,15.1807632319633,79.1163445097193,63.9514826953732,77.9141014319233,62.7187397991792,84.2584550003193,0,38.7403100656011,265.506649487271,82.5332931620419,272.266176405042,206.126323975357,121.388909775265,191.670078721867,351.422073244572,143.717487531101,35.0404455392636,149.338519043359,65.384121231834,117.304007852758,78.5167640943072,84.101816512282,111.987232960114,88.6728690048923,304.651842989528,51.8350127138699,104.202748934042,82.9171355671129,245.333840913835,410.104074911738,271.439964253421,334.292379280442,34.9941585220342,110.97157299194,106.087941580121,83.5851385377542,87.5687155718312,227.075522046846,248.061367831623,165.660831652881,150.3417896521,108.809400263118,82.4960317956083,117.61714156439,54.6975062199454,0,119.166908113701,57.5757803273337,9.52877714466384,54.3630468004316,0,73.4218038975916,50.752508566952,255.280391270232,219.965900272277,244.383449193846,145.988455553058,75.2429120224715,45.7499609593616,0
HERV_dup882,chr14,57328587,57332180,-,3594,3.74944212632574,0,9.28019139327488,0,0,3.95581722548597,0,11.3467138007655,14.3944648719428,21.6339276352171,0,1.40873854784004,0,0,17.4123717468341,1.92641424276034,0,0.875205838912637,0,0,0,0,5.02954778706415,18.1866678841485,0,0,11.1987232960114,15.7640656008697,8.40946116156791,6.82039640971972,0,15.0287308215392,53.0451547921805,5.87962831414679,65.6709590935695,12.2166650235377,11.1345049842836,2.78008116054964,7.07252943867471,22.9859130978824,26.4358386631943,23.2121644758998,8.09335620984089,6.72734341737589,3.51265863673131,0,12.6916971993244,12.0632965707067,0,0,0,0,19.0575542893277,0.671148725931255,0,8.36932479661666,0,3.1910048908779,9.75655202820583,36.4225332933136,0,3.42013236465779,0.378098850903815,31.9114870859358
HERV_dup884,chr1,45753522,45762513,-,8992,11.2483263789772,32.5203883474568,0,0,0,0,3.87584743608322,6.05158069374162,0,14.8021610135696,0,1.40873854784004,0,0,0,0,0,0.437602919456318,0,0,0,5.73420023037941,0,0,36.6411565773433,0,4.66613470667141,0,11.8496952731184,16.3689513833273,0,10.3646419458891,0,0,0,6.66363546738422,5.09005942138679,1.85338744036643,0,1.3930856422959,2.47835987467447,13.1199190515955,2.83267467344431,5.04550756303192,5.62025381877009,0,0.333992031561167,4.22215379974735,0,0,0,1.2516473984203,0,7.3826359852438,0,0,0,0.455857841553986,19.5131040564117,0,0,42.7516545582224,0,0
HERV_dup890,chr1,46320505,46330515,+,10011,16.8724895684658,43.3605177966091,9.28019139327488,0,21.2530685247486,4.74698067058316,1.93792371804161,12.8596089742009,16.450816996506,27.32706648659,0,7.04369273920021,0,53.9640762982581,32.1865053502084,13.4848996993224,15.5377804512339,3.50082335565055,28.4387804937804,0,129.380106606512,26.676496723939,87.178828309112,17.7320011870447,5.23445093962048,31.5381811921057,17.7313118853514,13.1367213340581,25.9928799539372,9.54855497360761,9.99204441833276,24.8751406701339,0,41.1573981990275,4.3780639395713,14.4378768459991,6.04444556289682,20.1555884139849,14.1450588773494,24.3789987401783,19.0007590391709,19.1752663061781,16.1867124196818,21.0229481792997,11.9430393648864,29.4264415805917,8.34980078902918,20.5076041702014,15.0889672330884,0,25.905849589935,41.3043641478698,69.8776990608681,1.34229745186251,108.603102521702,27.3905175162,2.37902383907587,1.36757352466196,19.5131040564117,27.0231698627811,0.540697983529845,18.8107280056179,0.378098850903815,23.4017571963529
HERV_dup894,chr14,69811460,69818446,+,6987,11.2483263789772,21.6802588983046,0,0,0,0.791163445097193,0,1.5128951734354,7.19723243597138,21.6339276352171,0,0,11.6706219554845,22.2205020051651,10.0253049451469,7.70565697104138,0,0,0,0,48.5175399774418,0,0,0,0,29.5670448675991,0,3.28418033351453,0,0,0,0,29.8378995706015,0,18.971610404809,15.5484827572298,2.86315842453007,11.1203246421986,1.41450588773494,0,0,3.02767362729128,13.3540377462375,9.25009719889185,0,26.6890981777459,11.0217370415185,6.63481311388869,0,0,15.543509753961,21.2780057731451,0,0,0,0,0,0,3.54783710116576,1.17492042881657,0,23.9409265526046,0,0
HERV_dup899,chr14,70436467,70443159,-,6693,52.4921897685603,21.6802588983046,114.842368491777,46.9939533753338,92.6026557149759,117.092189874385,85.2686435938309,64.2980448710047,49.352450989518,231.141437365741,308.380481190566,83.8199435964824,0,11.6393105741341,235.330842396606,30.8226278841655,49.5266751883082,121.653611608856,249.855000052499,0,2.69541888763566,81.5253684927855,36.8833504384705,83.6586722670829,60.850492173088,95.9286344593216,33.5961698880342,80.7908362044574,84.4768598502958,113.218580401347,238.381631123082,93.8000096102965,245.333840913835,97.013867183422,8.7561278791426,102.175743833225,82.3953368836987,46.3346860091607,89.1138709273013,50.8476259438005,89.2209554882808,63.5811461731168,64.7468496787271,103.432905042154,40.7468401860832,168.346619275013,51.4347728604198,79.6177573666643,101.850528823347,4.96403692109777,36.268189425909,63.8340173194352,12.7050361928851,30.2016926669065,481.926267440055,9.13017250539999,28.5482860689105,97.097720250999,8.86959275291439,143.340292315621,59.476778188283,58.1422501991825,30.626006923209,75.5238527700481
HERV_dup900,chr14,70536593,70544307,+,7715,0,0,0,5.87424417191673,0,3.16465378038877,0,2.26934276015311,0,2.27725554054917,0,0,93.3649756438756,2.1162382862062,0,0,0,0,2.03134146384146,0,0,0,0,8.63866724497052,0,0,6.53258858933998,7.88203280043487,8.02721292695118,6.82039640971972,8.56460950142808,0,16.5766108725564,0,0,13.3272709347684,8.27134655975354,2.08506087041223,0,9.05505667492337,0,16.652204950102,16.9960480406659,15.1365226890957,0,15.739724566363,4.00790437873401,0,0,0,0,10.0131791873624,0,0,0,0,0,0,0,18.7987268610651,0,0,0,0
HERV_dup904,chr14,73702767,73715916,+,13150,82.4877267791663,75.8809061440659,125.282583809211,204.293158423326,206.4583799547,244.469504535033,67.8273301314564,162.636231144306,297.14288199939,97.9219882436144,195.797130914645,148.621916797124,300.518515353725,95.2307228792791,202.089041789013,117.511268808381,23.3066706768509,263.436957512704,77.1909756259754,0,105.121336617791,128.3962225498,114.003083173454,364.188024380073,115.812227039103,182.658632737612,285.56744404829,291.63521361609,146.401073858205,122.767135374955,114.194793352374,308.348097890201,62.9911213157143,164.62959279611,62.752249800522,111.06059112307,108.800020132143,142.479159478169,110.331459243325,253.541586897854,176.789671060112,152.89751817821,191.812542173229,163.978995798537,164.392424199025,37.6384717891289,171.337912190879,97.1095373941891,167.864760468108,230.000377344197,119.166908113701,32.5428323589278,47.6438857233192,79.8666983858193,644.830921222608,230.156431906958,94.3679456166764,174.593553315177,135.70476911959,71.6701461578107,148.151247487178,10.2603970939734,93.3904161732423,25.5291896687487
HERV_dup909,chr1,48208956,48214821,-,5866,14.997768505303,0,27.8405741798246,0,1.51807632319633,11.8674516764579,13.5654660262913,2.26934276015311,0,6.83176662164751,0,9.15680056096027,0,10.581191431031,6.85941917299523,5.77924272828103,16.5088917294361,10.5024700669516,0,0,0,2.99175664193708,21.794707077278,4.0920002739334,0,0,2.79968082400285,1.97050820010872,6.11597175386757,23.189347793047,0,3.62762468106119,16.5766108725564,0,18.971610404809,12.2166650235377,20.3602376855472,3.70677488073286,24.5181020540723,10.4481423172193,7.4350796240234,12.6153067803803,2.83267467344431,10.0910151260638,3.51265863673131,30.7951132820145,9.68576891527385,9.65063725656537,28.2918135620407,0,20.724679671948,6.25823699210149,63.5251809644256,9.39608216303757,6.7876939076064,0,0,3.64686273243189,6.20871492704007,10.5742838593491,0,0,7.18387816717249,4.25486494479144
HERV_dup913,chr1,48513245,48520256,-,7012,54.3669108317232,25.2936353813553,121.802512036733,60.7005231098062,139.663021734062,106.015901643024,58.1377115412483,110.441347660785,248.818607072153,129.803565811303,78.3188523658581,66.9150810224019,2.91765548887111,4.2324765724124,221.084356421923,0,0,125.154434964507,65.0029268429267,58.5515689941521,83.5579855167054,103.714230253819,87.178828309112,101.390673454128,49.072977558942,190.543178035639,247.305139453585,369.798705553736,147.165570327438,68.2039640971972,137.033752022849,139.404434172209,109.405631758872,0,40.8619301026655,65.5257487626115,95.7567428648391,82.2440676662602,77.7978238254218,78.7093387897186,223.052388720702,114.546985565853,154.178435797469,99.2283154062943,111.000012920709,43.7974944455318,48.0948525448081,45.2373621401502,24.5195717537686,0,0,26.2845953668263,41.2913676268766,36.913179926219,0,16.7386495932333,23.7902383907587,86.1571320537033,15.0783076799545,103.392997735858,50.8256104518055,22.2308603702757,12.4772620798259,22.3380409601551
HERV_dup916,chr15,101072781,101079317,+,6537,108.733821663446,79.4942826271167,351.487249020286,44.3831781878153,57.6869002814604,128.959641550843,575.563344258358,125.570299395139,236.480494324774,482.778174596424,9.78985654573227,135.238900592644,17.5059329332267,107.928152596516,753.480813772092,36.6018706124465,146.63780300852,116.839979494837,290.481829329329,194.284751662414,61.9946344156201,170.530128590414,130.768242463668,179.593345355966,334.350553768258,605.138851623529,707.386021531386,123.485180540146,291.65540301256,205.975971573536,625.21649360425,378.827663122247,16.5766108725564,73.4953539268349,10.2154825256664,39.9818128043053,44.5380199371345,55.369949780947,41.4921727068916,59.2061397975759,152.006072313367,39.3597571547866,60.2955037633146,84.0917927171986,48.474689186892,27.3734340284574,58.1146134916431,149.584877476763,88.6476824943942,0,0,85.1120230925803,34.9388495304341,42.2823697336691,0,63.5307836834083,175.254756145256,92.5391418354591,122.400379990219,90.4688730188758,165.453582960133,56.4321840168536,55.202432231957,97.8618937302032
HERV_dup924,chr15,24031446,24048289,+,16844,0,0,0,0,0,0,0,0.756447586717702,0,1.13862777027459,0,4.22621564352012,0,0,0,0,0,0,0,0,0,0,0,0,0,0,0,0,0,0,0,0,29.8378995706015,0,0,13.3272709347684,0,0,21.6890902786024,0,0,2.01844908486085,0.404667810492045,0.840917927171986,7.72784900080887,0,0,16.8886151989894,0,0,0,0,0,2.01344617779376,0,14.0756826124917,0,0,0,0,0,0,11.3429655271145,0
HERV_dup926,chr15,25636574,25643902,+,7329,539.919666190906,1727.19395889826,259.845359011697,131.844146969687,2832.73041908435,471.533413277927,777.107410934686,93.7995007529951,95.6203737921912,333.617936690454,1713.22489550315,214.128259271686,3469.09237626775,366.109223513673,175.706660354416,152.186725178067,368.051174438604,261.248942915422,574.869634267133,1277.48877805423,633.42343859438,166.790432787992,1254.033914908,154.586677015262,959.213134685452,261.504085717877,144.650175906814,235.14731187964,293.566644185643,407.859705301239,278.349808796413,172.571288399054,318.270928753083,198.437455602454,442.184457896701,46.6454482716895,137.431604377443,61.8568058222295,347.968448382796,52.2407115860964,87.5687155718312,106.47318922641,85.3849080138214,88.2963823530585,439.78486131876,273.050004433862,116.563219014847,295.550765982315,952.491056588703,117.482207132647,170.978607293571,211.52841033303,505.025188667183,54.3630468004316,13880.8340410551,94.3451158891333,396.503973179312,144.962793614167,185.374488535911,68.145384871361,275.215273616691,224.018669885086,99.8180966386072,1063.71623619786
HERV_dup927,chr15,34154938,34161986,-,7049,0,0,9.28019139327488,7.179631765676,0,0,0,9.83381862733013,10.2817606228163,4.55451108109834,127.268135094519,6.33932346528018,166.306362865653,0,3.69353340084359,5.77924272828103,0,8.31445546967005,0,0,0,0.249313053494757,0,0,0,0,1.86645388266857,0,14.9076811500522,15.0048721013834,0,0,23.207255221579,24.9884203351238,0,0,0.318128713836675,3.70677488073286,0,13.930856422959,0,0,1.61867124196818,7.56826134454787,4.21519036407757,6.84335850711434,6.34584859966218,0,22.6334508496326,6.61871589479703,0,2.5032947968406,12.7050361928851,0,0,13.3148349037083,0,5.92615194020182,5.32175565174863,0,31.9011810282609,37.6214560112357,3.78098850903815,0
HERV_dup928,chr1,53424309,53433243,+,8935,29.9955370106059,0,13.9202870899123,3.91616278127782,0,13.4497785666523,36.8205506427906,3.02579034687081,6.16905637368975,15.9407887838442,0,9.15680056096027,0,0,9.49765731645494,0,0,0,0,0,0,0,0,0,27.4808674330075,0,0,9.19570493384068,3.05798587693378,1.36407928194394,0,11.401106140478,0,38.2175840419541,48.1587033352843,19.9909064021527,1.59064356918337,7.64522319151151,13.2020549521928,2.78617128459181,6.60895966579858,14.129143594026,10.5213630727932,5.04550756303192,0,19.8457396706316,0,3.61898897121201,11.3167254248163,0,0,0,50.8201447715405,0,0,0,0,15.9550244543895,37.2522895622404,0,0,22.2308603702757,8.69627357078775,0
HERV_dup93,chr10,6824179,6833641,-,9463,290.581764790245,462.512189830497,354.967320792764,373.340851815152,604.194376632138,227.855072187992,397.27436219853,357.043260930755,90.479493480783,214.062020811622,416.068903193621,676.19450296322,107.953253088231,394.678440377457,217.39082302108,146.407482449786,126.244466166276,242.4320173788,192.977439064939,295.41927992504,525.606683088953,138.36874468959,313.508478726999,34.1000022827784,353.325438424382,234.565222616286,342.494287469682,244.343016813481,248.079104266253,181.422544498545,381.12512281355,314.04865096044,553.658803143384,235.185132565872,307.923830416515,378.71661572967,1052.05165665788,315.307538292339,1164.60984756844,571.165113341321,583.240690506725,637.325298544814,701.693983393205,503.70983837602,1548.37992707116,691.179209218548,609.869449630692,723.797794242403,705.409218146881,886.907929902802,160.616267457597,342.951387167162,412.913676268766,289.936249602302,0,70.3784130624583,758.908604665204,622.245953721191,863.898334133862,193.861870754734,1159.25647668799,557.48157543922,332.726988795357,323.36973580415
HERV_dup930,chr15,37236215,37244325,-,8111,0,0,1.16002392415936,0,0,0,0,3.02579034687081,0,0,0,13.3830162044804,0,0,0,0,0,0,0,0,0,0,0,0,0,16.4261360375551,0.933226941334283,0,4.20473058078395,0,0,0,49.7298326176692,0,2.91870929304753,34.4287832481518,62.0350991981515,24.0940367247636,77.3263218628435,0,1.65223991644965,9.08302088187383,109.260308832852,34.4776350140514,14.0506345469252,35.5854642369946,21.0414979883535,8.4443075994947,101.850528823347,0,0,1.2516473984203,0,0,0,0,0,0,0,0,0,0,0,0
HERV_dup933,chr15,41126739,41145615,+,18877,0,0,2.32004784831872,13.0538759375927,34.9157554335155,6.32930756077755,0,3.78223793358851,0,5.69313885137293,0,0,0,20.1042637189589,7.91471443037911,36.6018706124465,0,0.437602919456318,10.1567073192073,0,5.39083777527132,13.7122179422116,5.02954778706415,4.0920002739334,0,12.4838633885419,1.86645388266857,5.91152460032615,0.764496469233446,2.72815856388789,11.4194793352374,0,29.8378995706015,0,0,3.33181773369211,2.22690099685672,3.93844831077866,12.7305529896145,5.57234256918361,13.2179193315972,5.55073498336734,3.6420102944284,0,7.02531727346261,0,0,6.03164828535336,13.2028463289523,0,44.0399443028895,7.50988439052179,0,0,6.7876939076064,18.2603450108,1.58601589271725,0.455857841553986,10.6435113034973,0,0,27.3610589172624,15.5020528870564,0
HERV_dup934,chr15,41587554,41592735,+,5182,0,43.3605177966091,4.64009569663744,1.95808139063891,1.51807632319633,11.0762882313607,1.93792371804161,6.05158069374162,0,14.8021610135696,0,0,20.4235884220978,16.9299062896496,3.69353340084359,0,0,6.56404379184477,0,2.66143495427964,0,16.9532876376435,0,2.72800018262227,0,0,0,0,0,4.09223784583183,0,0,0,1.4699070785367,24.809028990904,2.22121182246141,0,10.4253043520612,2.35750981289157,8.35851385377542,0.826119958224823,3.02767362729128,9.71202745180907,3.36367170868794,0,22.5830830734773,1.0019760946835,0,0,0,0,6.25823699210149,0,1.34229745186251,0,16.3582257388417,0,12.7640195635116,3.54783710116576,0,34.6046709459101,5.13019854698669,1.89049425451908,0
HERV_dup935,chr15,42884920,42891609,+,6690,0,0,0,0,0,2.37349033529158,0,0,1.02817606228163,13.663533243295,0,9.15680056096027,40.8471768441956,0,4.74882865822747,9.63207121380172,0,0,69.0656097706096,0,0,3.98900885591611,0,0,0,0,0,6.56836066702906,2.29348940770034,0,0,10.8828740431836,0,19.1087920209771,39.4025754561417,5.55302955615352,0,3.70677488073286,12.2590510270362,2.08962846344386,0,3.53228589850649,6.87935277836476,0.840917927171986,0,0,0,0,0,0,0,0,0,0,0,0,0,3.64686273243189,0,0,0,0,0,0
HERV_dup939,chr15,45234723,45243038,-,8316,31.8702580737688,224.029341949147,25.5205263315059,32.6346898439818,141.181098057258,75.1605272842334,27.1309320525826,102.12042420689,89.4513174185014,31.8815775676884,0,11.9742776566403,0,61.3709102999798,28.4929719493648,25.0433851558845,28.1622270678615,76.1429079853994,50.7835365960365,0,0,19.446418172591,16.7651592902138,44.10266961906,36.6411565773433,12.4838633885419,164.247941674834,112.318967406197,30.5798587693378,27.2815856388789,1.42743491690468,26.4298369620172,26.5225773960902,20.5786990995138,0,23.3227241358448,122.161426113283,24.5573835848552,90.0568748524579,192.245818636835,92.5254353211801,28.2582871880519,91.05025736071,32.7957991597074,33.7215229126205,44.4818302962432,21.7094820514759,17.4917800275247,77.3309570695779,0,20.724679671948,16.2714161794639,82.5827352537533,46.3092620892566,0,23.966702826675,89.6098979385246,39.6596322151968,26.6087782587432,12.9241247169823,0,5.13019854698669,15.5020528870564,0
HERV_dup94,chr10,68861205,68868534,-,7330,65.6152372107004,39.7471413135584,41.7608612697369,35.2454650315004,0,32.4377012489849,31.0067794886658,4.53868552030621,3.08452818684488,5.69313885137293,83.2137806387242,41.5577871612812,58.3531097774223,6.3487148586186,57.5135915274216,21.1905566703638,6.79777894741485,52.0747474153019,0,0,43.1267022021705,11.7177135142536,16.7651592902138,0.909333394207423,43.8385266193215,34.1663629581145,4.66613470667141,18.3914098676814,26.7573764231706,60.0194884055335,14.2743491690468,28.5027653511951,26.5225773960902,145.520800775133,122.585790307996,41.092418715536,48.6736932170112,12.0470183623818,78.7408277505784,27.8617128459181,9.91343949869787,13.1199190515955,5.26068153639658,16.8183585434397,52.6898795509696,0,13.3596812624467,19.3012745131307,43.3807807951291,0,7.7717548769805,51.3175433352322,60.3489219162043,14.0941232445564,0,3.423814689525,5.55105562451037,60.6290929266801,34.5914117363661,0,30.8197850612012,73.5328458401426,26.8450184141709,34.0389195583315
HERV_dup940,chr1,54631351,54639598,+,8248,534.295503001418,1499.55124046607,316.686531295505,105.083701297621,672.507811175973,211.240639840951,1246.08495070076,331.324042982354,303.31193837308,319.954403447158,934.931300117431,255.686046432967,647.719518529387,733.276566170449,895.418025890224,743.595897705493,1279.9246646704,395.593039188512,755.659024549023,1338.70178200266,673.854721908914,229.368009215176,1037.76336006424,118.213341246965,283.968963474411,603.824760740524,470.346378432478,428.913951556998,706.776985806321,703.864909483075,542.425268423779,406.812196376148,991.281330178873,295.451322785876,2034.34037725413,326.518137901827,256.093614638523,182.095316016002,415.864730994073,162.294477327473,248.662107425672,330.016425374749,261.415405577861,222.843250700576,506.525375416654,622.745624147405,289.905083395093,158.029185076258,369.679697210665,1275.75748872213,1028.46222872042,602.042398640163,1565.89571077309,166.444884030951,7038.83858218784,272.383479744433,727.188286810859,645.494703640444,1331.32587221245,572.186248833669,928.378437720745,1020.90951085035,193.586611662753,602.063389687989
HERV_dup949,chr15,50867393,50875568,-,8176,33.7449791369317,68.6541531779644,32.4806698764621,22.1915890939076,37.9519080799082,34.0200281391793,1.93792371804161,61.2722545241339,46.2679228026731,31.8815775676884,34.2644979100629,21.8354474915206,0,39.1504082948147,23.2164956624454,9.63207121380172,27.1911157896594,19.254528456078,44.6895122045121,0,37.7358644268992,56.344750089815,48.6189619416201,56.3786704408602,13.0861273490512,15.1120451545507,21.4642196506885,30.8712951350366,13.760936446202,12.2767135374955,7.1371745845234,50.2685134375622,3.31532217451128,47.0370265131743,64.2116044470457,17.7696945796913,35.6304159497076,47.4930531593897,15.5595647650844,56.4199685129841,38.0015180783418,18.1660417637477,26.3034076819829,22.7047840336436,22.4810152750804,77.329951130392,75.816191164385,28.9519117696961,24.5195717537686,246.547167081189,31.087019507922,27.5362427652466,66.7014400126469,21.4767592298002,0,27.0100936618083,16.6531668735311,25.0721812854692,26.6087782587432,5.87460214408284,25.4128052259027,8.55033091164448,7.94007586898012,0
HERV_dup954,chr15,55304905,55312434,-,7530,48.7427476422346,36.1337648305076,31.3206459523027,33.9400774377411,150.289555996436,24.526066798013,1.93792371804161,57.4900165905454,27.7607536816039,62.6245273651022,24.4746413643307,27.4704016828808,0,102.637556881001,92.8659826497816,36.6018706124465,94.1977939856058,21.4425430533596,36.5641463491463,0,78.1671477414341,43.8790974150772,57.0015415867271,49.5586699843046,20.2834973910293,78.1884075387621,55.0603895387227,64.3699345368848,34.7845893501218,55.9272505597017,51.3876570085685,59.5966911888624,129.29756480594,251.354110429775,32.1058022235229,127.719679791531,34.0397723805242,32.8976270665041,91.9428827027712,25.0755415613263,76.0030361566837,56.0119621048886,48.1554694485533,75.6826134454787,66.0379823705486,78.0142869811035,57.780621460082,70.5702849386343,54.6975062199454,110.86349123785,62.174039015844,56.3241329289134,34.9388495304341,22.8190566816627,0,73.4218038975916,26.9622701761932,5.47029409864783,50.556678691612,51.696498867929,31.360483044731,58.1422501991825,37.4317862394777,248.909599270299
HERV_dup956,chr15,55510818,55517096,-,6279,31.8702580737688,28.9070118644061,3.48007177247808,1.95808139063891,30.3615264639265,15.0321054568467,11.6275423082497,6.05158069374162,5.14088031140813,15.9407887838442,93.0036371844565,20.4267089436806,72.9413872217778,207.391352048208,44.322400810123,19.2641424276034,25.2488932332552,18.8169255366217,24.3760975660975,5.32286990855929,91.6442421796124,3.98900885591611,1.67651592902138,5.00133366814083,21.5921101259345,21.6824995695727,6.53258858933998,11.1662131339494,4.20473058078395,43.6505370222062,0,12.9558024323614,205.549974819699,72.0254468482982,109.451598489283,41.092418715536,30.5403565283208,2.31673430045803,33.005137380482,9.05505667492337,7.4350796240234,2.52306135607606,11.7353665042693,18.5001943977837,17.5632931836565,28.0577698791688,12.023713136202,10.2538020851007,18.8612090413605,0,145.072757703636,26.2845953668263,12.7050361928851,0,20.3630817228192,15.2169541756667,20.6182066053242,6.3820097817558,29.2696560846175,12.9241247169823,52.447704402395,22.2308603702757,9.45247127259538,125.518515871348
HERV_dup966,chr15,82370838,82383623,-,12786,93.7360531581435,278.229989194908,92.8019139327488,30.6766084533429,103.22918997735,78.3251810646221,63.9514826953732,18.1547420812249,29.8171058061671,68.3176662164751,308.380481190566,60.5757575571218,212.988850687591,157.659752322362,64.9006583291087,78.9829839531741,81.5733473689782,66.9532466768167,184.852073209573,85.1659185369486,48.5175399774418,54.5995587153517,63.7076053028126,107.301340516476,126.935435285797,55.191817086185,28.9300351813628,21.018754134493,30.9621070039546,34.1019820485986,87.0735299311855,118.156918183136,149.189497853008,41.1573981990275,122.585790307996,29.986359603229,44.2198912232978,90.1209642878176,121.647506345205,36.2202266996935,29.7403184960936,44.9104921381539,24.2800686295227,39.5231425770833,16.8607614563103,45.1661661469546,65.4624381859888,31.9677359123728,60.3558689323535,1600.07456756718,116.576323154707,147.694393013595,146.107916218179,36.2420312002878,1506.86804748862,73.4218038975916,68.1986833868417,67.0111027084359,98.4524795573497,97.5183955917752,186.000106334267,140.22542695097,23.8202276069404,153.175138012492
HERV_dup967,chr15,82487849,82495623,+,7775,0,0,4.64009569663744,1.30538759375927,65.2772818974421,0,0,4.53868552030621,1.02817606228163,17.0794165541188,4.89492827286613,0,75.8590427106489,1.0581191431031,0,40.4546990979672,22.3355593986488,0,97.50439026439,444.4596373647,132.075525494147,4.98626106989514,41.9128982255346,5.45600036524454,0,5.91340897351982,12.1319502373457,5.25468853362325,3.82248234616723,45.0146163041501,4.28230475071404,25.3933727674283,9.94596652353384,14.699070785367,2.91870929304753,0,3.8175445660401,3.47510145068705,4.71501962578314,5.57234256918361,0.826119958224823,0,2.42800686295227,15.9774406162677,0,11.6337094620944,0.667984063122335,3.01582414267668,1.88612090413605,0,2.5905849589935,0,0,0,631.255533407396,0,47.5804767815175,15.4991666128355,4.4347963764572,46.9968171526627,0,0,0,0
HERV_dup968,chr15,82702480,82708397,+,5918,3.74944212632574,46.9738942796599,19.7204067107091,4.56885657815745,0,26.8995571333046,23.2550846164993,17.3982944945072,10.2817606228163,43.2678552704342,0,10.5655391088003,11.6706219554845,22.2205020051651,15.3017812320663,34.6754563696862,0.971111278202122,6.12644087238846,12.1880487830488,0,8.08625666290697,51.8571151269094,92.2083760961762,15.0040010044225,30.0980929028177,0,25.1971274160256,16.4209016675726,33.2555964116549,19.0971099472152,1.42743491690468,1.55469629188337,36.4685439196241,13.2291637068303,91.9393427309973,52.198477827843,19.7239802578738,27.5691381754506,43.8496825197832,42.4891120900251,9.08731954047305,40.8735939684322,31.1594214078874,19.3411123249557,13.348102819579,3.42167925355717,22.7114581461594,21.7139338272721,15.0889672330884,0,0,10.0131791873624,82.5827352537533,33.5574362965627,0,90.9213011996083,11.8951191953794,30.998333225671,34.5914117363661,4.69968171526627,28.116295143552,53.0120516521958,30.626006923209,61.6955416994759
HERV_dup969,chr15,84160004,84162547,+,2544,28.120815947443,65.0407766949137,27.8405741798246,37.2035464221393,507.037491947573,47.4698067058316,23.2550846164993,15.128951734354,26.7325776193223,28.4656942568646,24.4746413643307,37.3315715177611,0,62.4290294430829,96.0318684219332,7.70565697104138,54.3822315793188,26.2561751673791,119.849146366646,489.704031587454,159.029714370504,13.7122179422116,73.7667008769409,20.460001369667,72.6280067872341,34.1663629581145,50.3942548320513,39.4101640021744,44.3407952155399,36.8301406124865,39.9681776733311,29.0209974484895,92.8290208863159,69.0856326912248,33.5651568700466,39.9818128043053,20.9964951132205,9.03526377178634,43.3781805572049,19.5031989921427,131.353073357747,53.9935130200278,28.7314145449352,21.8638661064716,30.2088642758892,38.3228076398403,3.33992031561167,21.1107689987368,28.2918135620407,0,0,8.76153178894209,6.35251809644256,1.34229745186251,0,15.5973780300583,0,22.7928920776993,11.5304705787887,0,24.331409258843,13.6805294586312,0,0
HERV_dup975,chr15,88540526,88546659,+,6134,11.2483263789772,0,10.4402153174342,0,0,5.53814411568035,3.87584743608322,6.05158069374162,0,7.9703943919221,0,0,49.6001433108089,3.1743574293093,1.58294288607582,0,0,0,0,2.66143495427964,0,0.498626106989514,0,0.454666697103712,0,22.3395450110749,0,0,6.11597175386757,4.09223784583183,4.28230475071404,0,16.5766108725564,0,0,3.33181773369211,1.2725148553467,2.31673430045803,5.18652158836145,6.96542821147952,10.7395594569227,2.52306135607606,0.809335620984089,2.52275378151596,0,0,3.00592828405051,1.20632965707067,22.6334508496326,0,0,13.7681213826233,0,2.01344617779376,0,0.380423854391666,0,0,0,21.1485677186982,18.9244294235446,13.6805294586312,0,0
HERV_dup977,chr15,88556218,88562877,-,6660,0,0,4.64009569663744,10.4431007500742,0,15.0321054568467,0,7.56447586717702,6.16905637368975,1.13862777027459,0,0,29.1765548887111,0,6.85941917299523,0,0.971111278202122,9.18966130858268,0,0,0,0,11.7356115031497,0.909333394207423,0,0,9.33226941334283,23.6460984013046,9.17395763080135,4.09223784583183,0,0,0,0,0,0,0.636257427673349,1.62171401032062,0,11.8412279595152,0,0,0.809335620984089,5.04550756303192,0,0,1.33596812624467,0,0,0,0,0,0,0.671148725931255,0,21.3037358459333,0,0,0.886959275291439,0,0,0,5.67148276355723,0
HERV_dup979,chr15,89462980,89470416,+,7437,69.3646793370262,50.5872707627106,18.5603827865498,21.538895297028,7.59038161598163,30.0642109136933,75.5790250036228,40.8481696827559,26.7325776193223,43.2678552704342,4.89492827286613,41.5577871612812,195.482917754365,45.4991231534333,44.322400810123,5.77924272828103,22.3355593986488,16.1913080198838,16.2507317107317,0,0,22.1888617610334,13.4121274321711,50.0133366814083,63.4677176428983,24.3106813355815,42.928439301377,52.5468853362325,26.7573764231706,45.0146163041501,54.2425268423779,47.6773529510899,192.288686121654,97.013867183422,217.443842332041,53.3090837390737,55.3543962075814,65.7952541330082,85.3418552266748,58.509596976428,69.3940764908851,56.0119621048886,93.0735964131703,43.7277322129433,80.0886169174738,95.8070190996007,34.4011792508002,58.5069883679276,122.597858768843,521.223876715266,80.3081337287985,72.5955491083773,44.4676266750979,10.0672308889688,0,71.5196846256333,85.6448582067315,61.5408086097881,44.347963764572,11.7492042881657,57.8546842376935,107.734169486721,21.9297333524213,36.1663520307273
HERV_dup980,chr15,90132899,90139381,+,6483,493.051639611835,986.451779872857,389.768038517545,99.8621509225843,312.723722578443,128.959641550843,333.322879503157,170.957154598201,54.4933313009262,183.319071014208,978.985654573226,369.089499534091,0,574.558694704984,401.012197805875,61.645255768331,203.933368422446,176.791579460353,591.120365977864,465.751116998938,404.312833145349,122.66202231942,343.685765449384,52.7413368640305,271.537142492812,213.539768488216,140.917268141477,92.6138854051097,116.967959792717,346.476137613762,699.443109283294,273.108315274178,808.938610580753,1071.56226025325,529.745736688127,495.330236408894,475.602427185829,191.593926647879,640.29966518135,145.577449619922,174.311311185438,125.143843261373,220.948624528656,379.253985154566,748.196289623768,1176.37332737295,353.363569391715,489.166675942157,248.967959345958,241.583130160092,380.815988972044,864.888352308426,1156.15829355255,261.076854387258,0,44.509590963825,400.469012911106,365.142131084743,419.531737212851,218.535199759882,333.610655837915,928.565937004591,155.776726572372,36.1663520307273
HERV_dup981,chr15,92207154,92214974,+,7821,0,0,6.96014354495616,0,0,5.53814411568035,0,3.02579034687081,0,5.69313885137293,0,0,0,0,0,0,0,0,0,0,0,0,0,8.63866724497052,0,0,13.9984041200142,5.91152460032615,2.67573764231706,0,0,0,3.31532217451128,0,0,0,3.8175445660401,2.78008116054964,0,2.08962846344386,2.47835987467447,9.08302088187383,0.404667810492045,0,0,0,0,0,0,0,0,0,0,0,0,5.32593396148333,0,0,11.5304705787887,0,0,15.3905956409601,3.40288965813434,13.8283110705722
HERV_dup982,chr15,92296206,92306258,+,10053,0,0,4.64009569663744,0,86.5303504221906,38.7670088097625,29.0688557706242,3.78223793358851,0,3.41588331082376,0,0,0,0,1.05529525738388,0,0,2.62561751673791,0,0,0,8.47664381882173,25.1477389353208,16.8226677928373,12.4318209815986,0,13.9984041200142,5.25468853362325,20.641404669303,0,2.85486983380936,0,33.1532217451128,0,0,0,1.90877228302005,0,14.6165608399277,1.3930856422959,0,15.6429804076716,6.47468496787271,0,4.91772209142383,0,3.67391234717284,4.22215379974735,1.88612090413605,0,0,0,0,0,0,0,0,0,0,0,0,0,10.5867678253068,0
HERV_dup990,chr16,10441848,10447614,-,5767,33.7449791369317,3.61337648305076,6.96014354495616,10.4431007500742,65.2772818974421,50.6344604862204,1.93792371804161,13.6160565609186,4.1127042491265,23.9111831757663,0,13.3830162044804,46.6824878219378,28.5692168637837,99.7254018227768,102.099954866298,44.6711187972976,11.8152788253206,30.4701219576219,0,35.0404455392636,3.98900885591611,21.794707077278,20.0053346725633,34.0239311075331,7.88454529802643,31.7297160053656,49.9195410694208,3.44023411155051,1.36407928194394,41.3956125902357,6.21878516753347,89.5136987118046,16.1689778639037,147.3948192989,44.4242364492281,26.7228119622807,20.3872618440307,20.2745843908675,22.9859130978824,19.8268789973957,37.3413080699258,30.3500857869033,10.0910151260638,38.6392450040444,69.1179209218548,13.3596812624467,30.7614062553021,18.8612090413605,0,28.4964345489285,35.0461271557683,53.9964038197617,4.02689235558753,0,0,7.13707151722762,9.11715683107972,10.6435113034973,9.39936343053255,21.6279193411938,37.6214560112357,33.2726988795357,67.0141228804652
